Date,Open,High,Low,Close,Adj Close,Volume
1993-03-25,9.666666984558105,9.708333015441895,9.458333015441895,9.541666984558105,5.17836332321167,20047500
1993-03-26,9.541666984558105,9.708333015441895,9.5,9.583333015441895,5.200977802276611,5826000
1993-03-29,9.5,9.583333015441895,9.416666984558105,9.458333015441895,5.133137226104736,2249400
1993-03-30,9.416666984558105,9.458333015441895,9.333333015441895,9.458333015441895,5.133137226104736,2520900
1993-03-31,9.416666984558105,9.708333015441895,9.416666984558105,9.666666984558105,5.246201515197754,2130900
1993-04-01,9.625,9.666666984558105,9.541666984558105,9.541666984558105,5.17836332321167,1686300
1993-04-02,9.541666984558105,9.541666984558105,9.5,9.5,5.1557536125183105,1596000
1993-04-05,9.458333015441895,9.458333015441895,9.375,9.375,5.087911605834961,1044300
1993-04-06,9.416666984558105,9.5,9.416666984558105,9.5,5.1557536125183105,458100
1993-04-07,9.5,9.875,9.5,9.708333015441895,5.2688164710998535,632100
1993-04-08,9.666666984558105,9.75,9.625,9.625,5.223587512969971,1555500
1993-04-12,9.625,9.666666984558105,9.5,9.541666984558105,5.17836332321167,980100
1993-04-13,9.5,9.583333015441895,9.5,9.583333015441895,5.200977802276611,4521000
1993-04-14,9.583333015441895,9.625,9.541666984558105,9.541666984558105,5.17836332321167,385200
1993-04-15,9.583333015441895,9.708333015441895,9.541666984558105,9.666666984558105,5.246201515197754,479100
1993-04-16,9.666666984558105,9.75,9.666666984558105,9.708333015441895,5.2688164710998535,317400
1993-04-19,9.625,9.708333015441895,9.583333015441895,9.666666984558105,5.246201515197754,189900
1993-04-20,9.666666984558105,9.666666984558105,9.416666984558105,9.416666984558105,5.110524654388428,1680000
1993-04-21,9.416666984558105,9.458333015441895,9.416666984558105,9.458333015441895,5.133137226104736,440400
1993-04-22,9.416666984558105,9.458333015441895,9.375,9.416666984558105,5.110524654388428,390900
1993-04-23,9.458333015441895,9.458333015441895,9.333333015441895,9.458333015441895,5.133137226104736,700800
1993-04-26,9.416666984558105,9.416666984558105,9.166666984558105,9.166666984558105,4.974849224090576,1038300
1993-04-27,9.166666984558105,9.208333015441895,9.166666984558105,9.208333015441895,4.997459411621094,604200
1993-04-28,9.208333015441895,9.208333015441895,9.166666984558105,9.166666984558105,4.974849224090576,815700
1993-04-29,9.208333015441895,9.25,9.166666984558105,9.166666984558105,4.974849224090576,477600
1993-04-30,9.208333015441895,9.541666984558105,9.208333015441895,9.541666984558105,5.17836332321167,1086600
1993-05-03,9.5,9.666666984558105,9.5,9.666666984558105,5.246201515197754,654600
1993-05-04,9.916666984558105,10.0,9.875,9.916666984558105,5.381881237030029,1054200
1993-05-05,10.25,10.583333015441895,10.208333015441895,10.583333015441895,5.743683815002441,1123500
1993-05-06,10.666666984558105,10.666666984558105,10.333333015441895,10.375,5.630621910095215,699600
1993-05-07,10.291666984558105,10.416666984558105,10.291666984558105,10.333333015441895,5.6080098152160645,197400
1993-05-10,10.333333015441895,10.375,10.166666984558105,10.333333015441895,5.6080098152160645,288900
1993-05-11,10.291666984558105,10.375,10.291666984558105,10.375,5.630621910095215,396000
1993-05-12,10.333333015441895,10.375,10.291666984558105,10.375,5.630621910095215,428400
1993-05-13,10.333333015441895,10.333333015441895,10.041666984558105,10.041666984558105,5.449717998504639,135300
1993-05-14,10.0,10.083333015441895,10.0,10.041666984558105,5.449717998504639,402600
1993-05-17,10.041666984558105,10.041666984558105,9.875,9.958333015441895,5.404491901397705,121800
1993-05-18,9.958333015441895,9.958333015441895,9.916666984558105,9.958333015441895,5.404491901397705,91200
1993-05-19,9.875,10.208333015441895,9.875,10.166666984558105,5.517557621002197,201600
1993-05-20,10.208333015441895,10.208333015441895,10.0,10.083333015441895,5.472330570220947,138900
1993-05-21,10.125,10.125,10.041666984558105,10.041666984558105,5.449717998504639,244500
1993-05-24,10.041666984558105,10.083333015441895,10.0,10.041666984558105,5.449717998504639,162600
1993-05-25,9.916666984558105,10.0,9.875,9.875,5.3592681884765625,30300
1993-05-26,9.916666984558105,9.916666984558105,9.583333015441895,9.666666984558105,5.246201515197754,139500
1993-05-27,9.75,9.833333015441895,9.625,9.625,5.223587512969971,398400
1993-05-28,9.666666984558105,9.666666984558105,9.5,9.541666984558105,5.17836332321167,262800
1993-06-01,9.541666984558105,9.625,9.458333015441895,9.5,5.1557536125183105,204000
1993-06-02,9.5,9.583333015441895,9.416666984558105,9.416666984558105,5.110524654388428,305700
1993-06-03,9.416666984558105,9.416666984558105,9.333333015441895,9.333333015441895,5.065298557281494,487800
1993-06-04,9.333333015441895,9.416666984558105,9.25,9.25,5.020073413848877,240300
1993-06-07,9.166666984558105,9.25,9.0,9.0,4.884393215179443,318600
1993-06-08,8.916666984558105,8.916666984558105,8.791666984558105,8.791666984558105,4.771330833435059,428700
1993-06-09,8.791666984558105,8.875,8.708333015441895,8.833333015441895,4.793942451477051,1035300
1993-06-10,8.791666984558105,8.833333015441895,8.708333015441895,8.791666984558105,4.771330833435059,211200
1993-06-11,8.666666984558105,8.75,8.625,8.666666984558105,4.703490257263184,1272600
1993-06-14,8.666666984558105,8.75,8.666666984558105,8.708333015441895,4.726105213165283,33300
1993-06-15,8.75,8.833333015441895,8.5,8.625,4.680877685546875,552600
1993-06-16,8.625,8.666666984558105,8.583333015441895,8.583333015441895,4.658267021179199,379500
1993-06-17,8.625,8.666666984558105,8.583333015441895,8.583333015441895,4.658267021179199,489900
1993-06-18,8.666666984558105,8.75,8.625,8.666666984558105,4.703490257263184,551700
1993-06-21,8.708333015441895,8.916666984558105,8.583333015441895,8.916666984558105,4.839170932769775,480300
1993-06-22,9.125,9.25,9.083333015441895,9.125,4.952230930328369,938700
1993-06-23,9.083333015441895,9.25,9.083333015441895,9.166666984558105,4.974849224090576,346200
1993-06-24,9.166666984558105,9.25,9.125,9.25,5.038394927978516,459300
1993-06-25,9.333333015441895,9.583333015441895,9.333333015441895,9.541666984558105,5.197262287139893,234900
1993-06-28,9.583333015441895,9.666666984558105,9.583333015441895,9.583333015441895,5.219958305358887,41400
1993-06-29,9.666666984558105,9.666666984558105,9.583333015441895,9.666666984558105,5.265347480773926,312000
1993-06-30,9.666666984558105,9.916666984558105,9.666666984558105,9.916666984558105,5.401524066925049,32700
1993-07-01,9.916666984558105,10.0,9.833333015441895,9.833333015441895,5.356130599975586,377700
1993-07-02,9.833333015441895,9.833333015441895,9.75,9.833333015441895,5.356130599975586,45000
1993-07-06,9.75,9.75,9.708333015441895,9.708333015441895,5.28804349899292,157800
1993-07-07,9.666666984558105,9.666666984558105,9.5,9.5,5.174569129943848,438000
1993-07-08,9.541666984558105,9.541666984558105,9.5,9.541666984558105,5.197262287139893,189900
1993-07-09,9.541666984558105,9.666666984558105,9.541666984558105,9.666666984558105,5.265347480773926,200400
1993-07-12,9.666666984558105,9.833333015441895,9.666666984558105,9.833333015441895,5.356130599975586,108000
1993-07-13,9.791666984558105,9.875,9.791666984558105,9.875,5.378825664520264,166500
1993-07-14,9.833333015441895,9.833333015441895,9.75,9.75,5.3107380867004395,1323300
1993-07-15,9.75,9.833333015441895,9.75,9.833333015441895,5.356130599975586,41100
1993-07-16,9.791666984558105,9.833333015441895,9.75,9.75,5.3107380867004395,75300
1993-07-19,9.833333015441895,9.833333015441895,9.75,9.75,5.3107380867004395,64200
1993-07-20,9.75,9.791666984558105,9.708333015441895,9.75,5.3107380867004395,89700
1993-07-21,9.625,9.666666984558105,9.583333015441895,9.583333015441895,5.219958305358887,61800
1993-07-22,9.583333015441895,9.625,9.458333015441895,9.458333015441895,5.151869297027588,27600
1993-07-23,9.416666984558105,9.5,9.416666984558105,9.416666984558105,5.129177570343018,48600
1993-07-26,9.416666984558105,9.5,9.333333015441895,9.5,5.174569129943848,60600
1993-07-27,9.416666984558105,9.583333015441895,9.375,9.375,5.10648250579834,52800
1993-07-28,9.291666984558105,9.416666984558105,9.291666984558105,9.416666984558105,5.129177570343018,75300
1993-07-29,9.5,9.5,9.375,9.458333015441895,5.151869297027588,48900
1993-07-30,9.416666984558105,9.416666984558105,9.375,9.375,5.10648250579834,3300
1993-08-02,9.375,9.458333015441895,9.333333015441895,9.333333015441895,5.083785533905029,113400
1993-08-03,9.375,9.541666984558105,9.375,9.5,5.174569129943848,67500
1993-08-04,9.5,9.625,9.458333015441895,9.625,5.242652893066406,123300
1993-08-05,9.666666984558105,9.75,9.666666984558105,9.75,5.3107380867004395,21600
1993-08-06,9.833333015441895,10.208333015441895,9.833333015441895,10.166666984558105,5.537693977355957,221100
1993-08-09,10.333333015441895,10.875,10.291666984558105,10.875,5.923515796661377,508200
1993-08-10,10.875,11.0,10.75,10.75,5.855431079864502,232800
1993-08-11,10.791666984558105,10.791666984558105,10.708333015441895,10.791666984558105,5.878126621246338,213600
1993-08-12,10.833333015441895,10.875,10.75,10.791666984558105,5.878126621246338,153600
1993-08-13,10.75,10.791666984558105,10.75,10.791666984558105,5.878126621246338,279000
1993-08-16,10.791666984558105,10.958333015441895,10.791666984558105,10.833333015441895,5.900822162628174,370500
1993-08-17,10.875,10.916666984558105,10.833333015441895,10.875,5.923515796661377,689700
1993-08-18,10.791666984558105,11.166666984558105,10.791666984558105,11.166666984558105,6.082385540008545,408300
1993-08-19,11.25,11.791666984558105,11.25,11.791666984558105,6.422817230224609,197100
1993-08-20,11.75,12.0,11.708333015441895,12.0,6.536294460296631,353700
1993-08-23,12.0,12.0,11.666666984558105,11.666666984558105,6.354728698730469,379200
1993-08-24,11.583333015441895,11.583333015441895,11.208333015441895,11.333333015441895,6.173163890838623,1358400
1993-08-25,11.375,11.5,11.333333015441895,11.458333015441895,6.241252422332764,549600
1993-08-26,11.416666984558105,11.5,11.416666984558105,11.458333015441895,6.241252422332764,600300
1993-08-27,11.458333015441895,11.458333015441895,11.375,11.375,6.19586181640625,103200
1993-08-30,11.375,11.541666984558105,11.375,11.541666984558105,6.286646366119385,188700
1993-08-31,11.541666984558105,11.625,11.541666984558105,11.583333015441895,6.309338092803955,68400
1993-09-01,11.583333015441895,11.625,11.5,11.625,6.332035541534424,149400
1993-09-02,11.625,11.666666984558105,11.541666984558105,11.583333015441895,6.35122537612915,280800
1993-09-03,11.5,11.583333015441895,11.5,11.541666984558105,6.3283796310424805,120900
1993-09-07,11.541666984558105,11.541666984558105,11.5,11.541666984558105,6.3283796310424805,172500
1993-09-08,11.458333015441895,11.583333015441895,11.458333015441895,11.458333015441895,6.282688617706299,20400
1993-09-09,11.375,11.416666984558105,11.333333015441895,11.375,6.236998081207275,540600
1993-09-10,11.333333015441895,11.333333015441895,11.291666984558105,11.291666984558105,6.191303730010986,19800
1993-09-13,11.333333015441895,11.333333015441895,11.166666984558105,11.25,6.168457508087158,53700
1993-09-14,11.208333015441895,11.25,11.166666984558105,11.166666984558105,6.122767925262451,54300
1993-09-15,11.166666984558105,11.291666984558105,11.166666984558105,11.25,6.168457508087158,247200
1993-09-16,11.291666984558105,11.291666984558105,11.208333015441895,11.208333015441895,6.145610809326172,218700
1993-09-17,11.166666984558105,11.25,11.166666984558105,11.166666984558105,6.122767925262451,216000
1993-09-20,11.25,11.25,11.166666984558105,11.166666984558105,6.122767925262451,792900
1993-09-21,11.125,11.125,10.833333015441895,10.916666984558105,5.98568868637085,1635300
1993-09-22,11.0,11.083333015441895,10.916666984558105,10.958333015441895,6.008531093597412,1178100
1993-09-23,10.916666984558105,11.125,10.916666984558105,11.083333015441895,6.077070713043213,1326000
1993-09-24,11.0,11.041666984558105,10.791666984558105,10.916666984558105,6.003743648529053,283800
1993-09-27,10.916666984558105,11.041666984558105,10.916666984558105,11.041666984558105,6.072490692138672,161400
1993-09-28,11.041666984558105,11.041666984558105,11.0,11.0,6.049572467803955,1001400
1993-09-29,11.0,11.041666984558105,11.0,11.0,6.049572467803955,89700
1993-09-30,10.958333015441895,11.041666984558105,10.958333015441895,11.041666984558105,6.072490692138672,20700
1993-10-01,11.041666984558105,11.041666984558105,10.958333015441895,11.041666984558105,6.072490692138672,600900
1993-10-04,11.083333015441895,11.25,11.083333015441895,11.25,6.187066555023193,161700
1993-10-05,11.25,11.25,11.125,11.166666984558105,6.141235828399658,104100
1993-10-06,11.166666984558105,11.166666984558105,11.125,11.125,6.118317604064941,537900
1993-10-07,11.125,11.125,10.958333015441895,11.0,6.049572467803955,170100
1993-10-08,11.0,11.083333015441895,11.0,11.083333015441895,6.095401287078857,277200
1993-10-11,11.041666984558105,11.083333015441895,11.041666984558105,11.041666984558105,6.072490692138672,25500
1993-10-12,11.083333015441895,11.125,11.041666984558105,11.083333015441895,6.095401287078857,72000
1993-10-13,11.083333015441895,11.083333015441895,11.0,11.0,6.049572467803955,224700
1993-10-14,11.083333015441895,11.083333015441895,11.041666984558105,11.041666984558105,6.072490692138672,107400
1993-10-15,11.083333015441895,11.166666984558105,11.041666984558105,11.083333015441895,6.095401287078857,798600
1993-10-18,11.166666984558105,11.291666984558105,11.166666984558105,11.291666984558105,6.209981441497803,172200
1993-10-19,11.333333015441895,11.666666984558105,11.333333015441895,11.5,6.324555397033691,274800
1993-10-20,11.541666984558105,11.583333015441895,11.416666984558105,11.458333015441895,6.30164098739624,283500
1993-10-21,11.458333015441895,11.458333015441895,11.291666984558105,11.375,6.2558112144470215,36000
1993-10-22,11.291666984558105,11.333333015441895,11.25,11.25,6.187066555023193,21000
1993-10-25,11.291666984558105,11.291666984558105,11.166666984558105,11.166666984558105,6.141235828399658,69900
1993-10-26,11.166666984558105,11.166666984558105,10.875,10.916666984558105,6.003743648529053,223800
1993-10-27,10.958333015441895,10.958333015441895,10.875,10.958333015441895,6.026658058166504,94800
1993-10-28,10.916666984558105,11.0,10.916666984558105,10.916666984558105,6.003743648529053,105600
1993-10-29,10.833333015441895,10.833333015441895,10.833333015441895,10.833333015441895,5.957913398742676,445200
1993-11-01,10.833333015441895,10.875,10.75,10.875,5.980832099914551,474000
1993-11-02,10.916666984558105,10.916666984558105,10.666666984558105,10.708333015441895,5.889169692993164,351600
1993-11-03,10.708333015441895,10.708333015441895,10.5,10.541666984558105,5.797507286071777,524700
1993-11-04,10.5,10.5,10.25,10.333333015441895,5.682932376861572,137100
1993-11-05,10.25,10.25,9.75,10.041666984558105,5.522529125213623,255900
1993-11-08,10.083333015441895,10.125,10.083333015441895,10.125,5.568356037139893,37800
1993-11-09,10.166666984558105,10.208333015441895,10.041666984558105,10.041666984558105,5.522529125213623,189000
1993-11-10,10.083333015441895,10.166666984558105,10.041666984558105,10.125,5.568356037139893,118800
1993-11-11,10.125,10.5,10.125,10.5,5.774593353271484,146400
1993-11-12,10.5,10.541666984558105,10.5,10.541666984558105,5.797507286071777,155400
1993-11-15,10.5,10.5,10.375,10.416666984558105,5.728763580322266,174300
1993-11-16,10.25,10.291666984558105,10.083333015441895,10.208333015441895,5.614187240600586,1303200
1993-11-17,10.041666984558105,10.125,10.0,10.083333015441895,5.545439720153809,614700
1993-11-18,10.083333015441895,10.083333015441895,10.0,10.0,5.4996113777160645,554700
1993-11-19,10.0,10.0,9.916666984558105,10.0,5.4996113777160645,150300
1993-11-22,10.0,10.0,9.875,9.875,5.430868625640869,73800
1993-11-23,9.875,9.916666984558105,9.791666984558105,9.916666984558105,5.453783988952637,317100
1993-11-24,9.833333015441895,9.833333015441895,9.708333015441895,9.75,5.36212158203125,193200
1993-11-26,9.791666984558105,9.791666984558105,9.708333015441895,9.708333015441895,5.339208126068115,16800
1993-11-29,9.75,9.875,9.75,9.75,5.36212158203125,71700
1993-11-30,9.666666984558105,9.708333015441895,9.666666984558105,9.708333015441895,5.339208126068115,243000
1993-12-01,9.708333015441895,9.791666984558105,9.708333015441895,9.791666984558105,5.385037422180176,222600
1993-12-02,9.791666984558105,10.0,9.791666984558105,9.875,5.430868625640869,234300
1993-12-03,9.875,9.916666984558105,9.833333015441895,9.916666984558105,5.453783988952637,176400
1993-12-06,9.916666984558105,9.916666984558105,9.833333015441895,9.875,5.430868625640869,44100
1993-12-07,9.875,9.958333015441895,9.833333015441895,9.916666984558105,5.453783988952637,126000
1993-12-08,9.916666984558105,10.083333015441895,9.916666984558105,10.083333015441895,5.545439720153809,119100
1993-12-09,10.083333015441895,10.083333015441895,9.916666984558105,9.958333015441895,5.4766974449157715,384000
1993-12-10,9.958333015441895,9.958333015441895,9.791666984558105,9.833333015441895,5.407953262329102,75900
1993-12-13,9.75,9.833333015441895,9.75,9.833333015441895,5.407953262329102,130200
1993-12-14,9.833333015441895,9.875,9.75,9.75,5.36212158203125,63000
1993-12-15,9.75,9.75,9.625,9.666666984558105,5.316291332244873,319200
1993-12-16,9.666666984558105,9.666666984558105,9.458333015441895,9.458333015441895,5.201715469360352,326400
1993-12-17,9.541666984558105,9.583333015441895,9.416666984558105,9.541666984558105,5.2475481033325195,564600
1993-12-20,9.541666984558105,9.541666984558105,9.416666984558105,9.416666984558105,5.178803443908691,176100
1993-12-21,9.5,9.5,9.375,9.416666984558105,5.178803443908691,173400
1993-12-22,9.375,9.583333015441895,9.375,9.5,5.224634170532227,33600
1993-12-23,9.5,9.625,9.458333015441895,9.583333015441895,5.270462989807129,123000
1993-12-27,9.541666984558105,9.833333015441895,9.541666984558105,9.791666984558105,5.403836727142334,70500
1993-12-28,9.791666984558105,10.041666984558105,9.75,10.041666984558105,5.54180383682251,44100
1993-12-29,10.041666984558105,10.041666984558105,9.833333015441895,10.0,5.518808841705322,544800
1993-12-30,10.0,10.25,9.958333015441895,10.166666984558105,5.610790729522705,102600
1993-12-31,10.25,10.416666984558105,10.25,10.375,5.725761413574219,64200
1994-01-03,10.333333015441895,10.333333015441895,10.166666984558105,10.333333015441895,5.702768802642822,217200
1994-01-04,10.25,10.25,10.125,10.125,5.587791442871094,86700
1994-01-05,10.125,10.25,10.083333015441895,10.25,5.656778335571289,390000
1994-01-06,10.291666984558105,10.333333015441895,10.041666984558105,10.083333015441895,5.564796447753906,219900
1994-01-07,10.166666984558105,10.208333015441895,9.916666984558105,9.916666984558105,5.47282075881958,149400
1994-01-10,9.958333015441895,9.958333015441895,9.666666984558105,9.833333015441895,5.426830291748047,87300
1994-01-11,9.916666984558105,9.916666984558105,9.791666984558105,9.875,5.449822902679443,246000
1994-01-12,9.833333015441895,9.875,9.791666984558105,9.875,5.449822902679443,115200
1994-01-13,9.875,9.875,9.791666984558105,9.791666984558105,5.403836727142334,36600
1994-01-14,9.833333015441895,10.0,9.791666984558105,10.0,5.518808841705322,50700
1994-01-17,9.916666984558105,9.958333015441895,9.791666984558105,9.791666984558105,5.403836727142334,335700
1994-01-18,9.708333015441895,9.791666984558105,9.708333015441895,9.708333015441895,5.357843399047852,75600
1994-01-19,9.75,9.791666984558105,9.75,9.791666984558105,5.403836727142334,356400
1994-01-20,9.75,9.75,9.625,9.625,5.311851978302002,230700
1994-01-21,9.625,9.625,9.583333015441895,9.583333015441895,5.288857460021973,141600
1994-01-24,9.625,9.625,9.5,9.583333015441895,5.288857460021973,144300
1994-01-25,9.625,9.666666984558105,9.583333015441895,9.625,5.311851978302002,64500
1994-01-26,9.625,9.666666984558105,9.458333015441895,9.458333015441895,5.219870090484619,111300
1994-01-27,9.416666984558105,9.5,9.25,9.458333015441895,5.219870090484619,9475200
1994-01-28,9.458333015441895,9.541666984558105,9.416666984558105,9.5,5.242868423461914,1242900
1994-01-31,9.5,9.583333015441895,9.416666984558105,9.5,5.242868423461914,600600
1994-02-01,9.541666984558105,9.583333015441895,9.458333015441895,9.458333015441895,5.219870090484619,810600
1994-02-02,9.458333015441895,9.541666984558105,9.416666984558105,9.5,5.242868423461914,656100
1994-02-03,9.5,9.5,9.416666984558105,9.458333015441895,5.219870090484619,178200
1994-02-04,9.458333015441895,9.5,9.25,9.25,5.104898929595947,148800
1994-02-07,9.208333015441895,9.291666984558105,9.125,9.25,5.104898929595947,160500
1994-02-08,9.25,9.333333015441895,9.083333015441895,9.125,5.035913944244385,918900
1994-02-09,9.208333015441895,9.291666984558105,9.208333015441895,9.291666984558105,5.127894401550293,360900
1994-02-10,9.333333015441895,9.375,9.291666984558105,9.375,5.173882484436035,333300
1994-02-11,9.375,9.416666984558105,9.333333015441895,9.416666984558105,5.19688081741333,316200
1994-02-14,9.416666984558105,9.583333015441895,9.416666984558105,9.5,5.242868423461914,573300
1994-02-15,9.583333015441895,9.583333015441895,9.375,9.541666984558105,5.265861511230469,665100
1994-02-16,9.5,9.541666984558105,9.458333015441895,9.5,5.242868423461914,179400
1994-02-17,9.541666984558105,9.541666984558105,9.458333015441895,9.458333015441895,5.219870090484619,241500
1994-02-18,9.458333015441895,9.458333015441895,9.375,9.416666984558105,5.19688081741333,257100
1994-02-22,9.333333015441895,9.416666984558105,9.25,9.25,5.104898929595947,192000
1994-02-23,9.333333015441895,9.333333015441895,9.166666984558105,9.25,5.104898929595947,469200
1994-02-24,9.208333015441895,9.291666984558105,9.208333015441895,9.25,5.104898929595947,114600
1994-02-25,9.25,9.291666984558105,9.083333015441895,9.083333015441895,5.012913703918457,1286100
1994-02-28,9.083333015441895,9.208333015441895,9.083333015441895,9.208333015441895,5.081900596618652,390900
1994-03-01,9.25,9.25,8.958333015441895,9.0,4.966928482055664,508800
1994-03-02,8.958333015441895,8.958333015441895,8.833333015441895,8.833333015441895,4.874944686889648,165000
1994-03-03,8.875,8.916666984558105,8.791666984558105,8.916666984558105,4.920938491821289,555000
1994-03-04,8.875,8.916666984558105,8.833333015441895,8.875,4.897940158843994,399600
1994-03-07,8.916666984558105,8.958333015441895,8.791666984558105,8.875,4.897940158843994,926700
1994-03-08,8.833333015441895,8.875,8.666666984558105,8.666666984558105,4.782965660095215,669000
1994-03-09,8.583333015441895,8.708333015441895,8.583333015441895,8.708333015441895,4.805963516235352,418200
1994-03-10,8.708333015441895,8.875,8.708333015441895,8.833333015441895,4.874944686889648,123900
1994-03-11,8.791666984558105,8.833333015441895,8.666666984558105,8.708333015441895,4.805963516235352,70800
1994-03-14,8.75,8.791666984558105,8.666666984558105,8.791666984558105,4.851953029632568,82500
1994-03-15,8.75,8.958333015441895,8.666666984558105,8.958333015441895,4.943932056427002,165900
1994-03-16,8.875,8.875,8.791666984558105,8.833333015441895,4.874944686889648,173400
1994-03-17,8.916666984558105,8.916666984558105,8.833333015441895,8.916666984558105,4.920938491821289,100800
1994-03-18,8.833333015441895,9.0,8.833333015441895,9.0,4.966928482055664,158700
1994-03-21,9.0,9.041666984558105,8.916666984558105,8.916666984558105,4.920938491821289,94500
1994-03-22,9.0,9.0,8.916666984558105,9.0,4.966928482055664,139200
1994-03-23,9.041666984558105,9.041666984558105,8.916666984558105,8.916666984558105,4.920938491821289,233400
1994-03-24,9.0,9.0,8.916666984558105,8.916666984558105,4.920938491821289,139500
1994-03-25,8.833333015441895,8.875,8.791666984558105,8.875,4.916322231292725,118200
1994-03-28,8.958333015441895,8.958333015441895,8.875,8.875,4.916322231292725,91200
1994-03-29,8.833333015441895,9.0,8.833333015441895,8.916666984558105,4.939404487609863,429600
1994-03-30,8.916666984558105,9.0,8.916666984558105,8.916666984558105,4.939404487609863,401700
1994-03-31,8.916666984558105,8.916666984558105,8.166666984558105,8.583333015441895,4.754750728607178,484500
1994-04-04,8.5,8.583333015441895,8.416666984558105,8.458333015441895,4.685509204864502,302100
1994-04-05,8.541666984558105,9.0,8.541666984558105,8.916666984558105,4.939404487609863,584100
1994-04-06,8.916666984558105,8.916666984558105,8.791666984558105,8.916666984558105,4.939404487609863,224100
1994-04-07,8.958333015441895,9.333333015441895,8.958333015441895,9.333333015441895,5.170216083526611,86100
1994-04-08,9.333333015441895,9.458333015441895,9.333333015441895,9.416666984558105,5.216379165649414,80400
1994-04-11,9.333333015441895,9.5,9.291666984558105,9.5,5.2625412940979,242400
1994-04-12,9.5,9.5,9.416666984558105,9.416666984558105,5.216379165649414,97200
1994-04-13,9.458333015441895,9.583333015441895,9.458333015441895,9.458333015441895,5.239459037780762,75900
1994-04-14,9.416666984558105,9.416666984558105,9.333333015441895,9.333333015441895,5.170216083526611,87000
1994-04-15,9.25,9.25,9.083333015441895,9.25,5.124055862426758,292500
1994-04-18,9.291666984558105,9.375,9.25,9.375,5.193297863006592,221400
1994-04-19,9.416666984558105,9.416666984558105,9.375,9.375,5.193297863006592,4500
1994-04-20,9.375,9.416666984558105,9.333333015441895,9.375,5.193297863006592,64500
1994-04-21,9.416666984558105,9.416666984558105,9.25,9.333333015441895,5.170216083526611,328200
1994-04-22,9.25,9.291666984558105,9.166666984558105,9.25,5.124055862426758,73800
1994-04-25,9.25,9.583333015441895,9.25,9.5,5.2625412940979,162600
1994-04-26,9.416666984558105,9.583333015441895,9.416666984558105,9.583333015441895,5.308703422546387,23400
1994-04-28,9.5,9.5,9.333333015441895,9.416666984558105,5.216379165649414,21600
1994-04-29,9.375,9.541666984558105,9.375,9.5,5.2625412940979,200700
1994-05-02,9.541666984558105,9.625,9.458333015441895,9.541666984558105,5.285623073577881,50700
1994-05-03,9.5,9.541666984558105,9.5,9.541666984558105,5.285623073577881,25800
1994-05-04,9.5,9.583333015441895,9.458333015441895,9.583333015441895,5.308703422546387,189900
1994-05-05,9.5,9.583333015441895,9.458333015441895,9.5,5.2625412940979,45300
1994-05-06,9.416666984558105,9.416666984558105,9.291666984558105,9.291666984558105,5.147134780883789,203700
1994-05-09,9.25,9.416666984558105,9.25,9.333333015441895,5.170216083526611,80700
1994-05-10,9.333333015441895,9.416666984558105,9.25,9.333333015441895,5.170216083526611,190200
1994-05-11,9.25,9.25,9.208333015441895,9.208333015441895,5.100969314575195,168300
1994-05-12,9.208333015441895,9.333333015441895,9.208333015441895,9.333333015441895,5.170216083526611,11100
1994-05-13,9.333333015441895,9.333333015441895,9.208333015441895,9.208333015441895,5.100969314575195,151200
1994-05-16,9.166666984558105,9.25,9.166666984558105,9.25,5.124055862426758,90000
1994-05-17,9.25,9.333333015441895,9.166666984558105,9.333333015441895,5.170216083526611,102300
1994-05-18,9.416666984558105,9.583333015441895,9.416666984558105,9.541666984558105,5.285623073577881,292200
1994-05-19,9.5,9.5,9.458333015441895,9.458333015441895,5.239459037780762,113700
1994-05-20,9.458333015441895,9.5,9.416666984558105,9.5,5.2625412940979,55500
1994-05-23,9.416666984558105,9.416666984558105,9.333333015441895,9.375,5.193297863006592,137700
1994-05-24,9.416666984558105,9.458333015441895,9.333333015441895,9.333333015441895,5.170216083526611,193800
1994-05-25,9.416666984558105,9.416666984558105,9.25,9.333333015441895,5.170216083526611,96000
1994-05-26,9.25,9.25,9.166666984558105,9.208333015441895,5.100969314575195,202200
1994-05-27,9.25,9.25,9.041666984558105,9.041666984558105,5.008647441864014,73500
1994-05-31,9.125,9.125,9.041666984558105,9.083333015441895,5.031723499298096,63300
1994-06-01,9.0,9.041666984558105,8.916666984558105,8.916666984558105,4.939404487609863,258900
1994-06-02,8.958333015441895,9.0,8.916666984558105,8.916666984558105,4.939404487609863,236700
1994-06-03,8.958333015441895,9.0,8.875,8.958333015441895,4.962484359741211,201900
1994-06-06,9.0,9.166666984558105,9.0,9.083333015441895,5.031723499298096,97500
1994-06-07,9.0,9.0,8.958333015441895,8.958333015441895,4.962484359741211,81300
1994-06-08,8.958333015441895,8.958333015441895,8.916666984558105,8.916666984558105,4.939404487609863,301500
1994-06-09,8.916666984558105,8.916666984558105,8.916666984558105,8.916666984558105,4.939404487609863,125100
1994-06-10,8.916666984558105,8.916666984558105,8.5,8.583333015441895,4.754750728607178,264300
1994-06-13,8.541666984558105,8.541666984558105,8.291666984558105,8.5,4.708590507507324,336600
1994-06-14,8.416666984558105,8.5,8.333333015441895,8.333333015441895,4.6162614822387695,166500
1994-06-15,8.416666984558105,8.458333015441895,8.416666984558105,8.416666984558105,4.6624274253845215,358800
1994-06-16,8.458333015441895,8.458333015441895,8.416666984558105,8.416666984558105,4.6624274253845215,23400
1994-06-17,8.458333015441895,8.5,8.416666984558105,8.5,4.708590507507324,109200
1994-06-20,8.416666984558105,8.416666984558105,8.291666984558105,8.416666984558105,4.6624274253845215,262500
1994-06-21,8.333333015441895,8.416666984558105,8.25,8.25,4.570101737976074,334200
1994-06-22,8.25,8.291666984558105,8.125,8.166666984558105,4.523940563201904,639300
1994-06-23,8.083333015441895,8.166666984558105,7.9583330154418945,8.0,4.43161153793335,238500
1994-06-24,7.9583330154418945,8.083333015441895,7.9583330154418945,8.083333015441895,4.498394012451172,28500
1994-06-27,8.041666984558105,8.333333015441895,8.041666984558105,8.166666984558105,4.544769763946533,33600
1994-06-28,8.083333015441895,8.333333015441895,8.083333015441895,8.25,4.591143608093262,25500
1994-06-29,8.166666984558105,8.166666984558105,7.9166669845581055,8.0,4.452016830444336,309000
1994-06-30,8.083333015441895,8.291666984558105,8.041666984558105,8.208333015441895,4.567957401275635,35100
1994-07-01,8.208333015441895,8.208333015441895,8.166666984558105,8.166666984558105,4.544769763946533,62700
1994-07-05,8.166666984558105,8.166666984558105,8.166666984558105,8.166666984558105,4.544769763946533,10800
1994-07-06,8.166666984558105,8.208333015441895,8.125,8.166666984558105,4.544769763946533,33000
1994-07-07,8.166666984558105,8.166666984558105,7.75,7.8333330154418945,4.359267711639404,427500
1994-07-08,7.9166669845581055,7.9166669845581055,7.8333330154418945,7.8333330154418945,4.359267711639404,34200
1994-07-11,7.8333330154418945,7.8333330154418945,7.5833330154418945,7.5833330154418945,4.220143795013428,141000
1994-07-12,7.6666669845581055,7.8333330154418945,7.6666669845581055,7.75,4.312892436981201,219900
1994-07-13,7.75,7.8333330154418945,7.6666669845581055,7.8333330154418945,4.359267711639404,72600
1994-07-14,7.8333330154418945,7.875,7.75,7.875,4.382457256317139,44400
1994-07-15,7.875,7.875,7.875,7.875,4.382457256317139,12300
1994-07-18,7.9166669845581055,8.083333015441895,7.9166669845581055,8.083333015441895,4.498394012451172,155400
1994-07-19,8.041666984558105,8.25,8.041666984558105,8.25,4.591143608093262,40500
1994-07-20,8.208333015441895,8.416666984558105,8.208333015441895,8.416666984558105,4.683894634246826,179100
1994-07-21,8.25,8.25,7.7083330154418945,7.75,4.312892436981201,1147200
1994-07-22,7.75,7.875,7.7083330154418945,7.875,4.382457256317139,752100
1994-07-25,7.875,8.0,7.875,7.9583330154418945,4.428831100463867,176400
1994-07-26,7.9166669845581055,8.0,7.9166669845581055,7.9583330154418945,4.428831100463867,203400
1994-07-27,7.9583330154418945,7.9583330154418945,7.9583330154418945,7.9583330154418945,4.428831100463867,37200
1994-07-28,8.0,8.041666984558105,7.9583330154418945,7.9583330154418945,4.428831100463867,393000
1994-07-29,7.9583330154418945,7.9583330154418945,7.7916669845581055,7.7916669845581055,4.336081027984619,275100
1994-08-01,7.8333330154418945,7.9166669845581055,7.8333330154418945,7.9166669845581055,4.405643939971924,572400
1994-08-02,8.0,8.0,7.9583330154418945,7.9583330154418945,4.428831100463867,48000
1994-08-03,7.9166669845581055,7.9583330154418945,7.9166669845581055,7.9166669845581055,4.405643939971924,139500
1994-08-04,7.875,7.875,7.8333330154418945,7.8333330154418945,4.359267711639404,77400
1994-08-05,7.875,7.9166669845581055,7.8333330154418945,7.8333330154418945,4.359267711639404,126300
1994-08-08,7.8333330154418945,7.8333330154418945,7.7916669845581055,7.7916669845581055,4.336081027984619,169800
1994-08-09,7.875,7.875,7.7916669845581055,7.8333330154418945,4.359267711639404,200100
1994-08-10,7.7916669845581055,7.8333330154418945,7.7916669845581055,7.7916669845581055,4.336081027984619,17700
1994-08-11,7.7916669845581055,7.875,7.6666669845581055,7.7083330154418945,4.289707660675049,23700
1994-08-12,7.7083330154418945,7.75,7.7083330154418945,7.7083330154418945,4.289707660675049,56100
1994-08-15,7.7916669845581055,7.9166669845581055,7.7916669845581055,7.875,4.382457256317139,34200
1994-08-16,7.8333330154418945,7.875,7.8333330154418945,7.8333330154418945,4.359267711639404,182700
1994-08-17,7.875,7.9583330154418945,7.8333330154418945,7.875,4.382457256317139,182700
1994-08-18,7.8333330154418945,8.0,7.8333330154418945,7.8333330154418945,4.359267711639404,92400
1994-08-19,7.875,7.875,7.8333330154418945,7.8333330154418945,4.359267711639404,402300
1994-08-22,7.75,7.75,7.7083330154418945,7.7083330154418945,4.289707660675049,418200
1994-08-23,7.75,7.75,7.5833330154418945,7.625,4.243330955505371,82200
1994-08-24,7.6666669845581055,7.6666669845581055,7.4583330154418945,7.5416669845581055,4.196953296661377,108900
1994-08-25,7.5416669845581055,7.7083330154418945,7.5,7.7083330154418945,4.289707660675049,357600
1994-08-26,7.6666669845581055,7.7916669845581055,7.6666669845581055,7.7083330154418945,4.289707660675049,384300
1994-08-29,7.625,7.7083330154418945,7.625,7.6666669845581055,4.266519069671631,683700
1994-08-30,7.75,7.7916669845581055,7.6666669845581055,7.75,4.312892436981201,390300
1994-08-31,7.7083330154418945,7.75,7.7083330154418945,7.7083330154418945,4.289707660675049,93000
1994-09-01,7.7083330154418945,7.7083330154418945,7.5833330154418945,7.6666669845581055,4.266519069671631,331800
1994-09-02,7.75,7.75,7.5416669845581055,7.5416669845581055,4.196953296661377,190200
1994-09-06,7.625,7.625,7.5,7.5416669845581055,4.196953296661377,994200
1994-09-07,7.625,7.75,7.5833330154418945,7.7083330154418945,4.289707660675049,638700
1994-09-08,7.7083330154418945,8.166666984558105,7.6666669845581055,8.083333015441895,4.498394012451172,677700
1994-09-09,8.0,8.125,8.0,8.083333015441895,4.498394012451172,35400
1994-09-12,8.0,8.041666984558105,8.0,8.0,4.452016830444336,45900
1994-09-13,8.0,8.125,8.0,8.125,4.521580696105957,188400
1994-09-14,8.125,8.416666984558105,8.125,8.333333015441895,4.637518882751465,127800
1994-09-15,8.25,8.333333015441895,8.25,8.333333015441895,4.637518882751465,13800
1994-09-16,8.333333015441895,8.333333015441895,8.208333015441895,8.333333015441895,4.637518882751465,67500
1994-09-19,8.25,8.333333015441895,8.25,8.333333015441895,4.637518882751465,150600
1994-09-20,8.333333015441895,8.333333015441895,8.166666984558105,8.166666984558105,4.544769763946533,64200
1994-09-21,8.125,8.416666984558105,8.125,8.416666984558105,4.683894634246826,34500
1994-09-22,8.333333015441895,8.416666984558105,8.333333015441895,8.333333015441895,4.637518882751465,416700
1994-09-23,8.291666984558105,8.333333015441895,8.291666984558105,8.291666984558105,4.614330768585205,65100
1994-09-26,8.208333015441895,8.208333015441895,8.0,8.041666984558105,4.495083332061768,722100
1994-09-27,8.041666984558105,8.041666984558105,7.9166669845581055,7.9166669845581055,4.425212383270264,89700
1994-09-28,7.9583330154418945,7.9583330154418945,7.875,7.875,4.401922225952148,91800
1994-09-29,7.9166669845581055,8.125,7.9166669845581055,8.125,4.5416646003723145,1137300
1994-09-30,8.125,8.125,7.9166669845581055,8.0,4.471792697906494,69900
1994-10-03,8.0,8.333333015441895,8.0,8.333333015441895,4.658116817474365,261300
1994-10-04,8.333333015441895,8.333333015441895,8.166666984558105,8.166666984558105,4.564957141876221,120300
1994-10-05,8.208333015441895,8.208333015441895,8.0,8.208333015441895,4.5882463455200195,35100
1994-10-06,8.208333015441895,8.333333015441895,8.208333015441895,8.333333015441895,4.658116817474365,288300
1994-10-07,8.291666984558105,8.416666984558105,8.291666984558105,8.333333015441895,4.658116817474365,21900
1994-10-10,8.416666984558105,8.458333015441895,8.333333015441895,8.416666984558105,4.704700469970703,225600
1994-10-11,8.458333015441895,8.583333015441895,8.208333015441895,8.208333015441895,4.5882463455200195,69900
1994-10-12,8.25,8.25,7.9166669845581055,8.083333015441895,4.518375396728516,77100
1994-10-13,8.166666984558105,8.208333015441895,7.875,7.875,4.401922225952148,227100
1994-10-14,7.9166669845581055,8.041666984558105,7.9166669845581055,7.9583330154418945,4.44850492477417,28800
1994-10-17,7.9583330154418945,8.0,7.8333330154418945,8.0,4.471792697906494,72000
1994-10-18,8.083333015441895,8.083333015441895,7.9166669845581055,7.9583330154418945,4.44850492477417,159000
1994-10-19,7.9583330154418945,7.9583330154418945,7.7916669845581055,7.7916669845581055,4.355340003967285,36600
1994-10-20,7.6666669845581055,7.6666669845581055,7.4583330154418945,7.625,4.262179374694824,183300
1994-10-21,7.625,7.6666669845581055,7.625,7.6666669845581055,4.285470962524414,27000
1994-10-24,7.75,7.8333330154418945,7.625,7.6666669845581055,4.285470962524414,73800
1994-10-25,7.5833330154418945,7.6666669845581055,7.4166669845581055,7.5833330154418945,4.238890171051025,521100
1994-10-26,7.6666669845581055,7.6666669845581055,7.4166669845581055,7.5,4.1923065185546875,144900
1994-10-27,7.5,7.5,7.4166669845581055,7.5,4.1923065185546875,98400
1994-10-28,7.4583330154418945,7.8333330154418945,7.4583330154418945,7.6666669845581055,4.285470962524414,1325400
1994-10-31,7.625,7.6666669845581055,7.5833330154418945,7.5833330154418945,4.238890171051025,181800
1994-11-01,7.6666669845581055,7.6666669845581055,7.3333330154418945,7.375,4.122436046600342,1046100
1994-11-02,7.4583330154418945,7.6666669845581055,7.4166669845581055,7.5833330154418945,4.238890171051025,63000
1994-11-03,7.625,7.625,7.5,7.5,4.1923065185546875,46500
1994-11-04,7.5,7.5416669845581055,7.4166669845581055,7.5,4.1923065185546875,158100
1994-11-07,7.4166669845581055,7.5,7.4166669845581055,7.4583330154418945,4.169017791748047,5100
1994-11-08,7.5833330154418945,8.0,7.5833330154418945,7.75,4.332050323486328,255000
1994-11-09,7.75,7.9583330154418945,7.75,7.8333330154418945,4.378629684448242,722100
1994-11-10,7.8333330154418945,7.875,7.7916669845581055,7.8333330154418945,4.378629684448242,224100
1994-11-11,7.8333330154418945,7.9583330154418945,7.7916669845581055,7.9583330154418945,4.44850492477417,91800
1994-11-14,7.9583330154418945,8.0,7.875,7.9166669845581055,4.425212383270264,253200
1994-11-15,7.8333330154418945,7.9166669845581055,7.8333330154418945,7.8333330154418945,4.378629684448242,24300
1994-11-16,7.8333330154418945,7.9166669845581055,7.8333330154418945,7.8333330154418945,4.378629684448242,42300
1994-11-17,7.8333330154418945,7.875,7.7083330154418945,7.75,4.332050323486328,19500
1994-11-18,7.8333330154418945,7.875,7.6666669845581055,7.6666669845581055,4.285470962524414,27300
1994-11-21,7.75,7.75,7.5833330154418945,7.6666669845581055,4.285470962524414,82800
1994-11-22,7.6666669845581055,7.6666669845581055,7.2916669845581055,7.375,4.122436046600342,327300
1994-11-23,7.4166669845581055,7.4583330154418945,7.0833330154418945,7.0833330154418945,3.959399700164795,323400
1994-11-25,7.2083330154418945,7.2083330154418945,7.2083330154418945,7.2083330154418945,4.029271602630615,36600
1994-11-28,7.2083330154418945,7.2083330154418945,7.125,7.2083330154418945,4.029271602630615,55500
1994-11-29,7.25,7.25,6.9166669845581055,6.9166669845581055,3.8662383556365967,681600
1994-11-30,6.9583330154418945,7.2916669845581055,6.9166669845581055,7.2916669845581055,4.0758514404296875,254700
1994-12-01,7.1666669845581055,7.3333330154418945,7.0833330154418945,7.3333330154418945,4.099145889282227,63000
1994-12-02,7.25,7.5416669845581055,7.25,7.4583330154418945,4.169017791748047,52500
1994-12-05,7.4166669845581055,7.6666669845581055,7.4166669845581055,7.6666669845581055,4.285470962524414,36900
1994-12-06,7.5833330154418945,7.5833330154418945,7.4166669845581055,7.4166669845581055,4.145727634429932,351900
1994-12-07,7.375,7.4166669845581055,7.375,7.4166669845581055,4.145727634429932,30300
1994-12-08,7.375,7.5,7.375,7.4583330154418945,4.169017791748047,12300
1994-12-09,7.375,7.4166669845581055,7.3333330154418945,7.4166669845581055,4.145727634429932,228000
1994-12-12,7.2916669845581055,7.625,7.25,7.5833330154418945,4.238890171051025,50700
1994-12-13,7.5,7.5,7.4166669845581055,7.4583330154418945,4.169017791748047,9600
1994-12-14,7.375,7.375,7.25,7.2916669845581055,4.0758514404296875,471900
1994-12-15,7.25,7.25,7.125,7.125,3.982692241668701,106200
1994-12-16,7.2083330154418945,7.3333330154418945,7.2083330154418945,7.2083330154418945,4.029271602630615,44100
1994-12-19,7.25,7.25,6.9583330154418945,7.0416669845581055,3.936109781265259,202200
1994-12-20,7.0833330154418945,7.25,7.0833330154418945,7.2083330154418945,4.029271602630615,564000
1994-12-21,7.1666669845581055,7.5,7.1666669845581055,7.375,4.122436046600342,446100
1994-12-22,7.3333330154418945,7.3333330154418945,7.1666669845581055,7.1666669845581055,4.0059814453125,39900
1994-12-23,7.0416669845581055,7.1666669845581055,7.0,7.1666669845581055,4.026582717895508,361500
1994-12-27,7.125,7.3333330154418945,7.125,7.3333330154418945,4.1202239990234375,94800
1994-12-28,7.375,7.4583330154418945,7.3333330154418945,7.4166669845581055,4.167047500610352,187800
1994-12-29,7.4166669845581055,7.5416669845581055,7.375,7.4583330154418945,4.190454483032227,127200
1994-12-30,7.4583330154418945,7.8333330154418945,7.4583330154418945,7.7916669845581055,4.377739429473877,192900
1995-01-03,7.875,7.9166669845581055,7.7083330154418945,7.75,4.354328632354736,76800
1995-01-04,7.75,7.9583330154418945,7.75,7.8333330154418945,4.401148796081543,187800
1995-01-05,7.8333330154418945,7.8333330154418945,7.75,7.7916669845581055,4.377739429473877,610200
1995-01-06,7.75,7.75,7.625,7.625,4.2840962409973145,124200
1995-01-09,7.5833330154418945,7.625,7.5,7.625,4.2840962409973145,263700
1995-01-10,7.5833330154418945,7.625,7.5833330154418945,7.625,4.2840962409973145,37500
1995-01-11,7.625,7.625,7.625,7.625,4.2840962409973145,21600
1995-01-12,7.625,7.625,7.5416669845581055,7.5416669845581055,4.237276554107666,262500
1995-01-13,7.5,7.625,7.5,7.5,4.213866233825684,219300
1995-01-16,7.4583330154418945,7.5,7.4583330154418945,7.5,4.213866233825684,166200
1995-01-17,7.5,7.5,7.3333330154418945,7.4166669845581055,4.167047500610352,115200
1995-01-18,7.4166669845581055,7.4583330154418945,7.4166669845581055,7.4583330154418945,4.190454483032227,167100
1995-01-19,7.4583330154418945,7.4583330154418945,7.2916669845581055,7.375,4.143633842468262,135300
1995-01-20,7.4166669845581055,7.4583330154418945,7.4166669845581055,7.4166669845581055,4.167047500610352,41100
1995-01-23,7.4166669845581055,7.4583330154418945,7.3333330154418945,7.4583330154418945,4.190454483032227,41700
1995-01-24,7.375,7.7916669845581055,7.375,7.75,4.354328632354736,260100
1995-01-25,8.166666984558105,8.166666984558105,7.875,7.875,4.424558162689209,240000
1995-01-26,7.9166669845581055,8.125,7.9166669845581055,8.083333015441895,4.541612148284912,540600
1995-01-27,8.041666984558105,8.208333015441895,8.0,8.041666984558105,4.518199920654297,236400
1995-01-30,8.0,8.125,8.0,8.125,4.565020561218262,107100
1995-01-31,8.125,8.333333015441895,8.083333015441895,8.208333015441895,4.611842632293701,258000
1995-02-01,8.25,8.25,8.166666984558105,8.25,4.635251522064209,56700
1995-02-02,8.208333015441895,8.25,8.208333015441895,8.25,4.635251522064209,16200
1995-02-03,8.166666984558105,8.458333015441895,8.166666984558105,8.25,4.635251522064209,269100
1995-02-06,8.333333015441895,8.333333015441895,8.25,8.291666984558105,4.658664226531982,122700
1995-02-07,8.25,8.583333015441895,8.25,8.583333015441895,4.822534084320068,859500
1995-02-08,8.541666984558105,8.583333015441895,8.5,8.5,4.775715351104736,25800
1995-02-09,8.458333015441895,8.625,8.458333015441895,8.625,4.845946788787842,37500
1995-02-10,8.541666984558105,8.541666984558105,8.5,8.541666984558105,4.799123764038086,115500
1995-02-13,8.541666984558105,8.541666984558105,8.333333015441895,8.333333015441895,4.682070732116699,82200
1995-02-14,8.416666984558105,8.416666984558105,8.25,8.25,4.635251522064209,13200
1995-02-15,8.291666984558105,8.458333015441895,8.291666984558105,8.416666984558105,4.728895664215088,246600
1995-02-16,8.333333015441895,8.458333015441895,8.333333015441895,8.333333015441895,4.682070732116699,27600
1995-02-17,8.416666984558105,8.416666984558105,8.291666984558105,8.333333015441895,4.682070732116699,193800
1995-02-21,8.375,8.458333015441895,8.333333015441895,8.333333015441895,4.682070732116699,15600
1995-02-22,8.333333015441895,8.333333015441895,8.333333015441895,8.333333015441895,4.682070732116699,300
1995-02-23,8.416666984558105,8.416666984558105,8.291666984558105,8.291666984558105,4.658664226531982,101100
1995-02-24,8.333333015441895,8.333333015441895,8.166666984558105,8.291666984558105,4.658664226531982,225900
1995-02-27,8.291666984558105,8.291666984558105,8.208333015441895,8.208333015441895,4.611842632293701,52500
1995-02-28,8.25,8.25,8.25,8.25,4.635251522064209,43500
1995-03-01,8.166666984558105,8.166666984558105,7.9166669845581055,8.083333015441895,4.541612148284912,633000
1995-03-02,8.125,8.125,8.0,8.0,4.494792938232422,53700
1995-03-03,8.0,8.0,8.0,8.0,4.494792938232422,135300
1995-03-06,8.0,8.0,8.0,8.0,4.494792938232422,116700
1995-03-07,8.0,8.0,7.8333330154418945,7.9583330154418945,4.471380233764648,7800
1995-03-08,7.9166669845581055,7.9166669845581055,7.8333330154418945,7.875,4.424558162689209,496500
1995-03-09,7.9583330154418945,7.9583330154418945,7.9166669845581055,7.9166669845581055,4.447969913482666,51300
1995-03-10,7.9166669845581055,7.9583330154418945,7.875,7.9166669845581055,4.447969913482666,252900
1995-03-13,7.875,8.0,7.875,7.9583330154418945,4.471380233764648,54600
1995-03-14,7.9583330154418945,7.9583330154418945,7.75,7.7916669845581055,4.377739429473877,87300
1995-03-15,7.8333330154418945,7.8333330154418945,7.6666669845581055,7.7916669845581055,4.377739429473877,77700
1995-03-16,7.8333330154418945,7.9583330154418945,7.8333330154418945,7.9583330154418945,4.471380233764648,279900
1995-03-17,7.9583330154418945,8.166666984558105,7.9583330154418945,8.041666984558105,4.518199920654297,503100
1995-03-20,8.0,8.041666984558105,8.0,8.041666984558105,4.518199920654297,199800
1995-03-21,8.0,8.041666984558105,7.9583330154418945,8.0,4.494792938232422,134700
1995-03-22,7.9166669845581055,8.0,7.875,7.9583330154418945,4.471380233764648,423300
1995-03-23,7.9166669845581055,8.083333015441895,7.9166669845581055,8.0,4.494792938232422,93900
1995-03-24,8.0,8.166666984558105,8.0,8.083333015441895,4.541612148284912,287100
1995-03-27,8.041666984558105,8.25,8.0,8.25,4.656374454498291,78300
1995-03-28,8.166666984558105,8.25,8.125,8.125,4.585822105407715,176700
1995-03-29,8.208333015441895,8.541666984558105,8.208333015441895,8.541666984558105,4.820992469787598,233700
1995-03-30,8.5,8.583333015441895,8.416666984558105,8.583333015441895,4.844508171081543,217200
1995-03-31,8.458333015441895,8.458333015441895,8.333333015441895,8.416666984558105,4.750445365905762,23400
1995-04-03,8.333333015441895,8.666666984558105,8.333333015441895,8.666666984558105,4.891542911529541,117300
1995-04-04,8.625,8.833333015441895,8.583333015441895,8.75,4.93858003616333,386100
1995-04-05,8.791666984558105,9.0,8.791666984558105,9.0,5.079679489135742,29700
1995-04-06,8.875,8.875,8.75,8.75,4.93858003616333,319200
1995-04-07,8.666666984558105,8.708333015441895,8.583333015441895,8.666666984558105,4.891542911529541,106500
1995-04-10,8.666666984558105,8.75,8.625,8.666666984558105,4.891542911529541,437100
1995-04-11,8.666666984558105,8.708333015441895,8.666666984558105,8.708333015441895,4.915060043334961,27000
1995-04-12,8.75,8.75,8.625,8.666666984558105,4.891542911529541,150000
1995-04-13,8.625,8.791666984558105,8.625,8.666666984558105,4.891542911529541,205800
1995-04-17,8.708333015441895,8.75,8.666666984558105,8.708333015441895,4.915060043334961,17100
1995-04-18,8.666666984558105,8.833333015441895,8.666666984558105,8.833333015441895,4.9856133460998535,129000
1995-04-19,8.708333015441895,8.875,8.708333015441895,8.833333015441895,4.9856133460998535,916200
1995-04-20,8.833333015441895,8.833333015441895,8.833333015441895,8.833333015441895,4.9856133460998535,516600
1995-04-21,8.833333015441895,8.916666984558105,8.833333015441895,8.875,5.009128570556641,428400
1995-04-24,8.916666984558105,8.958333015441895,8.875,8.958333015441895,5.056161403656006,115200
1995-04-25,9.041666984558105,9.166666984558105,9.0,9.0,5.079679489135742,522000
1995-04-26,9.0,9.0,8.833333015441895,8.958333015441895,5.056161403656006,382800
1995-04-27,8.916666984558105,8.958333015441895,8.916666984558105,8.958333015441895,5.056161403656006,1800
1995-04-28,8.875,8.875,8.708333015441895,8.833333015441895,4.9856133460998535,126600
1995-05-01,8.75,8.791666984558105,8.583333015441895,8.666666984558105,4.891542911529541,682500
1995-05-02,8.625,8.666666984558105,8.625,8.666666984558105,4.891542911529541,158100
1995-05-03,8.75,8.791666984558105,8.666666984558105,8.791666984558105,4.96209716796875,264900
1995-05-04,8.875,8.875,8.666666984558105,8.708333015441895,4.915060043334961,70200
1995-05-05,8.708333015441895,8.708333015441895,8.666666984558105,8.666666984558105,4.891542911529541,400500
1995-05-08,8.666666984558105,8.666666984558105,8.583333015441895,8.666666984558105,4.891542911529541,1033500
1995-05-09,8.625,8.666666984558105,8.583333015441895,8.625,4.868029594421387,71400
1995-05-10,8.666666984558105,8.791666984558105,8.583333015441895,8.666666984558105,4.891542911529541,362400
1995-05-11,8.666666984558105,8.666666984558105,8.583333015441895,8.625,4.868029594421387,150000
1995-05-12,8.625,8.625,8.583333015441895,8.625,4.868029594421387,128700
1995-05-15,8.583333015441895,8.625,8.416666984558105,8.416666984558105,4.750445365905762,1006500
1995-05-16,8.416666984558105,8.416666984558105,8.25,8.25,4.656374454498291,435300
1995-05-17,8.291666984558105,8.333333015441895,8.291666984558105,8.333333015441895,4.703407287597656,65400
1995-05-18,8.333333015441895,8.333333015441895,8.25,8.25,4.656374454498291,279900
1995-05-19,8.333333015441895,8.333333015441895,8.208333015441895,8.208333015441895,4.6328558921813965,194400
1995-05-22,8.166666984558105,8.208333015441895,8.125,8.125,4.585822105407715,290100
1995-05-23,8.166666984558105,8.25,8.125,8.208333015441895,4.6328558921813965,440700
1995-05-24,8.208333015441895,8.375,8.208333015441895,8.291666984558105,4.679893970489502,575700
1995-05-25,8.25,8.291666984558105,8.25,8.291666984558105,4.679893970489502,205800
1995-05-26,8.208333015441895,8.291666984558105,8.208333015441895,8.25,4.656374454498291,184200
1995-05-30,8.25,8.416666984558105,8.25,8.333333015441895,4.703407287597656,324900
1995-05-31,8.25,8.458333015441895,8.25,8.458333015441895,4.773959159851074,318000
1995-06-01,8.416666984558105,8.416666984558105,8.333333015441895,8.375,4.7269287109375,392700
1995-06-02,8.333333015441895,8.416666984558105,8.333333015441895,8.416666984558105,4.750445365905762,200100
1995-06-05,8.375,8.458333015441895,8.375,8.416666984558105,4.750445365905762,141900
1995-06-06,8.416666984558105,8.541666984558105,8.416666984558105,8.458333015441895,4.773959159851074,194400
1995-06-07,8.458333015441895,8.666666984558105,8.458333015441895,8.666666984558105,4.891542911529541,269700
1995-06-08,8.666666984558105,9.0,8.666666984558105,8.958333015441895,5.056161403656006,792300
1995-06-09,8.958333015441895,9.0,8.916666984558105,9.0,5.079679489135742,527700
1995-06-12,9.0,9.083333015441895,9.0,9.041666984558105,5.103198051452637,387300
1995-06-13,9.083333015441895,9.333333015441895,9.083333015441895,9.333333015441895,5.267817497253418,947100
1995-06-14,9.25,9.333333015441895,9.25,9.333333015441895,5.267817497253418,520800
1995-06-15,9.291666984558105,9.458333015441895,9.291666984558105,9.375,5.29133415222168,549000
1995-06-16,9.333333015441895,9.333333015441895,9.291666984558105,9.333333015441895,5.267817497253418,275100
1995-06-19,9.333333015441895,9.416666984558105,9.208333015441895,9.208333015441895,5.197264194488525,253500
1995-06-20,9.208333015441895,9.375,9.166666984558105,9.333333015441895,5.267817497253418,499500
1995-06-21,9.333333015441895,9.666666984558105,9.333333015441895,9.666666984558105,5.455951690673828,1280100
1995-06-22,10.333333015441895,10.458333015441895,10.166666984558105,10.208333015441895,5.761674880981445,1519800
1995-06-23,10.25,10.25,10.166666984558105,10.208333015441895,5.761674880981445,258000
1995-06-26,10.125,10.166666984558105,9.875,9.958333015441895,5.620574474334717,88500
1995-06-27,10.0,10.083333015441895,9.791666984558105,9.791666984558105,5.5265045166015625,1291500
1995-06-28,9.791666984558105,9.791666984558105,9.666666984558105,9.708333015441895,5.505712032318115,223800
1995-06-29,9.75,9.75,9.416666984558105,9.541666984558105,5.411193370819092,1238700
1995-06-30,9.625,9.75,9.583333015441895,9.666666984558105,5.482079982757568,76200
1995-07-03,9.708333015441895,9.708333015441895,9.5,9.5,5.387563228607178,23700
1995-07-05,9.583333015441895,9.75,9.541666984558105,9.583333015441895,5.434820652008057,592200
1995-07-06,9.625,9.666666984558105,9.5,9.666666984558105,5.482079982757568,125700
1995-07-07,9.708333015441895,9.916666984558105,9.625,9.875,5.600231170654297,79500
1995-07-10,9.916666984558105,10.25,9.916666984558105,9.916666984558105,5.623859882354736,165300
1995-07-11,9.833333015441895,9.916666984558105,9.75,9.833333015441895,5.576601982116699,91200
1995-07-12,9.916666984558105,10.083333015441895,9.875,10.0,5.671118259429932,607800
1995-07-13,10.083333015441895,10.25,10.083333015441895,10.208333015441895,5.789266586303711,352800
1995-07-14,10.166666984558105,10.25,10.166666984558105,10.208333015441895,5.789266586303711,115800
1995-07-17,10.208333015441895,10.208333015441895,9.958333015441895,10.041666984558105,5.694746017456055,387900
1995-07-18,10.0,10.0,9.958333015441895,9.958333015441895,5.647490978240967,190500
1995-07-19,10.0,10.0,9.791666984558105,9.916666984558105,5.623859882354736,70800
1995-07-20,9.916666984558105,10.041666984558105,9.875,10.0,5.671118259429932,366600
1995-07-21,9.958333015441895,9.958333015441895,9.958333015441895,9.958333015441895,5.647490978240967,76200
1995-07-24,10.0,10.0,9.916666984558105,9.916666984558105,5.623859882354736,374400
1995-07-25,9.958333015441895,10.0,9.875,9.875,5.600231170654297,1025400
1995-07-26,9.916666984558105,10.041666984558105,9.833333015441895,9.958333015441895,5.647490978240967,937800
1995-07-27,9.958333015441895,10.0,9.791666984558105,9.833333015441895,5.576601982116699,118800
1995-07-28,9.833333015441895,9.958333015441895,9.833333015441895,9.916666984558105,5.623859882354736,24300
1995-07-31,10.0,10.0,9.875,9.875,5.600231170654297,22500
1995-08-01,9.833333015441895,9.875,9.666666984558105,9.708333015441895,5.505712032318115,228000
1995-08-02,9.791666984558105,9.833333015441895,9.666666984558105,9.75,5.529341697692871,108300
1995-08-03,9.75,9.791666984558105,9.666666984558105,9.75,5.529341697692871,186600
1995-08-04,9.791666984558105,9.791666984558105,9.708333015441895,9.791666984558105,5.552969932556152,77700
1995-08-07,9.791666984558105,9.833333015441895,9.75,9.833333015441895,5.576601982116699,256800
1995-08-08,9.833333015441895,9.833333015441895,9.75,9.75,5.529341697692871,32700
1995-08-09,9.666666984558105,9.75,9.666666984558105,9.75,5.529341697692871,196200
1995-08-10,9.75,9.833333015441895,9.75,9.75,5.529341697692871,1044900
1995-08-11,9.791666984558105,9.833333015441895,9.791666984558105,9.791666984558105,5.552969932556152,178800
1995-08-14,9.708333015441895,10.0,9.708333015441895,10.0,5.671118259429932,640200
1995-08-15,10.0,10.166666984558105,9.958333015441895,10.0,5.671118259429932,204000
1995-08-16,10.0,10.125,10.0,10.083333015441895,5.718379020690918,51300
1995-08-17,10.125,10.166666984558105,10.0,10.0,5.671118259429932,66600
1995-08-18,10.0,10.0,9.875,10.0,5.671118259429932,98400
1995-08-21,10.083333015441895,10.083333015441895,9.916666984558105,9.916666984558105,5.623859882354736,264000
1995-08-22,9.958333015441895,10.083333015441895,9.916666984558105,10.083333015441895,5.718379020690918,156000
1995-08-23,10.083333015441895,10.166666984558105,10.041666984558105,10.041666984558105,5.694746017456055,214800
1995-08-24,10.041666984558105,10.125,10.041666984558105,10.041666984558105,5.694746017456055,579600
1995-08-25,10.041666984558105,10.083333015441895,10.041666984558105,10.041666984558105,5.694746017456055,27600
1995-08-28,10.125,10.166666984558105,10.0,10.0,5.671118259429932,341100
1995-08-29,10.0,10.041666984558105,9.875,9.875,5.600231170654297,154200
1995-08-30,9.916666984558105,10.166666984558105,9.916666984558105,10.166666984558105,5.765639305114746,431700
1995-08-31,10.166666984558105,10.25,10.166666984558105,10.25,5.812894821166992,223800
1995-09-01,10.25,10.333333015441895,10.25,10.291666984558105,5.83652925491333,276900
1995-09-05,10.25,10.458333015441895,10.208333015441895,10.458333015441895,5.931046009063721,311100
1995-09-06,10.583333015441895,10.625,10.375,10.625,6.025561332702637,468600
1995-09-07,10.583333015441895,10.916666984558105,10.5,10.916666984558105,6.190969467163086,517800
1995-09-08,10.916666984558105,11.083333015441895,10.875,11.0,6.238232135772705,273000
1995-09-11,11.083333015441895,11.416666984558105,11.041666984558105,11.416666984558105,6.474524974822998,664800
1995-09-12,11.416666984558105,11.458333015441895,11.333333015441895,11.416666984558105,6.474524974822998,209100
1995-09-13,11.5,11.541666984558105,11.458333015441895,11.458333015441895,6.4981560707092285,122100
1995-09-14,11.416666984558105,11.458333015441895,11.25,11.416666984558105,6.474524974822998,130800
1995-09-15,11.375,11.416666984558105,11.333333015441895,11.375,6.450898170471191,101400
1995-09-18,11.333333015441895,11.375,11.333333015441895,11.333333015441895,6.42726993560791,23400
1995-09-19,11.333333015441895,11.333333015441895,11.208333015441895,11.208333015441895,6.356381893157959,214200
1995-09-20,11.25,11.25,11.166666984558105,11.166666984558105,6.332749366760254,324000
1995-09-21,11.208333015441895,11.333333015441895,11.125,11.333333015441895,6.42726993560791,507900
1995-09-22,11.291666984558105,11.458333015441895,11.291666984558105,11.416666984558105,6.474524974822998,523800
1995-09-25,11.333333015441895,11.416666984558105,11.333333015441895,11.333333015441895,6.42726993560791,138000
1995-09-26,11.416666984558105,11.416666984558105,11.375,11.416666984558105,6.474524974822998,5100
1995-09-27,11.333333015441895,11.583333015441895,11.333333015441895,11.416666984558105,6.501100540161133,357600
1995-09-28,11.416666984558105,11.5,11.416666984558105,11.458333015441895,6.52482795715332,134700
1995-09-29,11.458333015441895,11.5,11.416666984558105,11.458333015441895,6.52482795715332,108300
1995-10-02,11.5,11.5,11.416666984558105,11.416666984558105,6.501100540161133,31200
1995-10-03,11.5,11.541666984558105,11.333333015441895,11.333333015441895,6.453648090362549,497100
1995-10-04,11.333333015441895,11.375,11.25,11.333333015441895,6.453648090362549,70800
1995-10-05,11.333333015441895,11.458333015441895,11.291666984558105,11.375,6.4773759841918945,334800
1995-10-06,11.458333015441895,11.458333015441895,11.291666984558105,11.291666984558105,6.429920196533203,313800
1995-10-09,11.333333015441895,11.333333015441895,11.291666984558105,11.333333015441895,6.453648090362549,446700
1995-10-10,11.291666984558105,11.375,11.291666984558105,11.333333015441895,6.453648090362549,280500
1995-10-11,11.375,11.375,11.25,11.333333015441895,6.453648090362549,265200
1995-10-12,11.25,11.25,11.083333015441895,11.083333015441895,6.311291217803955,40800
1995-10-13,10.958333015441895,11.333333015441895,10.916666984558105,11.333333015441895,6.453648090362549,1024500
1995-10-16,11.416666984558105,11.75,11.416666984558105,11.75,6.690914154052734,153900
1995-10-17,11.75,11.958333015441895,11.75,11.833333015441895,6.738365650177002,502800
1995-10-18,11.875,11.916666984558105,11.833333015441895,11.875,6.762097358703613,41100
1995-10-19,11.875,11.875,11.708333015441895,11.75,6.690914154052734,74700
1995-10-20,11.75,11.75,11.666666984558105,11.708333015441895,6.6671881675720215,75900
1995-10-23,11.708333015441895,11.708333015441895,11.583333015441895,11.625,6.619734287261963,32700
1995-10-24,11.625,11.708333015441895,11.583333015441895,11.583333015441895,6.596007823944092,138300
1995-10-25,11.583333015441895,11.625,11.541666984558105,11.583333015441895,6.596007823944092,253200
1995-10-26,11.541666984558105,11.583333015441895,11.333333015441895,11.333333015441895,6.453648090362549,266100
1995-10-27,11.333333015441895,11.333333015441895,10.916666984558105,11.0,6.263835430145264,1019100
1995-10-30,11.0,11.291666984558105,11.0,11.166666984558105,6.358741760253906,879000
1995-10-31,11.166666984558105,11.333333015441895,11.166666984558105,11.333333015441895,6.453648090362549,159000
1995-11-01,11.291666984558105,11.458333015441895,11.166666984558105,11.416666984558105,6.501100540161133,187200
1995-11-02,11.5,11.791666984558105,11.416666984558105,11.791666984558105,6.71464204788208,150000
1995-11-03,11.875,12.083333015441895,11.833333015441895,12.0,6.833272933959961,262200
1995-11-06,12.0,12.166666984558105,12.0,12.166666984558105,6.928185939788818,76200
1995-11-07,12.041666984558105,12.333333015441895,12.041666984558105,12.291666984558105,6.9993577003479,254700
1995-11-08,12.375,12.375,11.916666984558105,12.125,6.904454708099365,190800
1995-11-09,12.083333015441895,12.208333015441895,12.0,12.0,6.833272933959961,74100
1995-11-10,12.083333015441895,12.125,12.0,12.125,6.904454708099365,90600
1995-11-13,12.125,12.125,12.0,12.041666984558105,6.856999397277832,66300
1995-11-14,12.125,12.416666984558105,11.875,11.916666984558105,6.785822868347168,83100
1995-11-15,12.0,12.0,11.666666984558105,11.791666984558105,6.71464204788208,2504400
1995-11-16,11.75,11.791666984558105,11.666666984558105,11.75,6.690914154052734,2752200
1995-11-17,11.75,11.875,11.708333015441895,11.875,6.762097358703613,1811100
1995-11-20,12.0,12.0,11.916666984558105,12.0,6.833272933959961,565500
1995-11-21,12.0,12.083333015441895,11.958333015441895,12.041666984558105,6.856999397277832,592500
1995-11-22,12.0,12.083333015441895,12.0,12.083333015441895,6.8807291984558105,92100
1995-11-24,12.083333015441895,12.083333015441895,12.0,12.0,6.833272933959961,46800
1995-11-27,12.083333015441895,12.083333015441895,11.958333015441895,12.0,6.833272933959961,380400
1995-11-28,12.041666984558105,12.041666984558105,11.916666984558105,11.916666984558105,6.785822868347168,260400
1995-11-29,12.0,12.083333015441895,12.0,12.083333015441895,6.8807291984558105,96300
1995-11-30,12.0,12.083333015441895,12.0,12.083333015441895,6.8807291984558105,1476600
1995-12-01,12.083333015441895,12.083333015441895,11.875,11.958333015441895,6.8095479011535645,415200
1995-12-04,11.958333015441895,12.166666984558105,11.958333015441895,12.166666984558105,6.928185939788818,721500
1995-12-05,12.166666984558105,12.291666984558105,12.083333015441895,12.291666984558105,6.9993577003479,292800
1995-12-06,12.25,12.833333015441895,12.208333015441895,12.791666984558105,7.284078121185303,1380000
1995-12-07,13.166666984558105,13.333333015441895,12.916666984558105,13.083333015441895,7.4501633644104,582600
1995-12-08,13.0,13.0,12.833333015441895,12.833333015441895,7.307806968688965,252000
1995-12-11,12.833333015441895,13.041666984558105,12.833333015441895,12.916666984558105,7.355262279510498,62400
1995-12-12,13.0,13.0,12.833333015441895,12.958333015441895,7.378987789154053,289200
1995-12-13,13.041666984558105,13.083333015441895,12.958333015441895,13.0,7.402712821960449,216600
1995-12-14,13.0,13.0,12.833333015441895,12.833333015441895,7.307806968688965,326400
1995-12-15,12.833333015441895,12.833333015441895,12.708333015441895,12.75,7.260354518890381,551100
1995-12-18,12.791666984558105,12.791666984558105,12.291666984558105,12.583333015441895,7.165446758270264,88500
1995-12-19,12.666666984558105,12.75,12.583333015441895,12.666666984558105,7.212901592254639,419400
1995-12-20,12.666666984558105,12.666666984558105,12.541666984558105,12.666666984558105,7.212901592254639,752400
1995-12-21,12.75,13.0,12.625,12.875,7.331535816192627,513600
1995-12-22,12.833333015441895,13.166666984558105,12.833333015441895,12.916666984558105,7.355262279510498,460200
1995-12-26,13.0,13.041666984558105,12.916666984558105,13.041666984558105,7.426441192626953,75900
1995-12-27,13.0,13.083333015441895,13.0,13.083333015441895,7.476921081542969,52200
1995-12-28,13.083333015441895,13.083333015441895,13.0,13.0,7.429296016693115,59400
1995-12-29,13.0,13.25,13.0,13.25,7.572169303894043,140100
1996-01-02,13.166666984558105,13.208333015441895,13.125,13.125,7.500730991363525,249300
1996-01-03,13.125,13.125,12.958333015441895,13.041666984558105,7.4531121253967285,245100
1996-01-04,13.0,13.166666984558105,13.0,13.166666984558105,7.524545669555664,233700
1996-01-05,12.916666984558105,13.166666984558105,12.916666984558105,13.0,7.429296016693115,669900
1996-01-08,13.0,13.0,12.833333015441895,12.833333015441895,7.334048748016357,69300
1996-01-09,12.833333015441895,12.916666984558105,12.708333015441895,12.708333015441895,7.262617588043213,458100
1996-01-10,12.833333015441895,12.833333015441895,12.666666984558105,12.666666984558105,7.238804817199707,247200
1996-01-11,12.75,12.75,12.583333015441895,12.75,7.286428451538086,369000
1996-01-12,12.708333015441895,12.875,12.708333015441895,12.833333015441895,7.334048748016357,319200
1996-01-15,12.875,12.916666984558105,12.875,12.916666984558105,7.381673336029053,262200
1996-01-16,12.875,13.0,12.666666984558105,12.875,7.357862949371338,370200
1996-01-17,12.916666984558105,13.208333015441895,12.833333015441895,13.083333015441895,7.476921081542969,520200
1996-01-18,13.208333015441895,13.25,13.041666984558105,13.166666984558105,7.524545669555664,583200
1996-01-19,13.125,13.416666984558105,13.125,13.416666984558105,7.667413234710693,1007400
1996-01-22,13.708333015441895,14.416666984558105,13.708333015441895,14.333333015441895,8.191271781921387,2121000
1996-01-23,14.375,14.5,14.291666984558105,14.458333015441895,8.262713432312012,1548000
1996-01-24,14.5,14.666666984558105,14.458333015441895,14.5,8.286531448364258,1064100
1996-01-25,14.416666984558105,14.583333015441895,14.333333015441895,14.583333015441895,8.334152221679688,240900
1996-01-26,14.583333015441895,14.625,14.5,14.5,8.286531448364258,201300
1996-01-29,14.458333015441895,14.583333015441895,14.416666984558105,14.541666984558105,8.31033706665039,778500
1996-01-30,14.625,14.666666984558105,14.541666984558105,14.625,8.357964515686035,726000
1996-01-31,14.625,14.75,14.625,14.708333015441895,8.405582427978516,639000
1996-02-01,14.75,14.833333015441895,14.708333015441895,14.833333015441895,8.477023124694824,465300
1996-02-02,14.833333015441895,14.916666984558105,14.791666984558105,14.916666984558105,8.524640083312988,732000
1996-02-05,14.916666984558105,14.958333015441895,14.833333015441895,14.958333015441895,8.548453330993652,178800
1996-02-06,14.875,14.916666984558105,14.75,14.916666984558105,8.524640083312988,241500
1996-02-07,15.0,15.083333015441895,14.458333015441895,14.583333015441895,8.334152221679688,460800
1996-02-08,14.666666984558105,15.166666984558105,14.625,15.166666984558105,8.667513847351074,731700
1996-02-09,15.583333015441895,16.083332061767578,15.5,16.083332061767578,9.191370010375977,1912500
1996-02-12,16.083332061767578,16.791667938232422,16.083332061767578,16.25,9.286625862121582,2234700
1996-02-13,16.291667938232422,16.291667938232422,16.166667938232422,16.208332061767578,9.262807846069336,693000
1996-02-14,16.208332061767578,16.208332061767578,15.791666984558105,15.875,9.072318077087402,370800
1996-02-15,15.833333015441895,15.833333015441895,15.5,15.666666984558105,8.953255653381348,710400
1996-02-16,15.625,15.625,15.291666984558105,15.291666984558105,8.738946914672852,330600
1996-02-20,15.291666984558105,15.375,15.166666984558105,15.25,8.715139389038086,707100
1996-02-21,15.166666984558105,15.666666984558105,15.166666984558105,15.666666984558105,8.953255653381348,489300
1996-02-22,15.625,16.041667938232422,15.625,15.916666984558105,9.096131324768066,705900
1996-02-23,15.833333015441895,16.0,15.833333015441895,15.916666984558105,9.096131324768066,347700
1996-02-26,15.875,15.916666984558105,15.791666984558105,15.875,9.072318077087402,132900
1996-02-27,15.791666984558105,15.916666984558105,15.5,15.75,9.000879287719727,255300
1996-02-28,15.75,15.833333015441895,15.625,15.75,9.000879287719727,58500
1996-02-29,15.666666984558105,15.666666984558105,15.458333015441895,15.583333015441895,8.905632972717285,70500
1996-03-01,15.625,15.958333015441895,15.625,15.916666984558105,9.096131324768066,350700
1996-03-04,15.833333015441895,16.083332061767578,15.791666984558105,16.083332061767578,9.191370010375977,815700
1996-03-05,16.083332061767578,16.083332061767578,15.75,15.916666984558105,9.096131324768066,2340900
1996-03-06,15.833333015441895,15.916666984558105,15.75,15.833333015441895,9.048503875732422,337500
1996-03-07,15.75,15.791666984558105,15.666666984558105,15.666666984558105,8.953255653381348,465300
1996-03-08,15.583333015441895,15.583333015441895,15.166666984558105,15.291666984558105,8.738946914672852,332100
1996-03-11,15.125,15.166666984558105,14.875,15.0,8.57226848602295,357000
1996-03-12,15.0,15.0,14.708333015441895,14.833333015441895,8.477023124694824,99900
1996-03-13,14.708333015441895,15.083333015441895,14.708333015441895,14.958333015441895,8.548453330993652,430500
1996-03-14,15.041666984558105,15.041666984558105,14.583333015441895,14.666666984558105,8.3817720413208,435000
1996-03-15,14.5,14.708333015441895,14.416666984558105,14.708333015441895,8.405582427978516,530400
1996-03-18,14.625,14.791666984558105,14.541666984558105,14.666666984558105,8.3817720413208,138300
1996-03-19,14.583333015441895,14.583333015441895,14.416666984558105,14.583333015441895,8.334152221679688,911700
1996-03-20,14.666666984558105,14.666666984558105,14.458333015441895,14.541666984558105,8.31033706665039,286800
1996-03-21,14.5,14.541666984558105,14.5,14.5,8.286531448364258,446100
1996-03-22,14.541666984558105,14.958333015441895,14.541666984558105,14.958333015441895,8.548453330993652,237900
1996-03-25,14.875,15.0,14.833333015441895,15.0,8.57226848602295,282600
1996-03-26,15.0,15.291666984558105,15.0,15.25,8.715139389038086,193200
1996-03-27,15.208333015441895,15.416666984558105,14.958333015441895,15.0,8.59858226776123,262800
1996-03-28,14.916666984558105,14.958333015441895,14.833333015441895,14.875,8.52692699432373,747300
1996-03-29,14.916666984558105,14.916666984558105,14.791666984558105,14.875,8.52692699432373,124200
1996-04-01,14.916666984558105,14.958333015441895,14.833333015441895,14.875,8.52692699432373,314400
1996-04-02,14.791666984558105,15.0,14.791666984558105,14.875,8.52692699432373,128100
1996-04-03,14.833333015441895,15.125,14.833333015441895,15.125,8.670236587524414,1040400
1996-04-04,15.125,15.416666984558105,15.083333015441895,15.375,8.8135404586792,478800
1996-04-08,15.291666984558105,15.291666984558105,15.125,15.208333015441895,8.718002319335938,334800
1996-04-09,15.25,15.416666984558105,15.125,15.333333015441895,8.78966236114502,211200
1996-04-10,15.333333015441895,15.375,15.25,15.291666984558105,8.76577377319336,379800
1996-04-11,15.291666984558105,15.291666984558105,15.0,15.0,8.59858226776123,352800
1996-04-12,14.958333015441895,15.0,14.875,14.916666984558105,8.550806999206543,62100
1996-04-15,14.833333015441895,14.875,14.666666984558105,14.791666984558105,8.479157447814941,56400
1996-04-16,14.791666984558105,14.791666984558105,14.625,14.75,8.455270767211914,1774200
1996-04-17,14.75,14.75,14.625,14.666666984558105,8.407499313354492,108300
1996-04-18,14.666666984558105,14.666666984558105,14.5,14.583333015441895,8.359733581542969,820200
1996-04-19,14.583333015441895,14.666666984558105,14.5,14.5,8.31196403503418,136500
1996-04-22,14.625,14.75,14.625,14.708333015441895,8.431384086608887,396600
1996-04-23,14.875,14.958333015441895,14.833333015441895,14.875,8.52692699432373,636900
1996-04-24,14.916666984558105,14.916666984558105,14.583333015441895,14.708333015441895,8.431384086608887,901800
1996-04-25,14.791666984558105,15.041666984558105,14.583333015441895,14.916666984558105,8.550806999206543,396900
1996-04-26,14.958333015441895,14.958333015441895,14.583333015441895,14.583333015441895,8.359733581542969,307500
1996-04-29,14.666666984558105,14.708333015441895,14.541666984558105,14.666666984558105,8.407499313354492,381600
1996-04-30,14.583333015441895,14.666666984558105,14.583333015441895,14.666666984558105,8.407499313354492,207900
1996-05-01,14.625,15.0,14.583333015441895,15.0,8.59858226776123,71400
1996-05-02,14.875,14.958333015441895,14.541666984558105,14.708333015441895,8.431384086608887,987300
1996-05-03,14.625,14.666666984558105,14.541666984558105,14.583333015441895,8.359733581542969,200700
1996-05-06,14.541666984558105,14.541666984558105,14.25,14.25,8.168651580810547,48600
1996-05-07,14.083333015441895,14.166666984558105,13.916666984558105,13.916666984558105,7.977572917938232,178500
1996-05-08,13.833333015441895,14.041666984558105,13.5,14.041666984558105,8.049227714538574,951300
1996-05-09,14.041666984558105,14.416666984558105,14.041666984558105,14.333333015441895,8.21641731262207,240900
1996-05-10,14.458333015441895,14.791666984558105,14.458333015441895,14.75,8.455270767211914,124800
1996-05-13,14.666666984558105,14.833333015441895,14.583333015441895,14.625,8.383617401123047,307200
1996-05-14,14.625,14.666666984558105,14.25,14.5,8.31196403503418,390000
1996-05-15,14.5,14.666666984558105,14.458333015441895,14.458333015441895,8.288077354431152,396300
1996-05-16,14.541666984558105,14.916666984558105,14.541666984558105,14.875,8.52692699432373,800400
1996-05-17,14.791666984558105,15.0,14.791666984558105,14.958333015441895,8.574694633483887,206400
1996-05-20,15.0,15.166666984558105,15.0,15.083333015441895,8.64634895324707,669900
1996-05-21,15.083333015441895,15.416666984558105,15.083333015441895,15.333333015441895,8.78966236114502,273300
1996-05-22,15.333333015441895,15.666666984558105,15.333333015441895,15.625,8.956853866577148,333900
1996-05-23,15.583333015441895,16.041667938232422,15.541666984558105,16.0,9.171822547912598,820200
1996-05-24,16.0,16.291667938232422,16.0,16.208332061767578,9.291238784790039,421500
1996-05-28,16.208332061767578,16.208332061767578,16.0,16.166667938232422,9.267359733581543,601500
1996-05-29,16.25,16.416667938232422,16.25,16.416667938232422,9.410669326782227,435900
1996-05-30,16.375,16.416667938232422,16.333332061767578,16.416667938232422,9.410669326782227,472200
1996-05-31,16.333332061767578,16.333332061767578,16.25,16.333332061767578,9.362899780273438,1194600
1996-06-03,16.333332061767578,16.333332061767578,15.958333015441895,16.041667938232422,9.195704460144043,685800
1996-06-04,16.041667938232422,16.041667938232422,15.083333015441895,15.416666984558105,8.837433815002441,804900
1996-06-05,15.416666984558105,15.416666984558105,14.833333015441895,15.0,8.59858226776123,375600
1996-06-06,15.083333015441895,15.291666984558105,14.75,14.791666984558105,8.479157447814941,891600
1996-06-07,14.708333015441895,14.875,14.541666984558105,14.666666984558105,8.407499313354492,414600
1996-06-10,14.916666984558105,15.0,14.791666984558105,14.833333015441895,8.50304126739502,674700
1996-06-11,14.75,14.958333015441895,14.75,14.875,8.52692699432373,833700
1996-06-12,14.75,14.958333015441895,14.75,14.958333015441895,8.609419822692871,666600
1996-06-13,14.916666984558105,14.958333015441895,14.875,14.875,8.561460494995117,223500
1996-06-14,14.875,15.0,14.875,14.958333015441895,8.609419822692871,315600
1996-06-17,14.916666984558105,15.291666984558105,14.916666984558105,15.291666984558105,8.801275253295898,322800
1996-06-18,15.291666984558105,15.458333015441895,15.291666984558105,15.375,8.849235534667969,232800
1996-06-19,15.333333015441895,15.541666984558105,15.333333015441895,15.541666984558105,8.945169448852539,341100
1996-06-20,15.541666984558105,15.833333015441895,15.5,15.75,9.065073013305664,844500
1996-06-21,15.75,16.25,15.75,16.208332061767578,9.32887077331543,405300
1996-06-24,16.208332061767578,16.5,16.0,16.0,9.208969116210938,278100
1996-06-25,16.0,16.0,15.833333015441895,15.875,9.137020111083984,128400
1996-06-26,15.833333015441895,15.958333015441895,15.625,15.791666984558105,9.089056968688965,573300
1996-06-27,15.791666984558105,15.875,15.541666984558105,15.875,9.137020111083984,504600
1996-06-28,15.875,15.875,15.625,15.666666984558105,9.017105102539062,246900
1996-07-01,15.666666984558105,15.666666984558105,15.625,15.666666984558105,9.017105102539062,409800
1996-07-02,15.666666984558105,15.666666984558105,15.583333015441895,15.583333015441895,8.969144821166992,105900
1996-07-03,15.625,15.625,15.541666984558105,15.625,8.99312973022461,135000
1996-07-05,15.625,15.625,15.583333015441895,15.625,8.99312973022461,39900
1996-07-08,15.5,15.5,14.833333015441895,14.833333015441895,8.537479400634766,279600
1996-07-09,14.875,14.875,14.5,14.708333015441895,8.46552848815918,384600
1996-07-10,14.791666984558105,14.833333015441895,14.708333015441895,14.75,8.489513397216797,258600
1996-07-11,14.666666984558105,14.75,14.541666984558105,14.75,8.489513397216797,185100
1996-07-12,14.666666984558105,14.75,14.666666984558105,14.75,8.489513397216797,388200
1996-07-15,14.666666984558105,14.666666984558105,14.125,14.125,8.129788398742676,72900
1996-07-16,14.166666984558105,14.166666984558105,13.625,13.916666984558105,8.009881019592285,604500
1996-07-17,14.333333015441895,14.375,14.0,14.166666984558105,8.15377140045166,215400
1996-07-18,14.166666984558105,14.166666984558105,13.666666984558105,14.083333015441895,8.105812072753906,918600
1996-07-19,14.166666984558105,14.625,14.083333015441895,14.5,8.34562873840332,111600
1996-07-22,14.458333015441895,14.458333015441895,14.291666984558105,14.291666984558105,8.225716590881348,72000
1996-07-23,14.208333015441895,14.5,13.958333015441895,14.458333015441895,8.32164192199707,854700
1996-07-24,14.375,14.541666984558105,14.25,14.541666984558105,8.369606971740723,429300
1996-07-25,14.541666984558105,14.666666984558105,14.5,14.541666984558105,8.369606971740723,1245600
1996-07-26,14.583333015441895,14.708333015441895,14.5,14.666666984558105,8.441551208496094,410400
1996-07-29,14.666666984558105,14.666666984558105,14.541666984558105,14.625,8.417570114135742,96000
1996-07-30,14.666666984558105,14.666666984558105,14.5,14.666666984558105,8.441551208496094,192900
1996-07-31,14.666666984558105,14.666666984558105,14.583333015441895,14.666666984558105,8.441551208496094,783000
1996-08-01,14.666666984558105,14.75,14.625,14.75,8.489513397216797,1023300
1996-08-02,14.75,14.833333015441895,14.708333015441895,14.791666984558105,8.513496398925781,801600
1996-08-05,14.791666984558105,14.791666984558105,14.625,14.666666984558105,8.441551208496094,746100
1996-08-06,14.666666984558105,14.833333015441895,14.541666984558105,14.833333015441895,8.537479400634766,983400
1996-08-07,14.833333015441895,15.375,14.75,15.375,8.849235534667969,915000
1996-08-08,15.333333015441895,15.375,15.208333015441895,15.25,8.777291297912598,319800
1996-08-09,15.25,15.666666984558105,15.25,15.458333015441895,8.897200584411621,965700
1996-08-12,15.458333015441895,15.583333015441895,15.458333015441895,15.583333015441895,8.969144821166992,437700
1996-08-13,15.583333015441895,15.583333015441895,15.291666984558105,15.416666984558105,8.873226165771484,387000
1996-08-14,15.458333015441895,15.541666984558105,15.333333015441895,15.541666984558105,8.945169448852539,729000
1996-08-15,15.583333015441895,15.708333015441895,15.541666984558105,15.583333015441895,8.969144821166992,678900
1996-08-16,15.666666984558105,15.666666984558105,15.625,15.666666984558105,9.017105102539062,66300
1996-08-19,15.666666984558105,15.666666984558105,15.5,15.541666984558105,8.945169448852539,249600
1996-08-20,15.666666984558105,15.75,15.666666984558105,15.75,9.065073013305664,1150200
1996-08-21,15.75,15.75,15.625,15.666666984558105,9.017105102539062,859800
1996-08-22,15.666666984558105,15.666666984558105,15.625,15.666666984558105,9.017105102539062,349800
1996-08-23,15.625,15.666666984558105,15.583333015441895,15.625,8.99312973022461,584100
1996-08-26,15.583333015441895,15.666666984558105,15.583333015441895,15.666666984558105,9.017105102539062,640500
1996-08-27,15.666666984558105,15.666666984558105,15.541666984558105,15.541666984558105,8.945169448852539,266700
1996-08-28,15.541666984558105,15.625,15.416666984558105,15.416666984558105,8.873226165771484,155700
1996-08-29,15.375,15.708333015441895,15.375,15.708333015441895,9.041090965270996,193200
1996-08-30,15.708333015441895,15.708333015441895,15.5,15.541666984558105,8.945169448852539,69600
1996-09-03,15.5,15.5,15.416666984558105,15.458333015441895,8.897200584411621,93900
1996-09-04,15.416666984558105,15.666666984558105,15.375,15.666666984558105,9.017105102539062,231600
1996-09-05,15.583333015441895,15.666666984558105,15.583333015441895,15.666666984558105,9.017105102539062,320100
1996-09-06,15.625,15.75,15.625,15.708333015441895,9.041090965270996,226500
1996-09-09,15.708333015441895,15.75,15.708333015441895,15.708333015441895,9.041090965270996,395700
1996-09-10,15.666666984558105,15.75,15.625,15.708333015441895,9.041090965270996,264900
1996-09-11,15.708333015441895,15.708333015441895,15.541666984558105,15.625,8.99312973022461,845400
1996-09-12,15.625,15.666666984558105,15.625,15.666666984558105,9.017105102539062,159900
1996-09-13,15.625,15.666666984558105,15.625,15.666666984558105,9.017105102539062,884700
1996-09-16,15.666666984558105,15.708333015441895,15.583333015441895,15.666666984558105,9.017105102539062,465000
1996-09-17,15.666666984558105,15.75,15.625,15.75,9.065073013305664,257700
1996-09-18,15.666666984558105,15.75,15.625,15.75,9.065073013305664,762300
1996-09-19,15.75,15.75,15.666666984558105,15.75,9.065073013305664,972300
1996-09-20,15.75,15.791666984558105,15.666666984558105,15.791666984558105,9.089056968688965,337200
1996-09-23,15.75,15.875,15.708333015441895,15.833333015441895,9.113037109375,327300
1996-09-24,15.916666984558105,16.0,15.75,15.833333015441895,9.113037109375,754800
1996-09-25,15.833333015441895,15.958333015441895,15.791666984558105,15.958333015441895,9.184980392456055,1917600
1996-09-26,15.875,16.625,15.875,16.583332061767578,9.580733299255371,1431600
1996-09-27,16.583332061767578,17.333332061767578,16.583332061767578,17.333332061767578,10.014026641845703,769200
1996-09-30,17.166667938232422,17.666667938232422,17.166667938232422,17.625,10.182531356811523,1383600
1996-10-01,17.625,17.666667938232422,17.416667938232422,17.541667938232422,10.134392738342285,883500
1996-10-02,18.0,18.083332061767578,17.833332061767578,18.083332061767578,10.447327613830566,409200
1996-10-03,18.083332061767578,18.708332061767578,18.083332061767578,18.625,10.760270118713379,1573800
1996-10-04,18.666667938232422,18.958332061767578,18.666667938232422,18.75,10.83248233795166,356100
1996-10-07,18.833332061767578,19.083332061767578,18.75,19.083332061767578,11.025059700012207,448500
1996-10-08,19.083332061767578,19.083332061767578,18.625,18.75,10.83248233795166,425100
1996-10-09,18.75,18.833332061767578,18.583332061767578,18.708332061767578,10.8084077835083,1458000
1996-10-10,18.75,18.916667938232422,18.666667938232422,18.875,10.904696464538574,626100
1996-10-11,18.916667938232422,18.916667938232422,18.666667938232422,18.708332061767578,10.8084077835083,25500
1996-10-14,18.666667938232422,18.708332061767578,18.583332061767578,18.583332061767578,10.73619270324707,1011000
1996-10-15,18.583332061767578,18.625,18.333332061767578,18.5,10.688051223754883,558900
1996-10-16,18.625,18.625,18.166667938232422,18.25,10.543619155883789,182400
1996-10-17,18.291667938232422,18.291667938232422,18.125,18.125,10.471395492553711,118500
1996-10-18,18.166667938232422,18.166667938232422,17.833332061767578,18.166667938232422,10.49547004699707,239700
1996-10-21,18.208332061767578,18.208332061767578,17.833332061767578,17.916667938232422,10.351041793823242,227400
1996-10-22,18.0,18.0,17.583332061767578,17.666667938232422,10.206604957580566,147000
1996-10-23,17.666667938232422,17.666667938232422,17.25,17.458332061767578,10.08624267578125,479100
1996-10-24,17.166667938232422,17.916667938232422,17.166667938232422,17.666667938232422,10.206604957580566,504000
1996-10-25,17.625,17.666667938232422,17.416667938232422,17.541667938232422,10.134392738342285,373800
1996-10-28,17.5,17.833332061767578,17.458332061767578,17.791667938232422,10.278818130493164,518700
1996-10-29,17.833332061767578,17.958332061767578,17.708332061767578,17.875,10.32696533203125,308100
1996-10-30,17.958332061767578,18.166667938232422,17.791667938232422,18.041667938232422,10.423255920410156,315900
1996-10-31,17.958332061767578,18.416667938232422,17.958332061767578,18.25,10.543619155883789,491100
1996-11-01,18.5,18.791667938232422,18.5,18.75,10.83248233795166,454800
1996-11-04,18.666667938232422,19.166667938232422,18.666667938232422,19.166667938232422,11.073205947875977,564000
1996-11-05,19.166667938232422,19.5,19.166667938232422,19.5,11.265786170959473,255900
1996-11-06,19.5,19.5,19.25,19.333332061767578,11.169488906860352,539400
1996-11-07,19.333332061767578,19.416667938232422,19.208332061767578,19.416667938232422,11.21764087677002,294600
1996-11-08,19.416667938232422,19.458332061767578,19.375,19.458332061767578,11.241705894470215,372600
1996-11-11,19.375,19.416667938232422,19.291667938232422,19.333332061767578,11.169488906860352,289500
1996-11-12,19.291667938232422,19.5,19.291667938232422,19.5,11.265786170959473,185700
1996-11-13,19.5,19.5,19.416667938232422,19.458332061767578,11.241705894470215,94200
1996-11-14,19.416667938232422,19.583332061767578,19.25,19.5,11.265786170959473,258300
1996-11-15,19.541667938232422,19.666667938232422,19.5,19.541667938232422,11.289856910705566,330300
1996-11-18,19.5,19.875,19.5,19.75,11.4102201461792,97200
1996-11-19,19.666667938232422,19.916667938232422,19.666667938232422,19.916667938232422,11.506505966186523,303900
1996-11-20,20.0,20.0,19.708332061767578,19.75,11.4102201461792,202500
1996-11-21,19.75,19.75,19.458332061767578,19.458332061767578,11.241705894470215,1067700
1996-11-22,19.5,19.541667938232422,19.333332061767578,19.375,11.19356918334961,110100
1996-11-25,19.416667938232422,19.458332061767578,19.333332061767578,19.416667938232422,11.21764087677002,189300
1996-11-26,19.375,19.375,18.958332061767578,19.083332061767578,11.025059700012207,422700
1996-11-27,19.125,19.208332061767578,19.0,19.208332061767578,11.097281455993652,132900
1996-11-29,19.166667938232422,19.291667938232422,19.125,19.291667938232422,11.145418167114258,31500
1996-12-02,19.208332061767578,19.541667938232422,19.125,19.541667938232422,11.289856910705566,147000
1996-12-03,19.5,20.0,19.5,19.916667938232422,11.506505966186523,525600
1996-12-04,19.916667938232422,20.0,19.791667938232422,19.833332061767578,11.458355903625488,851100
1996-12-05,19.75,19.75,19.5,19.5,11.265786170959473,404700
1996-12-06,19.416667938232422,19.583332061767578,19.333332061767578,19.583332061767578,11.313925743103027,260700
1996-12-09,19.666667938232422,19.75,19.166667938232422,19.75,11.4102201461792,226500
1996-12-10,19.75,19.75,19.541667938232422,19.666667938232422,11.36207103729248,147300
1996-12-11,19.541667938232422,19.541667938232422,19.416667938232422,19.541667938232422,11.289856910705566,266100
1996-12-12,19.625,20.0,19.541667938232422,19.833332061767578,11.458355903625488,154500
1996-12-13,19.875,20.0,19.541667938232422,19.916667938232422,11.506505966186523,436500
1996-12-16,19.833332061767578,19.833332061767578,19.583332061767578,19.666667938232422,11.36207103729248,327300
1996-12-17,19.416667938232422,19.625,19.25,19.333332061767578,11.169488906860352,527400
1996-12-18,19.416667938232422,19.416667938232422,19.25,19.25,11.121344566345215,43800
1996-12-19,19.083332061767578,19.416667938232422,19.0,19.208332061767578,11.097281455993652,1151700
1996-12-20,19.208332061767578,19.208332061767578,19.0,19.0,10.976916313171387,211200
1996-12-23,18.916667938232422,19.083332061767578,18.75,18.791667938232422,10.856555938720703,241500
1996-12-24,18.583332061767578,18.833332061767578,18.583332061767578,18.833332061767578,10.880629539489746,114000
1996-12-26,18.875,18.875,18.583332061767578,18.666667938232422,10.784334182739258,594600
1996-12-27,18.666667938232422,18.916667938232422,18.666667938232422,18.833332061767578,10.915716171264648,262200
1996-12-30,18.75,19.291667938232422,18.666667938232422,19.25,11.157207489013672,330600
1996-12-31,19.25,20.083332061767578,19.25,20.041667938232422,11.616057395935059,855900
1997-01-02,20.041667938232422,20.041667938232422,19.75,19.958332061767578,11.567761421203613,352200
1997-01-03,19.875,20.0,19.666667938232422,19.916667938232422,11.543611526489258,478800
1997-01-06,20.0,20.0,19.625,19.916667938232422,11.543611526489258,214200
1997-01-07,19.916667938232422,19.916667938232422,19.625,19.875,11.519454956054688,133200
1997-01-08,19.958332061767578,20.0,19.791667938232422,19.958332061767578,11.567761421203613,1333800
1997-01-09,20.0,20.416667938232422,19.833332061767578,20.25,11.736806869506836,293700
1997-01-10,20.083332061767578,20.083332061767578,19.833332061767578,20.041667938232422,11.616057395935059,105300
1997-01-13,19.958332061767578,19.958332061767578,19.666667938232422,19.708332061767578,11.422857284545898,93300
1997-01-14,19.708332061767578,19.708332061767578,19.5,19.666667938232422,11.398710250854492,178800
1997-01-15,19.583332061767578,19.916667938232422,19.583332061767578,19.75,11.447012901306152,131100
1997-01-16,19.75,19.833332061767578,19.5,19.583332061767578,11.350409507751465,156600
1997-01-17,19.541667938232422,19.666667938232422,19.333332061767578,19.666667938232422,11.398710250854492,147900
1997-01-20,19.75,20.041667938232422,19.583332061767578,20.041667938232422,11.616057395935059,111300
1997-01-21,20.0,20.0,19.5,19.5,11.302114486694336,136200
1997-01-22,19.5,19.5,18.916667938232422,19.125,11.084761619567871,2332200
1997-01-23,19.208332061767578,19.291667938232422,19.166667938232422,19.166667938232422,11.10891342163086,752400
1997-01-24,19.166667938232422,19.208332061767578,18.708332061767578,18.875,10.939861297607422,2492400
1997-01-27,18.791667938232422,19.291667938232422,18.791667938232422,19.208332061767578,11.133066177368164,279300
1997-01-28,19.416667938232422,19.666667938232422,19.083332061767578,19.208332061767578,11.133066177368164,726000
1997-01-29,19.166667938232422,19.166667938232422,18.875,18.916667938232422,10.964011192321777,72600
1997-01-30,19.208332061767578,19.25,19.0,19.083332061767578,11.060612678527832,185400
1997-01-31,19.041667938232422,19.75,19.041667938232422,19.708332061767578,11.422857284545898,224100
1997-02-03,20.333332061767578,20.333332061767578,19.75,19.958332061767578,11.567761421203613,780900
1997-02-04,19.916667938232422,20.166667938232422,19.916667938232422,20.0,11.59190559387207,558000
1997-02-05,20.083332061767578,20.083332061767578,19.5,19.791667938232422,11.471161842346191,468900
1997-02-06,19.875,19.958332061767578,19.75,19.833332061767578,11.495305061340332,200400
1997-02-07,19.833332061767578,20.0,19.791667938232422,19.875,11.519454956054688,487200
1997-02-10,19.875,19.958332061767578,19.791667938232422,19.916667938232422,11.543611526489258,457800
1997-02-11,19.875,19.916667938232422,19.875,19.916667938232422,11.543611526489258,100800
1997-02-12,19.958332061767578,19.958332061767578,19.833332061767578,19.833332061767578,11.495305061340332,165900
1997-02-13,19.875,19.958332061767578,19.833332061767578,19.958332061767578,11.567761421203613,416700
1997-02-14,19.958332061767578,19.958332061767578,19.875,19.916667938232422,11.543611526489258,394500
1997-02-18,20.0,20.5,20.0,20.333332061767578,11.785107612609863,473400
1997-02-19,20.333332061767578,20.875,20.333332061767578,20.666667938232422,11.978306770324707,2066100
1997-02-20,20.625,21.333332061767578,20.625,21.125,12.243955612182617,977100
1997-02-21,20.916667938232422,21.666667938232422,20.833332061767578,21.541667938232422,12.485452651977539,543300
1997-02-24,21.625,21.75,21.583332061767578,21.75,12.606202125549316,610500
1997-02-25,21.708332061767578,21.916667938232422,21.625,21.666667938232422,12.557902336120605,684600
1997-02-26,21.583332061767578,21.666667938232422,21.458332061767578,21.625,12.533750534057617,300300
1997-02-27,21.583332061767578,21.666667938232422,21.541667938232422,21.583332061767578,12.509600639343262,327900
1997-02-28,21.625,21.666667938232422,21.5,21.666667938232422,12.557902336120605,212100
1997-03-03,21.666667938232422,21.666667938232422,21.583332061767578,21.666667938232422,12.557902336120605,311400
1997-03-04,21.666667938232422,21.666667938232422,21.541667938232422,21.541667938232422,12.485452651977539,177000
1997-03-05,21.5,21.625,21.416667938232422,21.625,12.533750534057617,346200
1997-03-06,21.625,21.625,21.541667938232422,21.583332061767578,12.509600639343262,143100
1997-03-07,21.583332061767578,21.625,21.458332061767578,21.583332061767578,12.509600639343262,504000
1997-03-10,21.625,21.666667938232422,21.583332061767578,21.625,12.533750534057617,128100
1997-03-11,21.625,22.125,21.625,22.083332061767578,12.799402236938477,319800
1997-03-12,22.125,22.125,21.791667938232422,21.791667938232422,12.630352020263672,240900
1997-03-13,21.791667938232422,21.791667938232422,21.5,21.583332061767578,12.509600639343262,297900
1997-03-14,21.625,21.625,21.541667938232422,21.541667938232422,12.485452651977539,339900
1997-03-17,21.666667938232422,21.666667938232422,21.541667938232422,21.541667938232422,12.485452651977539,535200
1997-03-18,21.583332061767578,21.625,21.458332061767578,21.541667938232422,12.485452651977539,326100
1997-03-19,21.541667938232422,21.625,21.291667938232422,21.291667938232422,12.340550422668457,201900
1997-03-20,21.25,21.25,21.041667938232422,21.125,12.243955612182617,216600
1997-03-21,21.083332061767578,21.5,20.875,21.208332061767578,12.292258262634277,353400
1997-03-24,21.125,21.333332061767578,21.041667938232422,21.041667938232422,12.195652961730957,354900
1997-03-25,21.125,21.666667938232422,21.125,21.541667938232422,12.485452651977539,167100
1997-03-26,21.416667938232422,21.416667938232422,21.208332061767578,21.25,12.350801467895508,188700
1997-03-27,21.25,21.416667938232422,21.166667938232422,21.166667938232422,12.30236530303955,342600
1997-03-31,21.083332061767578,21.333332061767578,20.916667938232422,21.333332061767578,12.399236679077148,224400
1997-04-01,21.208332061767578,21.333332061767578,21.125,21.125,12.278154373168945,274500
1997-04-02,21.208332061767578,21.416667938232422,21.041667938232422,21.041667938232422,12.229720115661621,452100
1997-04-03,21.166667938232422,21.166667938232422,20.833332061767578,20.833332061767578,12.108630180358887,296100
1997-04-04,20.833332061767578,21.0,20.708332061767578,20.75,12.060196876525879,692700
1997-04-07,20.666667938232422,20.708332061767578,20.333332061767578,20.375,11.842238426208496,1615800
1997-04-08,20.291667938232422,20.291667938232422,20.125,20.208332061767578,11.745367050170898,155100
1997-04-09,20.25,20.25,19.833332061767578,20.25,11.7695894241333,759300
1997-04-10,20.25,20.291667938232422,20.083332061767578,20.166667938232422,11.721151351928711,82800
1997-04-11,20.083332061767578,20.083332061767578,19.875,19.875,11.551633834838867,161100
1997-04-14,19.791667938232422,19.791667938232422,19.208332061767578,19.416667938232422,11.285244941711426,183600
1997-04-15,19.5,20.458332061767578,19.5,20.416667938232422,11.866459846496582,781800
1997-04-16,20.416667938232422,20.416667938232422,20.083332061767578,20.375,11.842238426208496,78000
1997-04-17,20.375,20.5,20.125,20.25,11.7695894241333,139800
1997-04-18,20.208332061767578,20.291667938232422,20.125,20.166667938232422,11.721151351928711,84600
1997-04-21,20.125,20.333332061767578,20.125,20.166667938232422,11.721151351928711,456600
1997-04-22,20.25,20.25,19.916667938232422,19.958332061767578,11.600066184997559,187200
1997-04-23,20.041667938232422,20.166667938232422,19.958332061767578,19.958332061767578,11.600066184997559,738900
1997-04-24,19.875,19.958332061767578,19.5,19.666667938232422,11.430541038513184,612600
1997-04-25,19.625,19.666667938232422,19.416667938232422,19.583332061767578,11.382113456726074,280500
1997-04-28,19.5,19.666667938232422,19.458332061767578,19.666667938232422,11.430541038513184,342000
1997-04-29,19.833332061767578,20.083332061767578,19.833332061767578,20.0,11.624286651611328,514500
1997-04-30,20.0,20.041667938232422,19.916667938232422,20.0,11.624286651611328,276000
1997-05-01,20.0,20.0,19.875,19.958332061767578,11.600066184997559,731400
1997-05-02,20.0,20.291667938232422,20.0,20.291667938232422,11.793810844421387,434100
1997-05-05,20.375,20.458332061767578,20.25,20.458332061767578,11.890669822692871,441900
1997-05-06,20.416667938232422,20.416667938232422,20.25,20.375,11.842238426208496,272400
1997-05-07,20.333332061767578,20.333332061767578,20.041667938232422,20.125,11.696935653686523,145200
1997-05-08,20.041667938232422,20.416667938232422,19.958332061767578,20.291667938232422,11.793810844421387,203400
1997-05-09,20.333332061767578,20.708332061767578,20.083332061767578,20.625,11.987542152404785,568800
1997-05-12,20.666667938232422,20.916667938232422,20.541667938232422,20.75,12.060196876525879,522000
1997-05-13,20.75,20.75,20.333332061767578,20.5,11.91489028930664,1713000
1997-05-14,20.583332061767578,20.625,20.5,20.625,11.987542152404785,172200
1997-05-15,20.583332061767578,20.583332061767578,20.5,20.541667938232422,11.939111709594727,296700
1997-05-16,20.583332061767578,20.583332061767578,20.333332061767578,20.375,11.842238426208496,286800
1997-05-19,20.375,20.625,20.291667938232422,20.541667938232422,11.939111709594727,251700
1997-05-20,20.458332061767578,20.791667938232422,20.333332061767578,20.75,12.060196876525879,317100
1997-05-21,20.666667938232422,20.75,20.541667938232422,20.666667938232422,12.011764526367188,456300
1997-05-22,20.708332061767578,20.708332061767578,20.541667938232422,20.583332061767578,11.963327407836914,145500
1997-05-23,20.625,20.791667938232422,20.541667938232422,20.791667938232422,12.084416389465332,264600
1997-05-27,20.708332061767578,20.75,20.583332061767578,20.666667938232422,12.011764526367188,286200
1997-05-28,20.666667938232422,20.708332061767578,20.625,20.708332061767578,12.035982131958008,230700
1997-05-29,20.666667938232422,20.833332061767578,20.5,20.791667938232422,12.084416389465332,129300
1997-05-30,20.708332061767578,21.375,20.583332061767578,21.25,12.350801467895508,2440500
1997-06-02,21.333332061767578,21.625,21.333332061767578,21.583332061767578,12.544538497924805,737400
1997-06-03,21.5,21.708332061767578,21.5,21.625,12.568761825561523,658800
1997-06-04,21.583332061767578,21.791667938232422,21.583332061767578,21.791667938232422,12.665629386901855,311400
1997-06-05,21.791667938232422,21.916667938232422,21.583332061767578,21.833332061767578,12.689836502075195,443700
1997-06-06,21.875,21.875,21.625,21.708332061767578,12.617193222045898,256500
1997-06-09,21.708332061767578,21.75,21.541667938232422,21.666667938232422,12.59298038482666,1935000
1997-06-10,21.666667938232422,21.708332061767578,21.375,21.375,12.423456192016602,554700
1997-06-11,21.458332061767578,21.791667938232422,21.458332061767578,21.75,12.64140796661377,2237400
1997-06-12,21.916667938232422,22.458332061767578,21.916667938232422,22.416667938232422,13.028894424438477,812700
1997-06-13,22.5,23.041667938232422,22.5,23.0,13.36793041229248,237000
1997-06-16,23.333332061767578,23.458332061767578,23.041667938232422,23.083332061767578,13.416364669799805,289500
1997-06-17,23.0,23.375,22.916667938232422,23.291667938232422,13.537449836730957,209100
1997-06-18,23.333332061767578,23.333332061767578,22.833332061767578,22.916667938232422,13.319490432739258,161100
1997-06-19,22.916667938232422,23.458332061767578,22.916667938232422,23.416667938232422,13.610101699829102,210000
1997-06-20,23.416667938232422,23.416667938232422,23.125,23.291667938232422,13.537449836730957,165600
1997-06-23,23.208332061767578,23.291667938232422,22.416667938232422,22.5,13.077319145202637,135300
1997-06-24,22.666667938232422,23.208332061767578,22.666667938232422,23.208332061767578,13.489013671875,522300
1997-06-25,23.416667938232422,24.166667938232422,23.416667938232422,23.958332061767578,13.924921989440918,455100
1997-06-26,23.895832061767578,24.833332061767578,23.895832061767578,24.75,14.42920970916748,632100
1997-06-27,24.666667938232422,25.020832061767578,24.583332061767578,24.875,14.502097129821777,422400
1997-06-30,24.958332061767578,24.958332061767578,24.583332061767578,24.625,14.356343269348145,482400
1997-07-01,24.541667938232422,24.666667938232422,24.416667938232422,24.5,14.28347396850586,243300
1997-07-02,24.75,25.583332061767578,24.708332061767578,25.270832061767578,14.732868194580078,761400
1997-07-03,25.375,25.875,25.375,25.791667938232422,15.036506652832031,949200
1997-07-07,25.8125,25.916667938232422,25.5,25.645832061767578,14.951483726501465,335700
1997-07-08,25.666667938232422,25.75,25.541667938232422,25.75,15.012214660644531,220200
1997-07-09,25.75,25.833332061767578,25.458332061767578,25.5,14.866462707519531,224700
1997-07-10,25.375,25.541667938232422,25.375,25.416667938232422,14.817891120910645,136800
1997-07-11,25.458332061767578,25.666667938232422,25.458332061767578,25.583332061767578,14.915051460266113,271200
1997-07-14,25.625,26.166667938232422,25.625,26.125,15.230839729309082,394500
1997-07-15,26.166667938232422,26.208332061767578,26.0,26.041667938232422,15.182266235351562,87300
1997-07-16,26.125,26.166667938232422,26.0,26.041667938232422,15.182266235351562,76800
1997-07-17,25.958332061767578,26.0625,25.958332061767578,25.979167938232422,15.14582347869873,228000
1997-07-18,25.895832061767578,25.916667938232422,25.4375,25.4375,14.830039024353027,216000
1997-07-21,25.375,25.4375,25.125,25.208332061767578,14.696425437927246,271500
1997-07-22,25.208332061767578,25.333332061767578,25.083332061767578,25.333332061767578,14.769304275512695,169200
1997-07-23,25.666667938232422,26.020832061767578,25.666667938232422,26.020832061767578,15.17011547088623,420000
1997-07-24,26.020832061767578,26.708332061767578,26.020832061767578,26.625,15.522342681884766,959100
1997-07-25,26.5,26.958332061767578,26.5,26.854167938232422,15.6559476852417,348300
1997-07-28,26.875,26.875,26.645832061767578,26.666667938232422,15.546635627746582,115800
1997-07-29,26.666667938232422,27.145832061767578,26.666667938232422,27.0,15.740962982177734,530400
1997-07-30,26.916667938232422,27.166667938232422,26.75,27.125,15.813841819763184,66900
1997-07-31,27.166667938232422,27.416667938232422,27.166667938232422,27.333332061767578,15.935296058654785,224100
1997-08-01,27.333332061767578,28.083332061767578,27.291667938232422,28.083332061767578,16.37255096435547,158700
1997-08-04,28.083332061767578,28.8125,28.083332061767578,28.3125,16.506155014038086,243600
1997-08-05,28.083332061767578,28.104167938232422,27.708332061767578,27.729167938232422,16.16607666015625,293400
1997-08-06,27.666667938232422,28.208332061767578,27.5,28.125,16.396841049194336,117000
1997-08-07,28.416667938232422,29.083332061767578,28.416667938232422,28.5,16.61546516418457,581700
1997-08-08,28.333332061767578,28.375,28.145832061767578,28.25,16.469717025756836,344700
1997-08-11,28.166667938232422,28.3125,27.854167938232422,28.0,16.32396697998047,477900
1997-08-12,27.666667938232422,27.666667938232422,27.354167938232422,27.375,15.959589004516602,144300
1997-08-13,27.458332061767578,27.541667938232422,27.0,27.083332061767578,15.789548873901367,310500
1997-08-14,27.0625,27.166667938232422,27.0,27.020832061767578,15.753117561340332,222600
1997-08-15,26.9375,27.041667938232422,26.729167938232422,26.729167938232422,15.583061218261719,264300
1997-08-18,26.645832061767578,27.125,26.395832061767578,27.0,15.740962982177734,267300
1997-08-19,27.041667938232422,27.916667938232422,27.0,27.916667938232422,16.275386810302734,364500
1997-08-20,27.916667938232422,28.0,27.583332061767578,27.895832061767578,16.263240814208984,194700
1997-08-21,27.895832061767578,27.979167938232422,27.604167938232422,27.8125,16.21466064453125,78300
1997-08-22,27.5,28.333332061767578,27.5,28.25,16.469717025756836,224700
1997-08-25,28.166667938232422,29.0,28.0,28.208332061767578,16.445430755615234,198900
1997-08-26,28.208332061767578,28.416667938232422,28.166667938232422,28.208332061767578,16.445430755615234,217800
1997-08-27,28.208332061767578,28.333332061767578,28.0,28.083332061767578,16.37255096435547,327600
1997-08-28,28.166667938232422,28.166667938232422,27.5,27.520832061767578,16.044612884521484,295800
1997-08-29,27.4375,27.833332061767578,27.4375,27.708332061767578,16.153928756713867,106800
1997-09-02,27.791667938232422,28.041667938232422,27.791667938232422,27.979167938232422,16.31182289123535,370800
1997-09-03,27.958332061767578,28.791667938232422,27.875,28.666667938232422,16.71263313293457,148500
1997-09-04,28.6875,29.333332061767578,28.666667938232422,29.0625,16.943405151367188,268500
1997-09-05,28.979167938232422,29.0,28.416667938232422,28.875,16.83409309387207,102300
1997-09-08,28.958332061767578,29.5,28.958332061767578,29.1875,17.01627540588379,684600
1997-09-09,29.1875,29.4375,29.1875,29.3125,17.089157104492188,237300
1997-09-10,29.583332061767578,29.645832061767578,28.833332061767578,28.916667938232422,16.8583927154541,242700
1997-09-11,28.916667938232422,28.916667938232422,28.4375,28.729167938232422,16.749074935913086,200100
1997-09-12,28.770832061767578,28.875,28.5625,28.583332061767578,16.66405487060547,124500
1997-09-15,28.583332061767578,29.041667938232422,28.583332061767578,29.041667938232422,16.931262969970703,130200
1997-09-16,29.125,29.125,28.9375,28.958332061767578,16.882673263549805,492600
1997-09-17,28.958332061767578,29.5,28.958332061767578,29.333332061767578,17.101299285888672,216300
1997-09-18,29.333332061767578,29.916667938232422,29.333332061767578,29.666667938232422,17.295631408691406,78300
1997-09-19,30.666667938232422,31.125,30.5625,30.854167938232422,17.987934112548828,519900
1997-09-22,30.875,32.41666793823242,30.666667938232422,32.14583206176758,18.740976333618164,543300
1997-09-23,32.14583206176758,32.75,32.14583206176758,32.16666793823242,18.75312614440918,256500
1997-09-24,32.0,32.0,31.25,31.3125,18.255142211914062,276300
1997-09-25,31.375,31.666667938232422,31.375,31.5,18.364469528198242,631500
1997-09-26,31.5,31.5,31.270832061767578,31.354167938232422,18.322093963623047,159300
1997-09-29,31.395832061767578,31.75,31.395832061767578,31.75,18.553409576416016,395700
1997-09-30,31.75,31.833332061767578,31.333332061767578,31.333332061767578,18.309917449951172,157800
1997-10-01,31.333332061767578,31.354167938232422,30.875,31.354167938232422,18.322093963623047,262800
1997-10-02,31.4375,31.833332061767578,31.125,31.791667938232422,18.577749252319336,148200
1997-10-03,31.791667938232422,33.625,31.791667938232422,33.25,19.42993927001953,232500
1997-10-06,33.33333206176758,33.41666793823242,33.0,33.33333206176758,19.4786319732666,458400
1997-10-07,33.33333206176758,33.52083206176758,33.0625,33.47916793823242,19.563867568969727,125400
1997-10-08,33.33333206176758,33.47916793823242,33.08333206176758,33.45833206176758,19.551673889160156,225600
1997-10-09,33.47916793823242,33.6875,33.33333206176758,33.33333206176758,19.4786319732666,236100
1997-10-10,33.29166793823242,33.29166793823242,32.58333206176758,32.95833206176758,19.259504318237305,110700
1997-10-13,33.0,33.0,32.0,32.0,18.699495315551758,109500
1997-10-14,32.0,32.91666793823242,32.0,32.66666793823242,19.089059829711914,204000
1997-10-15,32.625,32.625,32.0,32.0,18.699495315551758,139500
1997-10-16,32.0,32.5,32.0,32.5,18.991680145263672,188100
1997-10-17,32.45833206176758,32.45833206176758,31.666667938232422,31.708332061767578,18.529050827026367,89700
1997-10-20,31.791667938232422,32.0625,31.791667938232422,32.0,18.699495315551758,153300
1997-10-21,32.08333206176758,32.97916793823242,32.0,32.95833206176758,19.259504318237305,73500
1997-10-22,32.875,32.95833206176758,32.60416793823242,32.95833206176758,19.259504318237305,85500
1997-10-23,32.33333206176758,32.47916793823242,32.33333206176758,32.33333206176758,18.89427375793457,53700
1997-10-24,32.375,32.54166793823242,32.125,32.25,18.845579147338867,97200
1997-10-27,32.0,32.0,30.166667938232422,30.666667938232422,17.920352935791016,264900
1997-10-28,30.333332061767578,31.458332061767578,30.333332061767578,31.458332061767578,18.382965087890625,412500
1997-10-29,31.375,31.75,30.833332061767578,31.583332061767578,18.456010818481445,302700
1997-10-30,31.666667938232422,31.666667938232422,30.833332061767578,30.833332061767578,18.01774024963379,226800
1997-10-31,31.0,31.1875,30.583332061767578,30.979167938232422,18.102962493896484,324900
1997-11-03,30.916667938232422,31.208332061767578,30.583332061767578,30.875,18.04209327697754,105900
1997-11-04,30.875,30.916667938232422,30.541667938232422,30.916667938232422,18.066436767578125,173100
1997-11-05,31.25,31.333332061767578,30.9375,30.9375,18.078611373901367,225000
1997-11-06,30.9375,31.041667938232422,30.666667938232422,30.979167938232422,18.102962493896484,409500
1997-11-07,30.75,30.75,29.666667938232422,30.166667938232422,17.6281681060791,971100
1997-11-10,30.083332061767578,30.229167938232422,29.666667938232422,29.666667938232422,17.335988998413086,1017600
1997-11-11,29.833332061767578,30.583332061767578,29.666667938232422,30.583332061767578,17.87165069580078,693300
1997-11-12,30.5,30.5,30.0,30.0,17.530778884887695,419700
1997-11-13,30.0,30.479167938232422,29.916667938232422,29.979167938232422,17.518596649169922,412200
1997-11-14,30.0625,30.666667938232422,30.041667938232422,30.666667938232422,17.920352935791016,162900
1997-11-17,31.5,31.666667938232422,31.229167938232422,31.333332061767578,18.309917449951172,334500
1997-11-18,31.333332061767578,31.583332061767578,31.25,31.333332061767578,18.309917449951172,470700
1997-11-19,31.0,31.5,31.0,31.125,18.18817901611328,97800
1997-11-20,31.208332061767578,32.60416793823242,31.208332061767578,32.60416793823242,19.05254554748535,552000
1997-11-21,32.58333206176758,32.9375,32.33333206176758,32.77083206176758,19.149934768676758,459900
1997-11-24,32.66666793823242,33.08333206176758,32.66666793823242,32.6875,19.101238250732422,289200
1997-11-25,32.6875,32.9375,32.58333206176758,32.66666793823242,19.089059829711914,777900
1997-11-26,32.66666793823242,33.33333206176758,32.64583206176758,33.16666793823242,19.381248474121094,140700
1997-11-28,33.16666793823242,33.33333206176758,33.08333206176758,33.08333206176758,19.33254623413086,24300
1997-12-01,33.16666793823242,33.25,32.95833206176758,33.0,19.283851623535156,398100
1997-12-02,33.33333206176758,33.66666793823242,33.22916793823242,33.33333206176758,19.4786319732666,202800
1997-12-03,33.35416793823242,33.35416793823242,33.0,33.0,19.283851623535156,309900
1997-12-04,33.04166793823242,33.4375,33.0,33.41666793823242,19.527328491210938,429900
1997-12-05,33.41666793823242,33.41666793823242,32.85416793823242,33.0,19.283851623535156,192000
1997-12-08,33.25,33.25,33.04166793823242,33.125,19.356903076171875,129600
1997-12-09,33.125,33.125,31.75,31.75,18.553409576416016,912600
1997-12-10,32.0,32.0,31.416667938232422,31.458332061767578,18.429399490356445,606900
1997-12-11,31.416667938232422,31.416667938232422,30.666667938232422,30.666667938232422,17.96562385559082,362700
1997-12-12,30.666667938232422,31.083332061767578,30.666667938232422,30.666667938232422,17.96562385559082,308400
1997-12-15,30.666667938232422,31.0,30.666667938232422,30.770832061767578,18.026641845703125,440100
1997-12-16,30.833332061767578,30.916667938232422,30.375,30.395832061767578,17.806949615478516,832200
1997-12-17,30.479167938232422,31.0,30.4375,30.875,18.087661743164062,221100
1997-12-18,30.958332061767578,31.333332061767578,30.958332061767578,31.25,18.307355880737305,305400
1997-12-19,31.166667938232422,31.333332061767578,30.9375,31.1875,18.270736694335938,393600
1997-12-22,31.104167938232422,31.375,31.020832061767578,31.270832061767578,18.319564819335938,306600
1997-12-23,31.0,31.333332061767578,31.0,31.166667938232422,18.258533477783203,222900
1997-12-24,31.166667938232422,31.333332061767578,31.104167938232422,31.166667938232422,18.258533477783203,92700
1997-12-26,31.083332061767578,31.208332061767578,31.020832061767578,31.1875,18.270736694335938,87300
1997-12-29,31.270832061767578,31.5,31.270832061767578,31.395832061767578,18.392786026000977,336000
1997-12-30,31.395832061767578,31.458332061767578,31.0,31.458332061767578,18.429399490356445,867600
1997-12-31,31.0,32.16666793823242,31.0,32.16666793823242,18.84436798095703,441300
1998-01-02,32.08333206176758,32.08333206176758,31.395832061767578,31.645832061767578,18.539243698120117,106500
1998-01-05,31.625,31.791667938232422,31.166667938232422,31.5,18.45380973815918,1051500
1998-01-06,31.416667938232422,31.75,31.333332061767578,31.708332061767578,18.575862884521484,1424400
1998-01-07,31.791667938232422,32.41666793823242,31.5,31.8125,18.636890411376953,618600
1998-01-08,31.666667938232422,31.666667938232422,31.333332061767578,31.333332061767578,18.356172561645508,286800
1998-01-09,31.583332061767578,31.833332061767578,31.270832061767578,31.5,18.45380973815918,546000
1998-01-12,31.5,31.5,30.583332061767578,30.9375,18.12428092956543,540000
1998-01-13,30.854167938232422,31.416667938232422,30.854167938232422,31.416667938232422,18.404993057250977,216900
1998-01-14,31.333332061767578,32.0,31.229167938232422,32.0,18.746728897094727,199500
1998-01-15,31.854167938232422,32.08333206176758,31.75,31.75,18.600269317626953,236100
1998-01-16,31.75,32.35416793823242,31.75,32.25,18.8931884765625,138000
1998-01-20,32.25,32.75,31.833332061767578,32.66666793823242,19.137285232543945,141000
1998-01-21,32.16666793823242,32.5,31.875,31.916667938232422,18.697914123535156,568200
1998-01-22,32.0,32.0,30.6875,31.0,18.1608943939209,1454100
1998-01-23,30.75,31.166667938232422,30.75,31.0,18.1608943939209,448500
1998-01-26,30.916667938232422,30.9375,30.458332061767578,30.5,17.867979049682617,366600
1998-01-27,30.416667938232422,30.583332061767578,30.333332061767578,30.416667938232422,17.819162368774414,490800
1998-01-28,30.416667938232422,30.958332061767578,30.416667938232422,30.75,18.014434814453125,1991100
1998-01-29,30.75,31.0625,30.75,30.854167938232422,18.075464248657227,335700
1998-01-30,30.854167938232422,31.333332061767578,30.6875,31.020832061767578,18.17310333251953,323700
1998-02-02,31.25,31.416667938232422,30.958332061767578,31.333332061767578,18.356172561645508,282900
1998-02-03,31.166667938232422,32.08333206176758,31.0625,32.08333206176758,18.795547485351562,259800
1998-02-04,31.833332061767578,32.89583206176758,31.833332061767578,32.6875,19.149490356445312,300600
1998-02-05,32.77083206176758,33.0,32.72916793823242,32.8125,19.222721099853516,188100
1998-02-06,32.8125,33.10416793823242,32.64583206176758,32.75,19.186100006103516,177600
1998-02-09,32.83333206176758,32.875,31.666667938232422,31.666667938232422,18.551456451416016,352200
1998-02-10,31.75,32.79166793823242,31.75,32.66666793823242,19.137285232543945,188100
1998-02-11,32.58333206176758,32.75,32.58333206176758,32.58333206176758,19.08846092224121,361200
1998-02-12,32.83333206176758,33.58333206176758,32.83333206176758,33.3125,19.515640258789062,643200
1998-02-13,34.0,34.66666793823242,33.91666793823242,34.22916793823242,20.052648544311523,815100
1998-02-17,34.3125,34.33333206176758,33.33333206176758,33.33333206176758,19.5278377532959,312600
1998-02-18,33.16666793823242,33.5625,32.75,33.5,19.6254825592041,806100
1998-02-19,33.45833206176758,33.8125,33.0,33.6875,19.735322952270508,298500
1998-02-20,33.72916793823242,33.72916793823242,32.8125,32.91666793823242,19.28374671936035,153300
1998-02-23,33.0,33.72916793823242,33.0,33.35416793823242,19.540048599243164,224700
1998-02-24,33.1875,33.4375,33.10416793823242,33.125,19.40580177307129,210600
1998-02-25,33.14583206176758,33.39583206176758,33.125,33.33333206176758,19.5278377532959,199800
1998-02-26,33.0,33.41666793823242,33.0,33.27083206176758,19.491233825683594,473100
1998-02-27,33.27083206176758,33.27083206176758,32.6875,32.95833206176758,19.30814552307129,316200
1998-03-02,32.97916793823242,33.0,32.625,32.66666793823242,19.137285232543945,679800
1998-03-03,32.625,32.625,32.125,32.4375,19.00303840637207,121300
1998-03-04,32.4375,32.75,32.25,32.375,18.966411590576172,343100
1998-03-05,31.5,32.1875,31.5,31.8125,18.636890411376953,284900
1998-03-06,31.75,33.125,31.6875,32.875,19.259334564208984,286600
1998-03-09,32.625,33.875,32.25,33.25,19.479021072387695,253100
1998-03-10,33.0,33.5,33.0,33.5,19.6254825592041,225200
1998-03-11,33.75,34.4375,33.5625,34.1875,20.02824592590332,516200
1998-03-12,34.4375,35.25,34.25,34.5625,20.2479248046875,152000
1998-03-13,34.5625,35.25,34.5625,34.8125,20.394386291503906,329000
1998-03-16,34.9375,35.25,34.4375,34.625,20.2845516204834,284900
1998-03-17,34.5625,35.625,34.5,35.0625,20.54085922241211,350300
1998-03-18,35.0625,35.6875,34.75,35.3125,20.68730926513672,87800
1998-03-19,35.5,35.6875,35.0625,35.625,20.870380401611328,147800
1998-03-20,35.625,37.0,35.5625,36.5625,21.41960334777832,244500
1998-03-23,36.5625,36.5625,35.0,35.125,20.57746696472168,436200
1998-03-24,35.25,36.5,35.25,36.125,21.16329574584961,272800
1998-03-25,37.25,37.5,36.625,37.25,21.822370529174805,362300
1998-03-26,39.125,40.9375,39.125,40.9375,23.982641220092773,544500
1998-03-27,40.8125,42.5,38.875,39.4375,23.149118423461914,580600
1998-03-30,39.625,39.75,37.5,37.5,22.011831283569336,167000
1998-03-31,36.75,38.875,35.875,37.6875,22.121896743774414,236700
1998-04-01,37.75,38.375,36.9375,37.1875,21.828414916992188,378400
1998-04-02,37.1875,38.9375,37.0625,38.375,22.52544593811035,236700
1998-04-03,38.625,40.125,38.5,39.375,23.1124267578125,126300
1998-04-06,39.625,40.0,39.0625,39.625,23.259180068969727,156000
1998-04-07,39.625,39.625,38.25,38.5625,22.635499954223633,80600
1998-04-08,38.4375,38.75,38.1875,38.25,22.45208168029785,108600
1998-04-09,37.75,37.75,36.4375,37.5,22.011831283569336,170100
1998-04-13,37.375,37.5,37.0,37.1875,21.828414916992188,78000
1998-04-14,37.4375,37.9375,37.3125,37.875,22.231964111328125,177600
1998-04-15,37.75,38.5,37.5,38.375,22.52544593811035,1805200
1998-04-16,38.25,38.3125,36.8125,36.875,21.644969940185547,608000
1998-04-17,37.0,37.9375,36.75,37.875,22.231964111328125,275500
1998-04-20,37.875,37.9375,37.3125,37.625,22.085216522216797,369400
1998-04-21,38.0,38.0,36.8125,36.875,21.644969940185547,653800
1998-04-22,36.75,37.1875,36.0625,36.6875,21.53491973876953,1324500
1998-04-23,36.75,36.875,35.5625,35.75,20.9846134185791,271700
1998-04-24,35.875,36.0,34.25,35.6875,20.947935104370117,362200
1998-04-27,35.4375,35.4375,34.5,34.8125,20.4343204498291,430700
1998-04-28,35.0,36.0625,34.9375,36.0,21.13135528564453,587700
1998-04-29,37.0,37.0,36.0,36.625,21.49822235107422,191000
1998-04-30,36.875,37.9375,36.625,37.875,22.231964111328125,588500
1998-05-01,38.0,38.6875,37.6875,37.875,22.231964111328125,396700
1998-05-04,37.875,38.375,37.625,38.1875,22.415386199951172,128300
1998-05-05,38.0,38.375,37.5,37.625,22.085216522216797,300300
1998-05-06,37.5625,38.625,37.5625,38.0625,22.34202766418457,312700
1998-05-07,37.8125,38.0625,37.0625,37.25,21.865089416503906,124300
1998-05-08,37.0625,37.375,36.5,37.1875,21.828414916992188,158000
1998-05-11,37.4375,37.4375,36.5,37.0,21.718347549438477,158400
1998-05-12,37.25,37.3125,36.75,37.125,21.791717529296875,219000
1998-05-13,36.875,38.25,36.8125,37.4375,21.97515106201172,255500
1998-05-14,37.375,37.5,37.0,37.0,21.718347549438477,72600
1998-05-15,37.125,37.625,37.125,37.5625,22.048532485961914,152300
1998-05-18,37.3125,37.625,35.3125,36.0625,21.168046951293945,231400
1998-05-19,36.75,37.5,36.375,37.0625,21.755027770996094,309000
1998-05-20,37.3125,37.3125,35.5,37.0,21.718347549438477,256100
1998-05-21,36.5,36.5,35.875,36.3125,21.314796447753906,171800
1998-05-22,35.5,36.5625,35.3125,36.5,21.42485809326172,831200
1998-05-26,36.25,36.5,35.875,35.875,21.057992935180664,235600
1998-05-27,35.5625,36.125,35.5,35.75,20.9846134185791,174000
1998-05-28,35.6875,36.4375,35.6875,36.25,21.278106689453125,109800
1998-05-29,36.1875,36.375,35.5,35.625,20.9112548828125,257900
1998-06-01,35.4375,35.9375,35.4375,35.75,20.9846134185791,112600
1998-06-02,35.75,36.625,35.6875,35.875,21.057992935180664,230600
1998-06-03,35.875,36.5,35.875,36.0,21.13135528564453,158100
1998-06-04,36.0625,36.5625,36.0,36.1875,21.241422653198242,164200
1998-06-05,36.1875,37.0,36.125,36.625,21.49822235107422,491600
1998-06-08,36.75,37.1875,36.75,36.75,21.57159423828125,871800
1998-06-09,36.75,36.9375,35.8125,36.4375,21.3881778717041,308100
1998-06-10,35.5,36.1875,35.0625,35.0625,20.581073760986328,230000
1998-06-11,35.1875,35.25,34.3125,34.4375,20.214204788208008,138900
1998-06-12,34.5,35.0625,34.0,35.0,20.54437828063965,434000
1998-06-15,34.875,35.5,34.8125,35.1875,20.65443992614746,113400
1998-06-16,35.4375,36.625,35.4375,36.0625,21.168046951293945,399100
1998-06-17,36.0625,38.3125,36.0625,38.0,22.305328369140625,700300
1998-06-18,38.0,38.5625,37.5,38.375,22.52544593811035,279100
1998-06-19,38.25,38.375,37.4375,37.4375,21.97515106201172,528900
1998-06-22,38.0625,38.5625,38.0,38.1875,22.415386199951172,299700
1998-06-23,38.4375,38.875,38.375,38.5625,22.635499954223633,341700
1998-06-24,38.75,40.75,38.6875,40.3125,23.662736892700195,773500
1998-06-25,40.125,40.4375,38.875,39.0,22.892305374145508,134600
1998-06-26,38.625,38.75,38.25,38.5,22.65109634399414,263000
1998-06-29,38.625,39.0,38.375,38.75,22.798175811767578,225700
1998-06-30,38.75,39.125,38.3125,39.0,22.945262908935547,258600
1998-07-01,39.25,39.4375,39.0,39.25,23.092348098754883,559400
1998-07-02,39.0,39.5625,39.0,39.5,23.239431381225586,153000
1998-07-06,39.5,41.4375,39.5,41.4375,24.379344940185547,145500
1998-07-07,41.5,43.0,40.375,41.125,24.195480346679688,446400
1998-07-08,41.0,41.4375,40.625,41.0,24.121946334838867,415500
1998-07-09,41.0,41.125,40.6875,41.0,24.121946334838867,422500
1998-07-10,41.0,41.125,40.25,41.0,24.121946334838867,311500
1998-07-13,41.25,42.0,40.625,41.0,24.121946334838867,397700
1998-07-14,41.0,42.125,41.0,42.0,24.71028709411621,294800
1998-07-15,42.0625,42.625,42.0,42.125,24.783823013305664,172200
1998-07-16,41.5,41.9375,41.0,41.125,24.195480346679688,134600
1998-07-17,41.1875,41.875,41.125,41.375,24.342580795288086,100400
1998-07-20,41.625,41.9375,41.375,41.625,24.48965072631836,119900
1998-07-21,41.5,41.5625,41.0625,41.4375,24.379344940185547,116100
1998-07-22,41.3125,41.4375,40.3125,40.5,23.82777214050293,90700
1998-07-23,40.4375,40.5,39.5625,39.625,23.312976837158203,55900
1998-07-24,39.875,40.0,38.375,38.375,22.57754898071289,219500
1998-07-27,38.125,38.25,37.5,37.75,22.209835052490234,1275300
1998-07-28,37.625,38.0,36.9375,37.0625,21.805349349975586,378200
1998-07-29,37.0625,37.875,36.875,37.125,21.842121124267578,400100
1998-07-30,37.125,37.75,37.0,37.625,22.136302947998047,231900
1998-07-31,37.5625,37.8125,36.625,36.6875,21.584732055664062,375600
1998-08-03,36.75,38.0625,36.625,37.625,22.136302947998047,222200
1998-08-04,37.625,38.0,36.0625,36.0625,21.217004776000977,715500
1998-08-05,36.0625,36.1875,34.3125,35.25,20.73898696899414,212500
1998-08-06,35.0,35.25,34.75,35.0625,20.628677368164062,308500
1998-08-07,35.125,35.8125,35.0625,35.4375,20.849300384521484,341700
1998-08-10,35.125,35.5,35.0,35.5,20.88608169555664,153300
1998-08-11,34.75,35.25,34.75,35.0625,20.628677368164062,125200
1998-08-12,35.1875,35.3125,34.625,35.0,20.591907501220703,71700
1998-08-13,34.875,35.25,34.6875,34.875,20.518354415893555,104000
1998-08-14,35.0,35.1875,34.1875,34.1875,20.11387062072754,530000
1998-08-17,34.25,35.0625,33.75,34.875,20.518354415893555,327000
1998-08-18,35.0,35.5,34.875,35.4375,20.849300384521484,536000
1998-08-19,35.5625,36.0,35.0,35.1875,20.70221710205078,372200
1998-08-20,35.4375,35.4375,34.6875,35.0625,20.628677368164062,212600
1998-08-21,35.0,35.0,33.6875,33.9375,19.9667911529541,315300
1998-08-24,33.9375,34.0,33.5,33.6875,19.819700241088867,116200
1998-08-25,33.5625,34.25,33.5,33.75,19.856477737426758,297900
1998-08-26,33.5625,33.5625,32.25,32.9375,19.37844467163086,513000
1998-08-27,32.8125,32.8125,29.375,30.625,18.017915725708008,718200
1998-08-28,30.875,31.5625,29.6875,31.5625,18.569486618041992,410000
1998-08-31,31.75,31.8125,29.0,29.0,17.06186866760254,427300
1998-09-01,28.375,29.5625,28.375,29.3125,17.2457218170166,838300
1998-09-02,29.0625,31.25,29.0625,30.8125,18.128231048583984,344300
1998-09-03,30.8125,31.4375,30.0,30.0,17.65020751953125,318200
1998-09-04,29.875,30.0,26.875,27.875,16.399980545043945,612100
1998-09-08,29.0,29.4375,27.9375,28.75,16.91478157043457,960900
1998-09-09,28.6875,29.0625,28.375,28.75,16.91478157043457,496100
1998-09-10,28.625,28.6875,26.75,26.9375,15.84842300415039,223700
1998-09-11,26.6875,28.625,26.5625,28.625,16.841236114501953,628800
1998-09-14,29.5625,30.5,29.3125,30.25,17.797292709350586,341600
1998-09-15,30.375,31.5625,30.3125,30.9375,18.20177459716797,435900
1998-09-16,31.5625,32.3125,31.1875,31.625,18.60626220703125,596000
1998-09-17,31.5,31.5,30.625,31.0,18.23853874206543,135700
1998-09-18,31.25,31.25,30.4375,30.5,17.944368362426758,151300
1998-09-21,30.0,30.375,29.75,30.375,17.870834350585938,253300
1998-09-22,30.25,30.5625,30.0625,30.1875,17.76051902770996,204100
1998-09-23,30.375,31.625,30.25,31.5625,18.569486618041992,145500
1998-09-24,31.375,32.625,31.25,32.1875,18.937198638916016,337600
1998-09-25,32.0,32.0,31.4375,31.6875,18.643024444580078,124800
1998-09-28,31.5,31.6875,30.1875,30.375,17.921743392944336,206000
1998-09-29,29.75,31.0,29.75,30.1875,17.811105728149414,348900
1998-09-30,29.8125,30.25,29.6875,30.0,17.700477600097656,456800
1998-10-01,29.5,29.5,28.4375,29.25,17.25796127319336,258200
1998-10-02,29.125,29.125,28.25,29.0625,17.14733123779297,162700
1998-10-05,28.9375,28.9375,28.0,28.125,16.594200134277344,2074000
1998-10-06,28.375,28.75,25.5,27.0,15.930429458618164,1457300
1998-10-07,27.0,27.3125,26.6875,26.6875,15.74605655670166,538800
1998-10-08,26.75,26.8125,24.375,25.4375,15.00853157043457,695200
1998-10-09,25.75,27.75,25.375,27.75,16.37293243408203,981000
1998-10-12,28.0,30.0,27.75,29.9375,17.663602828979492,1085700
1998-10-13,29.9375,29.9375,29.0625,29.375,17.33172035217285,285000
1998-10-14,29.1875,31.625,29.125,30.9375,18.25361442565918,281700
1998-10-15,30.8125,34.25,30.8125,34.0,20.060543060302734,303100
1998-10-16,34.5,35.25,34.125,34.75,20.503042221069336,414500
1998-10-19,34.625,35.8125,34.375,34.5,20.355562210083008,157900
1998-10-20,34.8125,35.375,34.625,34.8125,20.539920806884766,225800
1998-10-21,34.5625,34.625,33.75,33.75,19.91303062438965,220400
1998-10-22,33.875,34.25,33.8125,34.0625,20.0974178314209,445300
1998-10-23,33.9375,34.0,33.25,33.875,19.98678970336914,341400
1998-10-26,33.4375,34.4375,33.4375,34.1875,20.17116355895996,117500
1998-10-27,34.0,34.25,33.25,33.5625,19.80240821838379,424200
1998-10-28,33.6875,33.875,33.0,33.4375,19.728662490844727,301300
1998-10-29,33.1875,33.3125,31.9375,32.0,18.88050651550293,153100
1998-10-30,32.0625,34.25,32.0625,33.875,19.98678970336914,263900
1998-11-02,33.625,33.625,32.0,32.125,18.954259872436523,918400
1998-11-03,32.6875,33.25,32.1875,32.25,19.02802085876465,1305200
1998-11-04,32.25,33.3125,31.3125,31.375,18.51174545288086,1503000
1998-11-05,30.75,30.875,29.625,30.0,17.700477600097656,1322900
1998-11-06,29.75,30.375,29.5,30.1875,17.811105728149414,619000
1998-11-09,30.0625,30.75,30.0,30.0,17.700477600097656,419600
1998-11-10,30.0625,30.3125,29.0,29.0,17.110462188720703,583400
1998-11-11,29.25,29.75,29.0,29.4375,17.36859893798828,584500
1998-11-12,29.75,30.0,29.4375,29.625,17.479209899902344,188400
1998-11-13,29.125,30.5,29.125,30.375,17.921743392944336,381000
1998-11-16,30.3125,30.9375,30.0,30.1875,17.811105728149414,235700
1998-11-17,30.125,30.875,30.0,30.875,18.216739654541016,429500
1998-11-18,30.8125,31.1875,30.0625,31.1875,18.4011173248291,342900
1998-11-19,31.0,32.1875,30.5,32.125,18.954259872436523,748500
1998-11-20,32.75,33.0,32.25,32.8125,19.359905242919922,385600
1998-11-23,32.8125,34.625,32.8125,34.0,20.060543060302734,441000
1998-11-24,34.0,34.625,32.75,32.875,19.39676856994629,214600
1998-11-25,32.75,33.0,32.125,32.3125,19.064889907836914,275200
1998-11-27,32.25,32.25,31.9375,32.0625,18.91738510131836,37200
1998-11-30,31.8125,32.125,31.75,32.0,18.88050651550293,149100
1998-12-01,32.0,32.5625,32.0,32.0,18.88050651550293,140900
1998-12-02,32.1875,32.5,32.0625,32.125,18.954259872436523,283800
1998-12-03,32.125,32.25,31.9375,31.9375,18.8436336517334,105200
1998-12-04,31.9375,32.0,30.875,31.5,18.58550453186035,595600
1998-12-07,31.375,31.625,31.25,31.5,18.58550453186035,143400
1998-12-08,31.4375,31.4375,30.75,30.9375,18.25361442565918,221400
1998-12-09,31.0,31.1875,29.9375,30.375,17.921743392944336,1024900
1998-12-10,30.3125,30.3125,28.875,29.3125,17.294841766357422,402500
1998-12-11,29.3125,29.3125,27.9375,28.4375,16.830244064331055,512700
1998-12-14,28.6875,28.8125,27.625,28.0,16.571325302124023,392900
1998-12-15,28.0,28.0,27.6875,27.6875,16.38637351989746,334300
1998-12-16,27.5625,27.9375,27.375,27.5625,16.312397003173828,337500
1998-12-17,27.625,28.6875,27.625,28.3125,16.756275177001953,612700
1998-12-18,28.9375,28.9375,27.375,27.6875,16.38637351989746,384700
1998-12-21,27.5,28.25,26.75,27.5625,16.312397003173828,679600
1998-12-22,26.5,28.9375,26.5,28.9375,17.12616729736328,1968800
1998-12-23,32.5,32.5,30.375,31.8125,18.827678680419922,2189700
1998-12-24,32.0,34.0,32.0,32.875,19.45650863647461,730200
1998-12-28,32.625,32.75,32.0625,32.3125,19.123605728149414,620800
1998-12-29,32.375,33.0,32.375,32.9375,19.493499755859375,394100
1998-12-30,32.6875,34.375,32.625,32.6875,19.345542907714844,311500
1998-12-31,32.75,34.4375,32.75,34.4375,20.38124656677246,246200
1999-01-04,34.4375,34.4375,33.5,33.625,19.90038299560547,487400
1999-01-05,33.5,33.5,32.4375,32.8125,19.419527053833008,809300
1999-01-06,32.6875,33.5,32.6875,33.25,19.67844581604004,1089700
1999-01-07,32.0,32.625,32.0,32.25,19.086620330810547,219300
1999-01-08,32.5,33.75,32.5,33.1875,19.641456604003906,653500
1999-01-11,32.9375,33.1875,32.8125,32.9375,19.493499755859375,387300
1999-01-12,33.1875,34.375,33.125,33.125,19.604469299316406,2253200
1999-01-13,32.375,32.75,31.875,32.125,19.012638092041016,1785100
1999-01-14,32.375,32.75,32.125,32.25,19.086620330810547,1712300
1999-01-15,32.4375,32.6875,31.0,32.0,18.93865966796875,1128700
1999-01-19,32.0,32.0,30.875,30.9375,18.309837341308594,427300
1999-01-20,31.0625,31.1875,30.125,30.25,17.902942657470703,1174600
1999-01-21,29.875,30.1875,29.625,29.625,17.533048629760742,898700
1999-01-22,29.4375,29.8125,28.875,29.0,17.16316032409668,1609000
1999-01-25,28.875,29.125,28.4375,29.0,17.16316032409668,1786400
1999-01-26,28.9375,28.9375,28.25,28.375,16.793262481689453,1091200
1999-01-27,28.375,28.375,26.5,26.9375,15.942498207092285,2107700
1999-01-28,27.1875,28.3125,27.125,27.9375,16.534334182739258,3773300
1999-01-29,27.875,28.875,27.75,28.0,16.571325302124023,5053400
1999-02-01,27.75,28.0625,27.4375,27.4375,16.23841667175293,1001400
1999-02-02,27.4375,27.875,27.125,27.25,16.127452850341797,1222500
1999-02-03,27.1875,27.25,27.125,27.25,16.127452850341797,369500
1999-02-04,27.25,27.625,26.625,26.875,15.905519485473633,468900
1999-02-05,26.5,27.0,26.5,26.875,15.905519485473633,534100
1999-02-08,27.0,27.5,26.6875,26.8125,15.868518829345703,869700
1999-02-09,26.875,26.875,25.8125,25.9375,15.350668907165527,800300
1999-02-10,25.875,26.125,25.4375,26.0,15.387655258178711,1235700
1999-02-11,26.0,27.875,25.875,27.75,16.42336654663086,1381400
1999-02-12,27.4375,27.625,26.75,27.0,15.979491233825684,321900
1999-02-16,26.75,28.5,26.75,28.5,16.867246627807617,670900
1999-02-17,28.125,28.1875,27.875,28.1875,16.68229103088379,451500
1999-02-18,28.0625,28.25,28.0,28.25,16.719282150268555,349600
1999-02-19,28.125,28.9375,28.125,28.75,17.015199661254883,438700
1999-02-22,28.875,29.5625,28.1875,29.25,17.311115264892578,354700
1999-02-23,29.375,29.625,28.3125,28.75,17.015199661254883,400800
1999-02-24,29.0,29.5,28.1875,28.25,16.719282150268555,456900
1999-02-25,28.5,29.0625,28.0,28.0,16.571325302124023,254000
1999-02-26,27.875,28.1875,26.5,27.25,16.127452850341797,588300
1999-03-01,27.25,27.625,27.0,27.1875,16.090463638305664,284100
1999-03-02,27.375,28.8125,27.375,28.6875,16.97820472717285,301200
1999-03-03,28.6875,29.25,28.4375,28.625,16.941219329833984,480700
1999-03-04,28.5625,30.4375,28.5625,30.25,17.902942657470703,1248300
1999-03-05,32.0,32.0,30.875,31.25,18.494783401489258,864100
1999-03-08,31.25,32.25,30.625,30.625,18.124887466430664,918200
1999-03-09,30.625,30.625,29.75,30.25,17.902942657470703,536100
1999-03-10,30.5625,32.875,30.5625,32.0,18.93865966796875,707100
1999-03-11,32.25,32.625,32.0,32.25,19.086620330810547,616100
1999-03-12,32.25,32.4375,31.5625,31.5625,18.679729461669922,590800
1999-03-15,31.75,32.25,31.5,32.0,18.93865966796875,361400
1999-03-16,32.0,32.0625,31.4375,31.75,18.79070472717285,293300
1999-03-17,31.5625,32.25,31.25,32.25,19.086620330810547,173200
1999-03-18,32.375,34.0,32.375,32.5625,19.27155876159668,990300
1999-03-19,32.4375,32.4375,31.625,31.75,18.79070472717285,764200
1999-03-22,31.25,32.0625,31.0,31.75,18.79070472717285,600400
1999-03-23,31.875,31.875,31.375,31.5,18.64274024963379,703400
1999-03-24,31.5,31.625,31.125,31.4375,18.605756759643555,118300
1999-03-25,31.4375,32.25,31.4375,31.625,18.71671485900879,309800
1999-03-26,31.375,32.0,31.1875,31.6875,18.75370979309082,244400
1999-03-29,31.5625,32.4375,31.5,32.1875,19.103891372680664,349700
1999-03-30,32.25,32.3125,30.6875,31.125,18.473270416259766,383400
1999-03-31,29.875,31.25,29.875,31.1875,18.510366439819336,1057500
1999-04-01,31.1875,31.1875,29.5,30.875,18.324892044067383,354700
1999-04-05,30.5625,30.84375,30.125,30.5625,18.139419555664062,434000
1999-04-06,30.5,31.1875,29.75,29.875,17.731374740600586,610000
1999-04-07,30.0,31.125,29.875,31.0625,18.436174392700195,219900
1999-04-08,30.6875,30.6875,29.4375,30.375,18.028139114379883,308000
1999-04-09,30.0,30.3125,29.0,29.3125,17.39751625061035,481900
1999-04-12,29.0625,29.6875,28.875,29.0,17.212053298950195,212800
1999-04-13,29.5,29.5,28.75,29.125,17.286230087280273,920400
1999-04-14,29.0,29.375,28.0625,28.25,16.76690101623535,197800
1999-04-15,28.375,28.625,27.25,28.0,16.61852264404297,391900
1999-04-16,27.9375,28.4375,27.8125,28.125,16.692710876464844,139600
1999-04-19,28.25,30.25,28.0625,29.8125,17.694272994995117,835100
1999-04-20,29.6875,30.375,29.6875,30.0,17.805553436279297,540700
1999-04-21,30.125,30.5,29.5,30.0,17.805553436279297,366000
1999-04-22,30.1875,30.1875,28.75,28.875,17.137853622436523,735600
1999-04-23,29.625,29.625,28.75,28.75,17.06365203857422,266700
1999-04-26,28.6875,28.75,27.875,28.0,16.61852264404297,521700
1999-04-27,28.375,29.0,27.875,28.875,17.137853622436523,1292000
1999-04-28,29.0,30.5,28.6875,29.75,17.657180786132812,634000
1999-04-29,29.875,31.5,29.875,31.5,18.695831298828125,1034100
1999-04-30,31.375,31.5625,30.25,30.25,17.953935623168945,306600
1999-05-03,30.4375,31.75,30.375,31.5625,18.73293113708496,364000
1999-05-04,32.25,32.25,30.4375,30.5,18.10231590270996,579400
1999-05-05,30.5625,31.25,30.375,30.9375,18.36198616027832,237200
1999-05-06,30.625,30.8125,30.375,30.4375,18.065229415893555,394900
1999-05-07,30.6875,31.8125,30.1875,31.6875,18.807130813598633,612000
1999-05-10,31.5,32.5,31.25,31.9375,18.955495834350586,503700
1999-05-11,31.25,32.3125,31.0625,32.125,19.066789627075195,726100
1999-05-12,32.375,33.75,32.25,33.5,19.882877349853516,1490700
1999-05-13,33.75,35.25,33.75,34.875,20.69896697998047,1232100
1999-05-14,34.625,34.625,32.9375,33.5625,19.919979095458984,526300
1999-05-17,33.5625,33.75,33.0,33.375,19.808692932128906,312900
1999-05-18,33.4375,33.4375,32.5,32.6875,19.400644302368164,230500
1999-05-19,32.4375,32.4375,31.375,31.9375,18.955495834350586,709100
1999-05-20,31.5625,32.375,31.0,31.9375,18.955495834350586,435700
1999-05-21,32.0,32.125,31.125,31.875,18.91841697692871,448200
1999-05-24,31.875,31.875,29.9375,31.25,18.547466278076172,598300
1999-05-25,31.3125,31.5,30.5625,31.0,18.399084091186523,380100
1999-05-26,31.25,32.1875,31.0,31.5,18.695831298828125,463900
1999-05-27,31.0,31.3125,30.25,30.625,18.176502227783203,380900
1999-05-28,30.5,31.5,30.125,30.5,18.10231590270996,297800
1999-06-01,30.625,30.625,29.5625,29.9375,17.768468856811523,276200
1999-06-02,29.9375,29.9375,28.9375,29.0,17.212053298950195,864200
1999-06-03,29.25,29.8125,29.25,29.4375,17.471702575683594,244600
1999-06-04,29.5,29.625,29.0,29.5625,17.545894622802734,319200
1999-06-07,29.6875,29.75,29.1875,29.5,17.508804321289062,600200
1999-06-08,29.5,30.25,29.5,29.8125,17.694272994995117,732600
1999-06-09,29.875,29.875,28.625,29.0,17.212053298950195,1109600
1999-06-10,29.125,29.125,27.6875,27.875,16.544328689575195,490100
1999-06-11,28.0625,29.0,27.9375,28.5625,16.952381134033203,1237600
1999-06-14,28.625,28.6875,28.25,28.625,16.98947525024414,244200
1999-06-15,28.625,29.75,28.625,29.0,17.212053298950195,1184800
1999-06-16,29.25,29.625,29.0,29.25,17.36042594909668,507500
1999-06-17,29.375,29.5,29.1875,29.375,17.43461036682129,551500
1999-06-18,29.5,29.75,28.875,29.125,17.286230087280273,944400
1999-06-21,29.375,29.5,29.125,29.25,17.36042594909668,1099300
1999-06-22,29.3125,29.3125,27.875,28.4375,16.878189086914062,583400
1999-06-23,28.25,28.4375,27.75,27.875,16.544328689575195,402600
1999-06-24,27.8125,27.9375,27.4375,27.5625,16.358861923217773,490800
1999-06-25,27.625,28.0625,27.5625,27.6875,16.43305206298828,568300
1999-06-28,27.6875,27.8125,27.125,27.375,16.31238555908203,390300
1999-06-29,27.4375,28.625,26.3125,28.5,16.982751846313477,1711100
1999-06-30,28.5,29.8125,28.25,28.25,16.83378028869629,957000
1999-07-01,28.3125,29.0,28.3125,28.4375,16.945518493652344,448600
1999-07-02,28.4375,29.25,28.0,28.0625,16.72205352783203,958100
1999-07-06,28.0,29.4375,27.625,27.75,16.535846710205078,1508100
1999-07-07,28.25,28.375,27.0,27.0,16.088924407958984,843000
1999-07-08,27.0,27.25,26.25,26.9375,16.051687240600586,737300
1999-07-09,26.9375,26.9375,26.0,26.1875,15.604765892028809,961500
1999-07-12,26.1875,26.625,25.5,26.375,15.716503143310547,1814500
1999-07-13,26.3125,27.1875,25.8125,27.1875,16.20064926147461,584300
1999-07-14,27.1875,27.1875,25.8125,26.0,15.49303913116455,1070800
1999-07-15,26.0,26.5,25.625,25.9375,15.455799102783203,1342200
1999-07-16,25.875,26.0,25.375,25.9375,15.455799102783203,903400
1999-07-19,25.9375,27.0625,25.9375,26.1875,15.604765892028809,601000
1999-07-20,26.25,26.375,25.875,26.25,15.642008781433105,685600
1999-07-21,26.0,26.125,24.875,25.3125,15.083375930786133,1077900
1999-07-22,25.25,25.25,24.375,24.5625,14.636457443237305,1143500
1999-07-23,24.8125,25.6875,24.8125,25.375,15.120603561401367,484400
1999-07-26,25.25,26.0,25.125,25.1875,15.008885383605957,408000
1999-07-27,24.0,24.5625,23.5,23.625,14.077815055847168,2812700
1999-07-28,24.125,24.125,22.875,23.0,13.705379486083984,2497200
1999-07-29,23.0,23.0,22.0,22.4375,13.370193481445312,1503300
1999-07-30,23.125,23.3125,22.625,23.25,13.854362487792969,1372600
1999-08-02,23.375,23.875,23.125,23.875,14.226785659790039,1371100
1999-08-03,24.0,24.4375,23.5625,23.625,14.077815055847168,1740100
1999-08-04,23.75,23.75,22.9375,22.9375,13.668137550354004,1011200
1999-08-05,22.9375,23.0,22.125,23.0,13.705379486083984,845800
1999-08-06,22.9375,23.5625,22.25,22.25,13.258466720581055,1136800
1999-08-09,23.0,23.3125,22.125,22.6875,13.519169807434082,588100
1999-08-10,22.75,22.875,21.0,21.9375,13.072253227233887,866500
1999-08-11,22.0,23.375,21.9375,23.25,13.854362487792969,1134800
1999-08-12,23.0,23.875,23.0,23.5,14.003325462341309,1149300
1999-08-13,23.75,24.125,23.375,23.875,14.226785659790039,701500
1999-08-16,23.875,23.9375,23.5,23.75,14.152294158935547,1145600
1999-08-17,23.875,24.25,23.75,23.8125,14.189537048339844,386600
1999-08-18,23.5625,23.875,23.3125,23.75,14.152294158935547,255400
1999-08-19,23.75,23.875,23.0,23.5625,14.040570259094238,860400
1999-08-20,23.625,23.6875,23.125,23.375,13.928831100463867,496200
1999-08-23,23.625,24.25,23.25,23.75,14.152294158935547,776400
1999-08-24,23.5625,23.875,23.25,23.3125,13.891593933105469,766900
1999-08-25,23.1875,23.4375,22.4375,22.6875,13.519169807434082,1097900
1999-08-26,22.5,22.875,22.5,22.5625,13.44467830657959,770900
1999-08-27,22.875,22.875,22.25,22.3125,13.29570484161377,590600
1999-08-30,22.25,22.3125,21.75,21.875,13.035006523132324,925500
1999-08-31,22.0,22.0,21.3125,21.4375,12.774312973022461,453000
1999-09-01,21.5,21.625,20.6875,20.8125,12.401877403259277,1047100
1999-09-02,20.875,20.9375,20.3125,20.6875,12.32739543914795,1048300
1999-09-03,20.625,21.125,20.625,20.75,12.364633560180664,1075800
1999-09-07,22.25,22.25,20.625,20.75,12.364633560180664,909300
1999-09-08,21.0,21.75,21.0,21.125,12.588091850280762,872300
1999-09-09,21.25,21.25,20.375,20.625,12.29015064239502,734800
1999-09-10,20.8125,20.8125,19.75,20.25,12.066693305969238,633200
1999-09-13,20.25,20.4375,19.9375,20.25,12.066693305969238,714100
1999-09-14,20.1875,20.25,19.6875,19.875,11.843236923217773,698500
1999-09-15,20.125,20.3125,19.6875,19.75,11.768752098083496,931700
1999-09-16,19.8125,19.8125,19.25,19.25,11.470808029174805,756500
1999-09-17,19.75,20.0625,19.5,19.75,11.768752098083496,1478800
1999-09-20,19.8125,20.4375,19.8125,20.25,12.066693305969238,929600
1999-09-21,20.375,20.375,19.875,19.9375,11.88047981262207,509300
1999-09-22,20.0,20.0,19.375,19.375,11.54529857635498,497600
1999-09-23,19.5,19.75,18.625,18.625,11.098381042480469,484200
1999-09-24,18.5625,18.5625,17.125,18.0625,10.763195037841797,1527300
1999-09-27,18.5,18.625,17.4375,17.9375,10.688708305358887,923500
1999-09-28,17.8125,17.875,16.625,17.5,10.492352485656738,1760700
1999-09-29,17.3125,17.4375,16.375,16.5625,9.93026351928711,1235200
1999-09-30,16.6875,17.125,16.4375,16.9375,10.155095100402832,1004900
1999-10-01,16.9375,16.9375,16.125,16.25,9.742897987365723,970100
1999-10-04,16.375,16.625,16.25,16.4375,9.855315208435059,928600
1999-10-05,16.4375,16.5,16.25,16.3125,9.780370712280273,778500
1999-10-06,16.3125,17.25,16.3125,17.125,10.2675142288208,1288500
1999-10-07,17.375,17.4375,15.75,16.125,9.667956352233887,2476300
1999-10-08,16.0,16.375,15.5,15.5,9.293224334716797,1090600
1999-10-11,15.6875,16.75,15.625,16.75,10.042678833007812,1404100
1999-10-12,16.625,16.625,16.1875,16.3125,9.780370712280273,897100
1999-10-13,16.25,16.5625,16.0625,16.375,9.81784439086914,899400
1999-10-14,16.5,16.5625,16.125,16.375,9.81784439086914,564300
1999-10-15,16.0,16.875,16.0,16.5625,9.93026351928711,922800
1999-10-18,16.5625,16.625,16.3125,16.5625,9.93026351928711,538300
1999-10-19,16.5625,16.8125,16.5,16.5,9.892782211303711,644000
1999-10-20,16.5,16.625,16.1875,16.1875,9.705421447753906,508500
1999-10-21,16.0625,16.125,15.9375,16.0,9.593009948730469,720000
1999-10-22,16.125,17.0,16.0,16.9375,10.155095100402832,1473000
1999-10-25,16.9375,17.5,16.75,17.5,10.492352485656738,925300
1999-10-26,17.6875,17.6875,16.8125,17.5625,10.529828071594238,1058200
1999-10-27,17.6875,17.9375,17.25,17.5,10.492352485656738,594400
1999-10-28,17.5625,19.5,17.5625,18.625,11.166860580444336,3077700
1999-10-29,19.125,19.875,19.0,19.4375,11.654001235961914,923200
1999-11-01,19.6875,19.6875,18.625,18.625,11.166860580444336,1053800
1999-11-02,18.375,19.25,18.375,19.125,11.46663761138916,747900
1999-11-03,19.125,19.1875,18.5,18.5,11.091912269592285,1449000
1999-11-04,19.25,20.75,19.25,20.5,12.29103946685791,1699500
1999-11-05,20.5,21.4375,20.25,21.0,12.590816497802734,1539200
1999-11-08,21.25,22.75,21.1875,21.5625,12.928072929382324,1917800
1999-11-09,21.8125,21.9375,20.5,20.625,12.365983963012695,705400
1999-11-10,20.375,20.375,19.25,19.9375,11.953784942626953,1770300
1999-11-11,20.1875,20.375,19.625,20.125,12.066201210021973,742200
1999-11-12,20.25,21.0,20.1875,20.25,12.141148567199707,758700
1999-11-15,20.25,20.375,19.0,19.5625,11.72894287109375,858200
1999-11-16,19.9375,20.0625,19.625,20.0,11.991256713867188,627300
1999-11-17,19.75,19.75,18.875,19.25,11.541584014892578,672500
1999-11-18,19.9375,19.9375,18.75,19.3125,11.579054832458496,1514700
1999-11-19,19.375,19.375,18.6875,18.75,11.24180793762207,855500
1999-11-22,18.875,19.0625,18.8125,19.0,11.39169692993164,748500
1999-11-23,19.125,19.125,18.625,18.6875,11.204333305358887,567300
1999-11-24,18.6875,18.75,17.9375,18.0,10.792128562927246,720600
1999-11-26,17.875,18.25,17.875,18.0,10.792128562927246,221300
1999-11-29,18.0,18.0,17.0625,17.125,10.2675142288208,1664400
1999-11-30,17.125,17.25,16.875,17.0,10.19256591796875,1475200
1999-12-01,16.9375,17.1875,16.875,17.1875,10.304991722106934,939800
1999-12-02,17.25,17.4375,16.9375,17.375,10.417404174804688,700000
1999-12-03,17.5,18.5,17.375,17.75,10.64224624633789,728100
1999-12-06,17.625,17.625,16.875,17.25,10.342460632324219,625300
1999-12-07,16.9375,17.3125,16.875,17.0625,10.230042457580566,514400
1999-12-08,16.9375,17.25,16.75,16.75,10.042678833007812,368700
1999-12-09,17.0,17.125,16.5,16.625,9.967735290527344,644600
1999-12-10,16.75,16.9375,16.625,16.8125,10.080151557922363,432000
1999-12-13,16.75,17.5,16.5,16.6875,10.005208969116211,858500
1999-12-14,16.6875,16.875,16.5,16.5625,9.93026351928711,588700
1999-12-15,16.5,16.9375,16.5,16.625,9.967735290527344,527800
1999-12-16,16.875,16.9375,16.25,16.5,9.892782211303711,569300
1999-12-17,16.5,16.6875,16.125,16.625,9.967735290527344,1116600
1999-12-20,16.625,16.875,16.25,16.3125,9.780370712280273,1623300
1999-12-21,16.25,16.5625,16.1875,16.25,9.742897987365723,1116900
1999-12-22,16.1875,17.3125,16.1875,16.3125,9.780370712280273,1011500
1999-12-23,16.4375,16.875,16.25,16.3125,9.780370712280273,1232700
1999-12-27,16.3125,16.3125,16.0,16.0,9.593009948730469,1158500
1999-12-28,16.125,17.125,16.125,16.875,10.117620468139648,1100300
1999-12-29,16.875,17.0625,16.5625,16.75,10.108572959899902,1216100
1999-12-30,16.6875,16.6875,16.125,16.1875,9.769104957580566,1064800
1999-12-31,16.1875,16.9375,16.1875,16.6875,10.070857048034668,416100
2000-01-03,17.0625,17.125,16.125,16.3125,9.844542503356934,1368700
2000-01-04,16.1875,16.25,15.4375,16.1875,9.769104957580566,1283100
2000-01-05,16.1875,16.1875,15.1875,15.25,9.203325271606445,1865000
2000-01-06,15.25,16.1875,15.25,16.0625,9.693669319152832,1076200
2000-01-07,16.25,19.0,16.25,18.125,10.93837833404541,5434300
2000-01-10,18.625,19.0625,18.4375,18.6875,11.277850151062012,1611500
2000-01-11,18.875,18.875,17.75,17.8125,10.749789237976074,939000
2000-01-12,17.8125,18.6875,17.8125,18.4375,11.126967430114746,1011200
2000-01-13,18.625,19.75,18.4375,19.75,11.919063568115234,1079400
2000-01-14,20.0,20.875,20.0,20.5625,12.409401893615723,1698000
2000-01-18,20.5,20.5,19.0625,19.1875,11.57959270477295,493600
2000-01-19,19.1875,20.0,19.125,19.75,11.919063568115234,734100
2000-01-20,19.625,19.9375,19.5625,19.75,11.919063568115234,656400
2000-01-21,20.0,20.3125,19.75,20.0625,12.107656478881836,909300
2000-01-24,20.25,20.5,20.0,20.0625,12.107656478881836,599200
2000-01-25,20.125,20.1875,19.1875,19.5625,11.80589771270752,853500
2000-01-26,19.5625,19.5625,18.1875,18.9375,11.428717613220215,1765100
2000-01-27,18.9375,19.0,18.25,18.4375,11.126967430114746,687900
2000-01-28,18.5,18.5,17.75,18.0,10.862942695617676,442000
2000-01-31,18.0,18.0625,17.5,17.6875,10.67435073852539,679200
2000-02-01,17.6875,18.1875,17.5,18.0,10.862942695617676,1109300
2000-02-02,18.0,18.125,16.9375,17.375,10.485755920410156,1280200
2000-02-03,17.625,17.875,16.8125,17.0,10.25944709777832,960600
2000-02-04,17.1875,17.3125,16.75,16.875,10.18400764465332,891000
2000-02-07,17.0625,17.0625,16.375,16.75,10.108572959899902,429500
2000-02-08,16.6875,16.75,16.25,16.4375,9.919977188110352,598500
2000-02-09,16.375,16.5625,15.8125,15.9375,9.618232727050781,417400
2000-02-10,16.0,16.0625,15.0,15.4375,9.316482543945312,755800
2000-02-11,15.5,15.8125,14.875,14.9375,9.014735221862793,3768400
2000-02-14,15.0625,15.1875,14.8125,14.9375,9.014735221862793,521800
2000-02-15,15.0,15.1875,14.875,15.1875,9.165608406066895,1230900
2000-02-16,15.5,18.3125,15.5,18.125,10.93837833404541,5838300
2000-02-17,19.375,19.375,18.625,19.0,11.46644115447998,2032000
2000-02-18,19.0,19.0,18.0,18.25,11.01381778717041,822300
2000-02-22,18.25,18.5,17.375,17.4375,10.523476600646973,788300
2000-02-23,17.5,17.5,16.75,17.0,10.25944709777832,649100
2000-02-24,17.1875,17.375,16.8125,17.125,10.334884643554688,1224200
2000-02-25,17.125,17.25,16.75,16.75,10.108572959899902,543900
2000-02-28,17.0,17.125,16.75,17.0,10.25944709777832,719800
2000-02-29,17.5,17.875,17.25,17.875,10.78750228881836,1161900
2000-03-01,17.625,17.625,16.625,16.9375,10.22172737121582,1165300
2000-03-02,16.9375,16.9375,16.25,16.5,9.957693099975586,1217600
2000-03-03,16.375,16.5,16.25,16.5,9.957693099975586,752200
2000-03-06,16.0,16.5625,15.375,15.6875,9.467358589172363,1352400
2000-03-07,15.5,15.5,14.125,14.6875,8.86385726928711,2141900
2000-03-08,14.9375,14.9375,14.0625,14.75,8.901576042175293,983100
2000-03-09,14.75,15.3125,14.6875,15.25,9.203325271606445,1049000
2000-03-10,15.1875,15.3125,14.25,15.125,9.127888679504395,1884800
2000-03-13,15.0,15.375,14.75,14.9375,9.014735221862793,496600
2000-03-14,15.0625,15.5,14.875,14.9375,9.014735221862793,649800
2000-03-15,14.9375,15.6875,14.875,15.4375,9.316482543945312,2957300
2000-03-16,15.6875,17.9375,15.6875,17.625,10.636626243591309,3525700
2000-03-17,17.375,18.4375,17.0,17.0625,10.297164916992188,1485400
2000-03-20,16.8125,17.0,16.0625,16.5625,9.995415687561035,720600
2000-03-21,16.4375,18.25,16.4375,18.1875,10.976103782653809,1084300
2000-03-22,19.0,19.0,17.0,17.75,10.712071418762207,1932700
2000-03-23,17.9375,19.0,17.375,18.6875,11.277850151062012,842600
2000-03-24,18.6875,20.0,18.375,19.0,11.46644115447998,1623100
2000-03-27,19.0,19.0,18.0,18.5,11.164695739746094,516200
2000-03-28,18.375,19.25,18.3125,19.0,11.46644115447998,917000
2000-03-29,18.875,19.25,18.75,19.0,11.533212661743164,882100
2000-03-30,19.0,20.9375,18.875,20.9375,12.709287643432617,1697500
2000-03-31,21.0,23.0625,21.0,22.875,13.88538646697998,3413100
2000-04-03,22.75,22.8125,22.25,22.5,13.657746315002441,1337900
2000-04-04,22.5,22.875,20.875,21.8125,13.240428924560547,1659100
2000-04-05,22.0625,22.0625,21.25,21.8125,13.240428924560547,1196800
2000-04-06,21.875,22.0,20.3125,21.0625,12.785172462463379,1847300
2000-04-07,21.25,21.4375,21.1875,21.25,12.898981094360352,1056700
2000-04-10,21.375,21.625,21.125,21.625,13.126619338989258,654200
2000-04-11,21.375,21.5,21.0,21.0,12.747228622436523,627600
2000-04-12,21.125,22.4375,21.125,21.5625,13.08867359161377,1151500
2000-04-13,21.8125,22.25,21.6875,22.0,13.354240417480469,901900
2000-04-14,21.5,21.625,20.875,21.0625,12.785172462463379,1188200
2000-04-17,20.5,21.0,20.25,20.625,12.519603729248047,315100
2000-04-18,20.5,21.375,20.5,20.8125,12.633416175842285,536400
2000-04-19,20.875,21.0,20.375,20.5,12.443726539611816,469900
2000-04-20,20.5,20.75,20.0,20.75,12.595477104187012,804200
2000-04-24,20.75,23.1875,20.625,23.0625,13.99919319152832,1016400
2000-04-25,24.0,25.5,23.625,25.25,15.327033042907715,1479300
2000-04-26,25.5,27.25,24.0,24.0,14.568268775939941,2315200
2000-04-27,23.75,25.125,23.4375,24.4375,14.83383846282959,965300
2000-04-28,24.4375,24.5,23.125,23.9375,14.530330657958984,704900
2000-05-01,24.375,26.25,24.3125,25.8125,15.668471336364746,1482400
2000-05-02,25.5625,25.75,23.4375,25.0,15.17528247833252,1642000
2000-05-03,25.0,26.0,24.6875,24.9375,15.137334823608398,763000
2000-05-04,24.75,25.4375,24.5625,25.375,15.402899742126465,521600
2000-05-05,25.3125,25.4375,24.75,24.8125,15.06146240234375,670900
2000-05-08,25.25,25.4375,23.875,24.4375,14.83383846282959,800900
2000-05-09,25.0625,26.6875,24.8125,26.0,15.782281875610352,1767600
2000-05-10,26.25,27.0,25.3125,25.6875,15.592591285705566,2194700
2000-05-11,25.5,26.1875,25.5,26.0,15.782281875610352,789900
2000-05-12,26.0,26.25,25.75,26.0625,15.82022476196289,1475500
2000-05-15,26.125,26.6875,25.875,26.6875,16.199607849121094,795600
2000-05-16,26.6875,26.8125,26.3125,26.6875,16.199607849121094,539700
2000-05-17,26.6875,26.6875,25.875,26.375,16.009925842285156,935900
2000-05-18,26.5,27.75,26.5,27.625,16.768686294555664,1680900
2000-05-19,27.625,27.625,26.5625,27.1875,16.503114700317383,931900
2000-05-22,27.125,27.5,26.625,26.875,16.313425064086914,1061800
2000-05-23,27.125,27.375,26.875,27.1875,16.503114700317383,1378400
2000-05-24,27.0625,28.0,27.0,28.0,16.996307373046875,2451600
2000-05-25,27.9375,27.9375,25.9375,26.9375,16.351362228393555,1583700
2000-05-26,26.6875,26.6875,25.5,26.1875,15.896100997924805,830700
2000-05-30,26.1875,28.5,26.0625,27.9375,16.958370208740234,1425100
2000-05-31,27.9375,27.9375,26.8125,26.9375,16.351362228393555,917700
2000-06-01,27.1875,28.4375,27.1875,28.3125,17.18599510192871,1131400
2000-06-02,29.0,31.4375,29.0,30.4375,18.47589683532715,1883500
2000-06-05,29.5,30.1875,29.0,29.0625,17.64126205444336,934700
2000-06-06,28.8125,30.5,28.75,29.875,18.134456634521484,1200700
2000-06-07,29.875,30.5,29.875,30.1875,18.32415008544922,597500
2000-06-08,30.1875,30.1875,28.9375,28.9375,17.565383911132812,472600
2000-06-09,29.1875,29.1875,28.375,28.4375,17.261878967285156,400000
2000-06-12,28.6875,28.8125,27.9375,28.375,17.22393798828125,1192400
2000-06-13,28.375,28.625,27.5,28.4375,17.261878967285156,587200
2000-06-14,28.4375,29.1875,28.4375,29.0,17.60331916809082,868200
2000-06-15,29.4375,29.5,27.625,28.1875,17.11012840270996,1168800
2000-06-16,28.0625,28.375,27.875,28.25,17.148067474365234,1021000
2000-06-19,27.625,29.125,27.5625,29.0,17.60331916809082,806500
2000-06-20,29.0,29.0,27.75,28.25,17.148067474365234,684400
2000-06-21,28.0625,28.1875,27.0,27.25,16.541046142578125,612100
2000-06-22,27.25,27.25,25.9375,26.5625,16.123737335205078,548300
2000-06-23,26.5,27.375,26.5,26.875,16.313425064086914,510100
2000-06-26,27.0,27.1875,26.125,26.3125,15.971978187561035,531600
2000-06-27,26.75,27.0,26.4375,26.625,16.16166877746582,802500
2000-06-28,26.8125,27.75,26.5,27.375,16.69845962524414,647600
2000-06-29,27.375,28.5625,27.375,28.0,17.079708099365234,627700
2000-06-30,28.0,28.75,27.9375,28.0,17.079708099365234,729300
2000-07-03,27.875,28.125,27.6875,28.0,17.079708099365234,161300
2000-07-05,28.1875,28.1875,27.375,27.5625,16.812837600708008,620100
2000-07-06,27.875,28.25,27.125,28.1875,17.194072723388672,410900
2000-07-07,28.0625,29.1875,28.0625,29.125,17.765947341918945,720900
2000-07-10,29.0625,29.5625,29.0,29.5,17.99468421936035,1438300
2000-07-11,29.5,30.125,29.25,30.0625,18.337804794311523,1313100
2000-07-12,30.0625,31.3125,30.0625,31.25,19.062171936035156,1650800
2000-07-13,31.25,31.875,30.75,31.125,18.985919952392578,1475700
2000-07-14,31.125,32.375,30.9375,31.5625,19.252796173095703,926200
2000-07-17,31.625,31.625,30.8125,31.375,19.138418197631836,636100
2000-07-18,31.1875,31.1875,30.125,30.4375,18.566556930541992,437900
2000-07-19,30.25,30.625,29.4375,30.0,18.2996826171875,926900
2000-07-20,30.1875,30.9375,29.875,30.9375,18.871551513671875,362600
2000-07-21,30.8125,31.25,30.625,31.125,18.985919952392578,702900
2000-07-24,31.0,31.5,29.8125,30.0,18.2996826171875,501100
2000-07-25,30.0,31.375,29.8125,31.1875,19.02404022216797,596900
2000-07-26,32.0,33.75,31.875,33.3125,20.320266723632812,2372200
2000-07-27,33.5625,37.25,33.5625,36.6875,22.37898826599121,4757000
2000-07-28,36.0,36.125,34.9375,35.5,21.654621124267578,1413800
2000-07-31,35.6875,36.0,35.125,35.9375,21.921499252319336,1205600
2000-08-01,35.9375,35.9375,34.25,34.25,20.89214515686035,1609900
2000-08-02,33.5625,34.375,32.3125,32.625,19.900903701782227,1763200
2000-08-03,31.75,33.5,31.75,33.5,20.43464469909668,2126100
2000-08-04,33.875,34.5625,33.5,33.875,20.663393020629883,1216300
2000-08-07,34.5,34.5625,33.875,34.4375,21.006507873535156,1225800
2000-08-08,34.5,34.9375,34.0625,34.6875,21.159006118774414,1280900
2000-08-09,34.6875,34.6875,32.875,33.0,20.12964630126953,855700
2000-08-10,33.25,33.9375,33.25,33.625,20.51089859008789,564100
2000-08-11,33.5,34.5,33.4375,34.125,20.815879821777344,394500
2000-08-14,35.0,35.25,34.6875,35.1875,21.464008331298828,1282600
2000-08-15,35.25,35.3125,35.0,35.1875,21.464008331298828,1094700
2000-08-16,35.0,35.375,35.0,35.125,21.425884246826172,793600
2000-08-17,35.0,35.9375,34.6875,35.75,21.807119369506836,554200
2000-08-18,35.875,35.875,35.0,35.4375,21.616500854492188,649000
2000-08-21,35.5,35.875,35.0,35.0,21.34963607788086,536500
2000-08-22,35.25,35.5,34.25,34.4375,21.006507873535156,642700
2000-08-23,34.0,34.25,33.625,34.1875,20.854015350341797,869600
2000-08-24,34.0625,34.625,34.0,34.0625,20.77776336669922,501800
2000-08-25,34.0625,34.5,33.5,33.8125,20.62526512145996,575000
2000-08-28,33.5625,33.875,33.0,33.25,20.282148361206055,564400
2000-08-29,33.0625,33.5625,32.875,33.3125,20.320266723632812,475000
2000-08-30,33.625,33.9375,33.4375,33.75,20.58714485168457,1109800
2000-08-31,33.5625,35.5,33.5625,35.125,21.425884246826172,618700
2000-09-01,35.375,35.8125,34.5625,34.75,21.197124481201172,343300
2000-09-05,34.5,35.3125,34.5,34.875,21.273380279541016,212500
2000-09-06,34.5,34.5,33.25,33.375,20.358407974243164,1048600
2000-09-07,33.4375,34.125,33.4375,33.625,20.51089859008789,3163000
2000-09-08,33.875,35.1875,33.8125,34.9375,21.31150245666504,1230000
2000-09-11,34.9375,35.375,34.6875,35.0,21.34963607788086,734500
2000-09-12,35.0,35.5,34.75,35.375,21.57837677001953,753200
2000-09-13,35.5,36.6875,35.25,35.8125,21.84525489807129,1123600
2000-09-14,35.6875,36.0625,35.0625,35.8125,21.84525489807129,1004700
2000-09-15,35.75,36.75,35.6875,36.0625,21.99774169921875,913200
2000-09-18,36.0625,37.0,36.0625,36.25,22.112119674682617,1636600
2000-09-19,36.25,37.0,36.0625,37.0,22.569608688354492,862000
2000-09-20,37.0,37.125,36.3125,36.5,22.264612197875977,788900
2000-09-21,36.5625,38.3125,36.4375,38.25,23.33209228515625,1514400
2000-09-22,38.0,39.125,37.5,38.75,23.637096405029297,766300
2000-09-25,38.75,38.75,37.0,37.375,22.798355102539062,1058800
2000-09-26,37.3125,39.0,37.25,38.6875,23.598962783813477,908300
2000-09-27,38.75,40.1875,38.5625,39.4375,24.137575149536133,1236300
2000-09-28,39.0,39.9375,39.0,39.75,24.328834533691406,904600
2000-09-29,39.75,39.875,38.5625,39.25,24.022811889648438,1130100
2000-10-02,39.125,39.625,38.8125,39.0,23.869796752929688,944900
2000-10-03,39.0,39.0,37.5,37.5,22.951732635498047,822300
2000-10-04,37.3125,38.0,36.9375,37.4375,22.913471221923828,680900
2000-10-05,36.75,37.375,36.375,37.0,22.645708084106445,1636800
2000-10-06,36.25,36.75,35.5625,35.625,21.804141998291016,1103800
2000-10-09,35.625,35.9375,35.0,35.4375,21.689380645751953,657400
2000-10-10,35.5,35.75,32.875,34.4375,21.07733154296875,1679800
2000-10-11,34.0,35.5,33.5,35.375,21.651124954223633,2070900
2000-10-12,35.375,35.375,33.5625,33.5625,20.541799545288086,2050800
2000-10-13,33.5625,34.6875,33.375,34.375,21.039091110229492,1132000
2000-10-16,34.1875,34.8125,34.125,34.8125,21.306848526000977,914000
2000-10-17,35.0625,35.375,33.9375,34.6875,21.230350494384766,833800
2000-10-18,34.3125,36.3125,33.5625,36.0625,22.071910858154297,1214400
2000-10-19,37.25,38.25,36.875,37.8125,23.14299964904785,1625300
2000-10-20,37.9375,38.8125,37.875,37.9375,23.219499588012695,974200
2000-10-23,37.9375,38.5625,37.5,38.5,23.563772201538086,955500
2000-10-24,38.5,39.0625,37.75,38.3125,23.44902229309082,1110500
2000-10-25,38.875,39.5,38.625,38.75,23.7167911529541,1914900
2000-10-26,39.375,39.6875,37.5625,38.3125,23.44902229309082,796200
2000-10-27,38.3125,39.25,38.3125,39.25,24.022811889648438,907900
2000-10-30,39.25,41.0,39.25,40.625,24.864362716674805,1330100
2000-10-31,40.625,40.625,39.0625,39.25,24.022811889648438,767400
2000-11-01,40.375,40.375,38.75,39.8125,24.36708641052246,2896100
2000-11-02,39.875,42.5,39.5,40.4375,24.749622344970703,1852800
2000-11-03,40.25,40.25,38.8125,39.0625,23.908058166503906,787300
2000-11-06,38.5,39.0625,37.75,38.3125,23.44902229309082,1062200
2000-11-07,38.3125,39.5625,37.8125,39.0,23.869796752929688,1076500
2000-11-08,39.0,39.5,38.625,39.1875,23.984546661376953,536800
2000-11-09,39.4375,39.4375,38.6875,38.8125,23.755041122436523,481400
2000-11-10,38.875,40.5625,38.625,40.125,24.558353424072266,800200
2000-11-13,39.9375,40.0,38.5625,39.25,24.022811889648438,561800
2000-11-14,39.25,40.3125,39.1875,39.9375,24.443588256835938,977100
2000-11-15,40.0625,40.3125,39.625,40.0625,24.52009391784668,652600
2000-11-16,39.9375,40.4375,38.875,39.8125,24.36708641052246,1346200
2000-11-17,39.9375,40.8125,39.9375,40.0,24.481847763061523,633500
2000-11-20,39.9375,39.9375,38.75,39.125,23.946285247802734,946900
2000-11-21,39.125,39.1875,38.75,39.0,23.869796752929688,929200
2000-11-22,38.75,38.9375,37.5625,38.375,23.48726463317871,539800
2000-11-24,38.375,38.9375,37.75,38.8125,23.755041122436523,258600
2000-11-27,38.4375,38.5,37.75,38.25,23.4107608795166,697800
2000-11-28,38.5,39.4375,38.3125,38.75,23.7167911529541,467900
2000-11-29,38.875,40.0,38.875,39.8125,24.36708641052246,540300
2000-11-30,39.8125,41.375,39.0625,39.5,24.175813674926758,1470500
2000-12-01,39.5,39.875,38.9375,39.25,24.022811889648438,894000
2000-12-04,39.25,39.75,39.1875,39.625,24.252323150634766,1131400
2000-12-05,39.875,41.0625,39.875,41.0,25.093896865844727,1694900
2000-12-06,41.0,41.375,40.3125,41.0625,25.13214683532715,1003100
2000-12-07,40.9375,41.75,40.0,41.5,25.399919509887695,992000
2000-12-08,42.0,43.6875,42.0,43.5625,26.662260055541992,1450300
2000-12-11,43.375,43.75,42.625,43.0625,26.356218338012695,1003800
2000-12-12,43.0,43.0,41.5,42.0,25.7059383392334,930700
2000-12-13,40.0,40.375,39.6875,40.0,24.481847763061523,3687100
2000-12-14,40.25,40.25,38.75,39.0,23.869796752929688,2209100
2000-12-15,38.9375,39.0,36.3125,38.0625,23.296001434326172,3236700
2000-12-18,39.0,39.625,38.8125,39.5,24.175813674926758,2101700
2000-12-19,39.5,39.5,36.875,37.625,23.028226852416992,1825600
2000-12-20,37.25,37.375,36.6875,37.0,22.645708084106445,1385900
2000-12-21,37.0,40.5,36.9375,40.5,24.787860870361328,2981500
2000-12-22,40.4375,40.5,39.75,40.4375,24.749622344970703,918700
2000-12-26,40.4375,42.1875,40.375,41.9375,25.667688369750977,1441800
2000-12-27,41.625,42.9375,41.625,42.625,26.16958236694336,1002800
2000-12-28,42.375,43.125,42.375,42.8125,26.28469467163086,1214400
2000-12-29,43.1875,43.9375,42.0,42.4375,26.05446434020996,1104700
2001-01-02,43.1875,43.1875,40.8125,41.25,25.325410842895508,1676500
2001-01-03,40.875,41.1875,39.25,39.375,24.17425537109375,2158100
2001-01-04,39.625,40.25,35.5,37.25,22.869609832763672,4562300
2001-01-05,37.0,38.75,36.5,37.9375,23.291698455810547,2589100
2001-01-08,37.9375,38.75,37.8125,38.1875,23.4451847076416,1717300
2001-01-09,38.5625,39.0,36.25,36.5,22.409137725830078,2219900
2001-01-10,37.4375,37.4375,35.9375,36.375,22.3324031829834,1467900
2001-01-11,36.0,36.0625,35.375,36.0,22.102174758911133,2176200
2001-01-12,36.5,36.625,34.25,34.8125,21.37311553955078,2987400
2001-01-16,34.5625,36.6875,34.5,36.375,22.3324031829834,2162600
2001-01-17,36.25,36.375,34.75,35.125,21.564964294433594,2158700
2001-01-18,34.5,36.5,33.0,36.5,22.409137725830078,2922200
2001-01-19,36.6875,36.6875,35.5,35.5625,21.833572387695312,976000
2001-01-22,35.8125,37.5,35.6875,37.375,22.946338653564453,958200
2001-01-23,36.3125,38.9375,35.6875,38.5,23.637046813964844,1612300
2001-01-24,38.5625,39.1875,37.9375,38.5625,23.6754093170166,1119100
2001-01-25,38.5,39.125,38.125,38.9375,23.90566062927246,856500
2001-01-26,38.9375,39.0625,38.125,38.4375,23.59868621826172,784100
2001-01-29,38.29999923706055,39.04999923706055,38.18000030517578,38.59000015258789,23.692306518554688,525200
2001-01-30,38.970001220703125,38.970001220703125,37.0,37.689998626708984,23.139753341674805,1671100
2001-01-31,37.790000915527344,37.900001525878906,36.400001525878906,37.0,22.71612548828125,865500
2001-02-01,37.0,37.470001220703125,36.099998474121094,36.41999816894531,22.360029220581055,1908400
2001-02-02,35.5,38.040000915527344,35.5,37.95000076293945,23.299365997314453,2652100
2001-02-05,38.0,38.970001220703125,37.41999816894531,38.779998779296875,23.808948516845703,666400
2001-02-06,38.779998779296875,38.810001373291016,37.22999954223633,37.880001068115234,23.256393432617188,446900
2001-02-07,38.400001525878906,39.0,38.099998474121094,38.70000076293945,23.759830474853516,442400
2001-02-08,38.70000076293945,39.4900016784668,36.75,37.529998779296875,23.041528701782227,1678200
2001-02-09,37.279998779296875,38.20000076293945,36.4900016784668,37.709999084472656,23.152021408081055,1033300
2001-02-12,37.880001068115234,38.4900016784668,37.5,38.099998474121094,23.391469955444336,637000
2001-02-13,38.349998474121094,38.790000915527344,37.79999923706055,38.380001068115234,23.563365936279297,883900
2001-02-14,38.79999923706055,40.150001525878906,38.400001525878906,39.20000076293945,24.066802978515625,1803300
2001-02-15,39.099998474121094,39.400001525878906,37.900001525878906,37.900001525878906,23.268680572509766,1238100
2001-02-16,37.849998474121094,38.2400016784668,37.400001525878906,37.75,23.176586151123047,1092900
2001-02-20,37.5,38.0,36.5,36.5,22.409137725830078,3395000
2001-02-21,35.75,36.41999816894531,35.0099983215332,35.349998474121094,21.703102111816406,833000
2001-02-22,36.400001525878906,36.45000076293945,35.25,36.29999923706055,22.28635597229004,1093900
2001-02-23,37.75,37.75,36.0,36.599998474121094,22.470531463623047,1056800
2001-02-26,36.79999923706055,37.75,36.45000076293945,37.0,22.71612548828125,1073400
2001-02-27,37.25,37.849998474121094,37.0,37.59000015258789,23.07834815979004,969500
2001-02-28,37.70000076293945,38.0,36.150001525878906,36.599998474121094,22.470531463623047,864300
2001-03-01,36.79999923706055,37.0,36.43000030517578,36.970001220703125,22.697696685791016,707800
2001-03-02,36.45000076293945,38.0099983215332,36.45000076293945,37.599998474121094,23.084491729736328,1235400
2001-03-05,37.599998474121094,37.79999923706055,36.70000076293945,36.959999084472656,22.691566467285156,651000
2001-03-06,37.0,37.0,36.0,36.650001525878906,22.501243591308594,1154000
2001-03-07,36.650001525878906,37.20000076293945,36.5099983215332,37.099998474121094,22.777524948120117,540200
2001-03-08,37.349998474121094,37.97999954223633,37.290000915527344,37.709999084472656,23.152021408081055,474000
2001-03-09,38.5,38.5,37.150001525878906,37.959999084472656,23.305513381958008,1118700
2001-03-12,38.0,38.79999923706055,37.290000915527344,37.540000915527344,23.04766082763672,1136300
2001-03-13,37.5,37.75,36.79999923706055,37.650001525878906,23.115192413330078,830300
2001-03-14,37.0,37.25,36.54999923706055,36.880001068115234,22.6424560546875,994900
2001-03-15,37.880001068115234,38.5,37.2599983215332,38.0,23.330081939697266,1316200
2001-03-16,38.0,38.0,37.5099983215332,37.5099983215332,23.029226303100586,859200
2001-03-19,36.75,36.75,33.939998626708984,35.25,21.64171600341797,2789500
2001-03-20,36.099998474121094,36.099998474121094,34.54999923706055,34.61000061035156,21.2487850189209,1473500
2001-03-21,33.0,34.5,33.0,34.099998474121094,20.9356632232666,1912600
2001-03-22,34.0,34.099998474121094,32.0,33.099998474121094,20.32171058654785,1673500
2001-03-23,33.75,34.150001525878906,32.650001525878906,33.29999923706055,20.444499969482422,1449500
2001-03-26,34.0,34.63999938964844,33.79999923706055,34.150001525878906,20.96636962890625,1354300
2001-03-27,34.130001068115234,34.130001068115234,33.400001525878906,33.900001525878906,20.812877655029297,1377400
2001-03-28,33.52000045776367,34.45000076293945,33.349998474121094,34.099998474121094,21.016254425048828,1102800
2001-03-29,33.900001525878906,34.5099983215332,33.79999923706055,34.4900016784668,21.256622314453125,1694900
2001-03-30,34.2599983215332,37.119998931884766,34.2599983215332,36.7599983215332,22.6556396484375,995600
2001-04-02,36.36000061035156,36.65999984741211,35.70000076293945,35.869998931884766,22.107135772705078,1247100
2001-04-03,35.619998931884766,35.619998931884766,34.099998474121094,34.20000076293945,21.077892303466797,952800
2001-04-04,34.45000076293945,34.66999816894531,33.150001525878906,33.5,20.646472930908203,1158400
2001-04-05,33.599998474121094,34.20000076293945,33.599998474121094,33.900001525878906,20.893001556396484,1486900
2001-04-06,33.88999938964844,33.88999938964844,31.799999237060547,31.969999313354492,19.70351219177246,2036800
2001-04-09,31.969999313354492,32.0,31.59000015258789,31.799999237060547,19.598751068115234,1470700
2001-04-10,31.899999618530273,33.099998474121094,31.75,32.88999938964844,20.270519256591797,2704300
2001-04-11,33.88999938964844,33.88999938964844,32.150001525878906,32.15999984741211,19.82061004638672,1242600
2001-04-12,32.40999984741211,32.59000015258789,31.760000228881836,32.029998779296875,19.74049186706543,902900
2001-04-16,32.150001525878906,32.27000045776367,31.6200008392334,31.719999313354492,19.549434661865234,792100
2001-04-17,31.969999313354492,33.59000015258789,31.799999237060547,33.150001525878906,20.430763244628906,1047500
2001-04-18,34.099998474121094,35.849998474121094,34.099998474121094,35.599998474121094,21.94072723388672,4182700
2001-04-19,35.54999923706055,36.849998474121094,35.209999084472656,36.5099983215332,22.501575469970703,2606000
2001-04-20,36.4900016784668,36.849998474121094,33.790000915527344,35.25,21.72502899169922,1573200
2001-04-23,35.0,35.900001525878906,34.90999984741211,35.900001525878906,22.12562370300293,1185200
2001-04-24,35.5,35.54999923706055,33.43000030517578,33.900001525878906,20.893001556396484,2476900
2001-04-25,33.0,34.25,32.95000076293945,33.70000076293945,20.76973533630371,2392300
2001-04-26,33.75,35.04999923706055,33.75,34.79999923706055,21.447681427001953,1393400
2001-04-27,35.400001525878906,35.540000915527344,34.900001525878906,35.209999084472656,21.700363159179688,928900
2001-04-30,35.25,36.099998474121094,35.25,35.70000076293945,22.002370834350586,1849500
2001-05-01,35.70000076293945,36.900001525878906,34.79999923706055,36.16999816894531,22.292028427124023,2135000
2001-05-02,37.25,37.25,35.779998779296875,35.790000915527344,22.057830810546875,2536500
2001-05-03,35.900001525878906,35.900001525878906,34.79999923706055,34.9900016784668,21.564781188964844,1473400
2001-05-04,34.790000915527344,35.150001525878906,34.0,34.88999938964844,21.503154754638672,1494800
2001-05-07,35.650001525878906,35.650001525878906,34.0,34.310001373291016,21.145687103271484,1931000
2001-05-08,35.0,35.70000076293945,34.900001525878906,35.25,21.72502899169922,1944700
2001-05-09,35.150001525878906,36.25,34.68000030517578,35.2599983215332,21.731184005737305,1279400
2001-05-10,35.310001373291016,35.38999938964844,34.400001525878906,34.75,21.4168643951416,842600
2001-05-11,35.0,36.0,34.79999923706055,35.25,21.72502899169922,838200
2001-05-14,35.150001525878906,36.20000076293945,35.150001525878906,35.95000076293945,22.15643882751465,850700
2001-05-15,36.02000045776367,36.849998474121094,35.900001525878906,36.599998474121094,22.55703353881836,878300
2001-05-16,36.599998474121094,36.95000076293945,36.5,36.75,22.649484634399414,1311900
2001-05-17,37.25,38.150001525878906,36.25,36.72999954223633,22.63716697692871,1445900
2001-05-18,37.45000076293945,37.900001525878906,36.849998474121094,37.29999923706055,22.98847007751465,1123600
2001-05-21,37.54999923706055,39.0,37.400001525878906,37.849998474121094,23.327442169189453,1732300
2001-05-22,37.349998474121094,37.70000076293945,36.79999923706055,37.029998779296875,22.822059631347656,1146500
2001-05-23,37.279998779296875,37.400001525878906,36.45000076293945,37.349998474121094,23.019269943237305,1797200
2001-05-24,37.349998474121094,38.79999923706055,37.349998474121094,37.970001220703125,23.401399612426758,897100
2001-05-25,37.97999954223633,38.380001068115234,37.209999084472656,37.34000015258789,23.013111114501953,573800
2001-05-29,38.130001068115234,39.400001525878906,37.97999954223633,38.349998474121094,23.63559913635254,1236500
2001-05-30,39.4900016784668,39.4900016784668,38.7599983215332,38.7599983215332,23.88827133178711,1155300
2001-05-31,38.7599983215332,38.95000076293945,38.619998931884766,38.75,23.88211441040039,568500
2001-06-01,39.20000076293945,39.20000076293945,37.720001220703125,38.099998474121094,23.481515884399414,494300
2001-06-04,38.099998474121094,38.790000915527344,37.849998474121094,38.75,23.88211441040039,542800
2001-06-05,38.79999923706055,39.4900016784668,38.650001525878906,39.22999954223633,24.177946090698242,1318700
2001-06-06,39.25,39.5,38.959999084472656,39.25,24.190277099609375,1044700
2001-06-07,39.29999923706055,39.88999938964844,39.29999923706055,39.88999938964844,24.584718704223633,937900
2001-06-08,39.95000076293945,39.970001220703125,39.599998474121094,39.65999984741211,24.442951202392578,373300
2001-06-11,38.849998474121094,39.45000076293945,38.25,39.130001068115234,24.116304397583008,846600
2001-06-12,39.2400016784668,39.2400016784668,38.689998626708984,39.04999923706055,24.0670108795166,541500
2001-06-13,39.04999923706055,39.47999954223633,38.9900016784668,39.130001068115234,24.116304397583008,749300
2001-06-14,39.130001068115234,39.20000076293945,38.70000076293945,39.13999938964844,24.122482299804688,860100
2001-06-15,39.08000183105469,39.09000015258789,38.400001525878906,38.54999923706055,23.75885009765625,770400
2001-06-18,38.099998474121094,38.34000015258789,37.04999923706055,37.63999938964844,23.1980037689209,931700
2001-06-19,37.20000076293945,37.70000076293945,36.0,36.349998474121094,22.40296173095703,1462100
2001-06-20,36.45000076293945,37.29999923706055,36.45000076293945,36.849998474121094,22.711118698120117,2196600
2001-06-21,36.849998474121094,36.9900016784668,36.400001525878906,36.900001525878906,22.741933822631836,1476800
2001-06-22,37.150001525878906,37.560001373291016,36.81999969482422,37.4900016784668,23.105560302734375,469700
2001-06-25,37.599998474121094,37.70000076293945,36.599998474121094,36.75,22.649484634399414,471400
2001-06-26,36.20000076293945,37.72999954223633,36.04999923706055,37.560001373291016,23.148700714111328,695200
2001-06-27,37.599998474121094,38.95000076293945,37.31999969482422,38.400001525878906,23.761301040649414,1047800
2001-06-28,39.25,40.0,38.900001525878906,39.68000030517578,24.553348541259766,1645300
2001-06-29,39.380001068115234,39.560001373291016,38.900001525878906,39.09000015258789,24.188257217407227,1289200
2001-07-02,39.09000015258789,39.31999969482422,38.29999923706055,38.709999084472656,23.95311737060547,464900
2001-07-03,38.79999923706055,38.849998474121094,38.349998474121094,38.66999816894531,23.92837142944336,136900
2001-07-05,38.16999816894531,38.29999923706055,37.599998474121094,37.70000076293945,23.32815933227539,845900
2001-07-06,37.599998474121094,38.06999969482422,37.400001525878906,37.79999923706055,23.390031814575195,577100
2001-07-09,37.79999923706055,37.88999938964844,37.02000045776367,37.029998779296875,22.913564682006836,469500
2001-07-10,36.29999923706055,36.47999954223633,35.5,36.15999984741211,22.375225067138672,1641800
2001-07-11,36.15999984741211,36.29999923706055,35.599998474121094,35.66999816894531,22.072019577026367,1033300
2001-07-12,35.66999816894531,36.38999938964844,35.66999816894531,35.70000076293945,22.09058952331543,1013200
2001-07-13,35.900001525878906,36.0,35.400001525878906,35.84000015258789,22.177217483520508,1084900
2001-07-16,36.0,36.20000076293945,35.75,35.970001220703125,22.257658004760742,362800
2001-07-17,35.9900016784668,36.0,34.45000076293945,35.5,21.966827392578125,778900
2001-07-18,35.849998474121094,35.95000076293945,34.7400016784668,34.849998474121094,21.564620971679688,1282900
2001-07-19,34.5,34.70000076293945,33.5,33.81999969482422,20.92726707458496,3072500
2001-07-20,33.95000076293945,34.150001525878906,33.599998474121094,33.7599983215332,20.890140533447266,1710300
2001-07-23,33.70000076293945,34.04999923706055,33.400001525878906,33.599998474121094,20.791135787963867,1867400
2001-07-24,34.0,34.33000183105469,33.0,33.400001525878906,20.66737937927246,3187100
2001-07-25,33.38999938964844,33.400001525878906,32.72999954223633,33.11000061035156,20.487932205200195,1528600
2001-07-26,33.650001525878906,33.81999969482422,33.0,33.31999969482422,20.61787223815918,1187700
2001-07-27,32.5,34.0,32.5,33.15999984741211,20.518882751464844,1234100
2001-07-30,33.25,33.70000076293945,33.16999816894531,33.650001525878906,20.82208251953125,1016800
2001-07-31,33.79999923706055,35.400001525878906,33.79999923706055,34.90999984741211,21.60173988342285,2104900
2001-08-01,35.0,35.599998474121094,34.54999923706055,34.599998474121094,21.409923553466797,1171800
2001-08-02,34.150001525878906,34.29999923706055,33.650001525878906,33.869998931884766,20.958208084106445,806700
2001-08-03,33.7599983215332,35.0,33.7599983215332,34.849998474121094,21.564620971679688,1068200
2001-08-06,34.5,34.9900016784668,34.04999923706055,34.86000061035156,21.570798873901367,497600
2001-08-07,35.099998474121094,36.4900016784668,35.099998474121094,36.0,22.276222229003906,1368900
2001-08-08,35.95000076293945,36.0,35.20000076293945,35.5,21.966827392578125,1100200
2001-08-09,35.5,35.650001525878906,35.099998474121094,35.5,21.966827392578125,547200
2001-08-10,35.650001525878906,35.70000076293945,35.25,35.5099983215332,21.97300910949707,314100
2001-08-13,35.5099983215332,36.349998474121094,35.5,36.150001525878906,22.369033813476562,1253500
2001-08-14,36.150001525878906,36.7599983215332,36.150001525878906,36.59000015258789,22.641298294067383,1096500
2001-08-15,36.47999954223633,36.77000045776367,36.22999954223633,36.529998779296875,22.60417366027832,886100
2001-08-16,36.400001525878906,36.70000076293945,35.959999084472656,36.61000061035156,22.653667449951172,764000
2001-08-17,36.54999923706055,36.54999923706055,35.75,35.88999938964844,22.208160400390625,716500
2001-08-20,35.599998474121094,35.599998474121094,35.099998474121094,35.29999923706055,21.843076705932617,1142500
2001-08-21,35.29999923706055,35.310001373291016,34.599998474121094,35.0,21.657434463500977,1431800
2001-08-22,35.0,35.0,33.91999816894531,34.29999923706055,21.224292755126953,1056000
2001-08-23,34.540000915527344,34.900001525878906,34.439998626708984,34.7400016784668,21.496551513671875,867700
2001-08-24,34.59000015258789,34.70000076293945,34.0,34.31999969482422,21.236652374267578,1258900
2001-08-27,34.20000076293945,34.31999969482422,33.20000076293945,33.75,20.883953094482422,1236100
2001-08-28,33.75,33.75,32.95000076293945,33.47999954223633,20.716875076293945,1287800
2001-08-29,33.400001525878906,33.47999954223633,32.9900016784668,33.27000045776367,20.58693504333496,784800
2001-08-30,33.150001525878906,33.150001525878906,31.899999618530273,32.900001525878906,20.357986450195312,1490100
2001-08-31,33.25,33.95000076293945,33.15999984741211,33.16999816894531,20.52505874633789,920000
2001-09-04,33.5,33.70000076293945,33.04999923706055,33.310001373291016,20.611690521240234,776000
2001-09-05,33.52000045776367,34.20000076293945,33.209999084472656,33.959999084472656,21.01389503479004,886500
2001-09-06,33.959999084472656,34.0,33.20000076293945,33.779998779296875,20.902523040771484,1269500
2001-09-07,33.779998779296875,33.779998779296875,32.88999938964844,33.060001373291016,20.456993103027344,1308200
2001-09-10,32.810001373291016,33.11000061035156,32.25,33.0,20.419872283935547,1145900
2001-09-17,26.75,29.600000381469727,26.75,28.510000228881836,17.641529083251953,9099200
2001-09-18,28.520000457763672,29.100000381469727,25.989999771118164,25.989999771118164,16.082189559936523,7285300
2001-09-19,25.020000457763672,25.059999465942383,22.899999618530273,24.0,14.850810050964355,13821300
2001-09-20,22.75,23.790000915527344,20.600000381469727,20.950000762939453,12.963522911071777,9609300
2001-09-21,19.0,20.989999771118164,18.100000381469727,20.5,12.685073852539062,6100000
2001-09-24,22.25,24.600000381469727,21.649999618530273,23.760000228881836,14.702309608459473,3694400
2001-09-25,23.399999618530273,25.600000381469727,23.399999618530273,25.0,15.469597816467285,4197900
2001-09-26,25.5,25.700000762939453,24.760000228881836,25.190000534057617,15.681251525878906,2642400
2001-09-27,25.049999237060547,27.549999237060547,24.799999237060547,27.540000915527344,17.1441650390625,3945400
2001-09-28,28.100000381469727,30.0,28.0,28.8700008392334,17.972116470336914,5739700
2001-10-01,28.6200008392334,29.440000534057617,28.200000762939453,29.0,18.053054809570312,3623500
2001-10-02,29.010000228881836,29.25,28.600000381469727,28.899999618530273,17.990787506103516,5083800
2001-10-03,32.400001525878906,35.029998779296875,31.739999771118164,34.310001373291016,21.35862922668457,9972200
2001-10-04,34.150001525878906,34.70000076293945,32.849998474121094,34.11000061035156,21.234115600585938,2994300
2001-10-05,33.900001525878906,34.45000076293945,32.06999969482422,33.310001373291016,20.736103057861328,2481500
2001-10-08,33.31999969482422,33.7400016784668,31.850000381469727,33.209999084472656,20.673858642578125,1862400
2001-10-09,33.209999084472656,36.29999923706055,32.86000061035156,36.099998474121094,22.472938537597656,3418600
2001-10-10,36.0099983215332,38.29999923706055,34.90999984741211,36.0,22.410676956176758,4273200
2001-10-11,36.650001525878906,38.900001525878906,36.150001525878906,36.650001525878906,22.81532859802246,3193800
2001-10-12,36.65999984741211,37.25,35.79999923706055,37.040000915527344,23.058101654052734,1289300
2001-10-15,36.84000015258789,37.650001525878906,36.599998474121094,37.08000183105469,23.0830020904541,1416700
2001-10-16,37.7400016784668,38.9900016784668,37.349998474121094,38.599998474121094,24.02923011779785,2451700
2001-10-17,39.02000045776367,39.20000076293945,37.40999984741211,38.189998626708984,23.77399444580078,2708800
2001-10-18,38.0,38.5,36.349998474121094,36.86000061035156,22.94603729248047,3402500
2001-10-19,36.849998474121094,37.5,36.11000061035156,36.5,22.721940994262695,1902600
2001-10-22,36.70000076293945,37.5,36.400001525878906,37.11000061035156,23.1016788482666,1593500
2001-10-23,36.79999923706055,37.38999938964844,36.13999938964844,36.7400016784668,22.871347427368164,1800900
2001-10-24,36.25,37.560001373291016,35.75,37.27000045776367,23.201278686523438,1053600
2001-10-25,34.900001525878906,36.150001525878906,34.61000061035156,35.400001525878906,22.037181854248047,3625200
2001-10-26,35.2599983215332,37.34000015258789,35.2599983215332,36.75,22.877578735351562,7089800
2001-10-29,37.900001525878906,37.900001525878906,36.2599983215332,36.599998474121094,22.784198760986328,1759300
2001-10-30,36.45000076293945,37.189998626708984,35.70000076293945,36.810001373291016,22.91492462158203,2774700
2001-10-31,37.349998474121094,37.349998474121094,35.25,35.25,21.943796157836914,2746700
2001-11-01,35.70000076293945,37.4900016784668,35.5,37.470001220703125,23.32579231262207,2798800
2001-11-02,37.04999923706055,38.70000076293945,36.849998474121094,38.33000183105469,23.861146926879883,2566400
2001-11-05,39.95000076293945,40.029998779296875,39.08000183105469,40.0099983215332,24.906980514526367,3259200
2001-11-06,40.75,40.75,39.20000076293945,39.959999084472656,24.875873565673828,3355900
2001-11-07,39.970001220703125,40.150001525878906,39.400001525878906,39.90999984741211,24.844736099243164,1562100
2001-11-08,39.79999923706055,40.0,38.29999923706055,38.349998474121094,23.873600006103516,1990900
2001-11-09,36.70000076293945,37.25,36.400001525878906,36.810001373291016,22.91492462158203,2632300
2001-11-12,36.5,37.38999938964844,35.2400016784668,36.900001525878906,22.970943450927734,2132400
2001-11-13,37.099998474121094,37.900001525878906,36.380001068115234,36.79999923706055,22.908693313598633,1465800
2001-11-14,36.970001220703125,37.20000076293945,36.20000076293945,36.400001525878906,22.659692764282227,1068700
2001-11-15,36.45000076293945,37.2400016784668,36.20000076293945,36.400001525878906,22.659692764282227,1353400
2001-11-16,36.400001525878906,37.25,36.29999923706055,37.25,23.188823699951172,1764600
2001-11-19,37.25,38.959999084472656,37.2400016784668,38.400001525878906,23.90472984313965,1933000
2001-11-20,38.900001525878906,38.900001525878906,38.0,38.2400016784668,23.805118560791016,2309900
2001-11-21,38.150001525878906,39.029998779296875,37.5,38.900001525878906,24.21599006652832,1146300
2001-11-23,38.650001525878906,38.65999984741211,38.04999923706055,38.22999954223633,23.798904418945312,252200
2001-11-26,37.75,38.189998626708984,37.400001525878906,38.150001525878906,23.749099731445312,841800
2001-11-27,37.650001525878906,38.75,37.650001525878906,38.59000015258789,24.02300453186035,631700
2001-11-28,38.59000015258789,38.59000015258789,37.54999923706055,37.599998474121094,23.406715393066406,388400
2001-11-29,37.61000061035156,38.900001525878906,37.61000061035156,38.779998779296875,24.141277313232422,987200
2001-11-30,38.400001525878906,38.599998474121094,37.7599983215332,38.099998474121094,23.717973709106445,889700
2001-12-03,37.70000076293945,38.4900016784668,37.52000045776367,38.45000076293945,23.935855865478516,664900
2001-12-04,38.29999923706055,39.459999084472656,37.79999923706055,39.34000015258789,24.489892959594727,1476500
2001-12-05,39.70000076293945,40.09000015258789,38.849998474121094,39.0,24.27823257446289,2095200
2001-12-06,39.0,39.77000045776367,38.0,38.97999954223633,24.265779495239258,2122700
2001-12-07,38.97999954223633,39.38999938964844,38.20000076293945,39.0,24.27823257446289,1235000
2001-12-10,38.650001525878906,38.95000076293945,37.70000076293945,38.20000076293945,23.78023338317871,1174800
2001-12-11,38.25,38.25,37.5,37.79999923706055,23.531227111816406,1506800
2001-12-12,37.599998474121094,38.0,37.349998474121094,37.5,23.344457626342773,1603400
2001-12-13,37.599998474121094,37.599998474121094,36.849998474121094,37.119998931884766,23.107906341552734,1415600
2001-12-14,37.349998474121094,37.5099983215332,36.849998474121094,37.5,23.344457626342773,2055100
2001-12-17,37.75,38.18000030517578,37.29999923706055,37.900001525878906,23.593477249145508,2433800
2001-12-18,38.0,38.66999816894531,37.79999923706055,38.29999923706055,23.84247398376465,1264800
2001-12-19,38.25,38.709999084472656,37.79999923706055,38.650001525878906,24.06035804748535,770100
2001-12-20,38.25,38.58000183105469,38.25,38.45000076293945,23.935855865478516,1350500
2001-12-21,38.599998474121094,39.0,38.29999923706055,38.810001373291016,24.159955978393555,1108400
2001-12-24,38.459999084472656,39.13999938964844,38.459999084472656,38.83000183105469,24.17240333557129,258200
2001-12-26,38.83000183105469,39.95000076293945,38.77000045776367,39.95000076293945,24.869632720947266,700000
2001-12-27,39.97999954223633,40.099998474121094,39.810001373291016,39.959999084472656,24.969623565673828,1309400
2001-12-28,40.13999938964844,40.34000015258789,39.79999923706055,40.27000045776367,25.163312911987305,1264000
2001-12-31,40.33000183105469,40.599998474121094,40.0,40.150001525878906,25.08832550048828,649100
2002-01-02,40.0,40.099998474121094,39.29999923706055,39.470001220703125,24.663421630859375,1206600
2002-01-03,39.81999969482422,39.97999954223633,38.790000915527344,39.0099983215332,24.3759822845459,1665300
2002-01-04,39.04999923706055,39.189998626708984,38.38999938964844,38.5,24.057292938232422,1377100
2002-01-07,38.849998474121094,38.849998474121094,38.0,38.099998474121094,23.80735969543457,972700
2002-01-08,36.5,37.88999938964844,36.5,37.720001220703125,23.569917678833008,2703000
2002-01-09,37.970001220703125,38.54999923706055,37.75,38.45000076293945,24.026063919067383,1734200
2002-01-10,38.29999923706055,38.29999923706055,37.400001525878906,37.97999954223633,23.732376098632812,988900
2002-01-11,37.9900016784668,38.13999938964844,37.72999954223633,38.0,23.744873046875,1069800
2002-01-14,37.900001525878906,37.900001525878906,36.25,36.25,22.651371002197266,2315000
2002-01-15,36.5,37.2400016784668,36.380001068115234,37.15999984741211,23.219989776611328,1478900
2002-01-16,37.189998626708984,37.189998626708984,36.349998474121094,36.650001525878906,22.90131378173828,1249000
2002-01-17,36.63999938964844,36.75,35.29999923706055,35.29999923706055,22.0577335357666,2704100
2002-01-18,35.29999923706055,35.939998626708984,35.13999938964844,35.869998931884766,22.41390037536621,2344400
2002-01-22,36.0,36.0,35.099998474121094,35.56999969482422,22.22645378112793,1435200
2002-01-23,35.56999969482422,35.650001525878906,35.0099983215332,35.20000076293945,21.995243072509766,1629500
2002-01-24,37.0,37.25,36.29999923706055,36.95000076293945,23.088769912719727,6324800
2002-01-25,36.97999954223633,38.25,36.88999938964844,37.900001525878906,23.68239974975586,5998500
2002-01-28,37.70000076293945,38.720001220703125,37.599998474121094,38.150001525878906,23.838605880737305,3490100
2002-01-29,38.2599983215332,38.45000076293945,37.150001525878906,38.45000076293945,24.026063919067383,42939200
2002-01-30,38.29999923706055,38.650001525878906,37.63999938964844,38.22999954223633,23.888601303100586,8708000
2002-01-31,38.34000015258789,38.849998474121094,38.02000045776367,38.849998474121094,24.2760066986084,2265900
2002-02-01,38.849998474121094,39.900001525878906,38.849998474121094,39.060001373291016,24.407236099243164,3889200
2002-02-04,39.060001373291016,39.150001525878906,38.310001373291016,38.630001068115234,24.13854217529297,1917300
2002-02-05,38.630001068115234,39.29999923706055,38.29999923706055,38.5099983215332,24.063552856445312,1719300
2002-02-06,38.36000061035156,38.75,38.25,38.29999923706055,23.93233871459961,2065500
2002-02-07,38.0,39.0,37.75,38.959999084472656,24.3447322845459,2657100
2002-02-08,38.959999084472656,39.439998626708984,38.66999816894531,38.75,24.213525772094727,2015800
2002-02-11,38.75,39.650001525878906,38.619998931884766,39.45000076293945,24.650938034057617,1183000
2002-02-12,39.599998474121094,40.400001525878906,39.29999923706055,40.15999984741211,25.094589233398438,2560500
2002-02-13,41.0,44.20000076293945,40.959999084472656,44.0,27.494068145751953,5979700
2002-02-14,44.150001525878906,44.7599983215332,43.25,43.9900016784668,27.48781967163086,4759900
2002-02-15,43.380001068115234,43.45000076293945,42.22999954223633,43.20000076293945,26.994186401367188,2992200
2002-02-19,43.0,43.09000015258789,41.86000061035156,41.97999954223633,26.231840133666992,1635300
2002-02-20,42.25,42.75,41.79999923706055,42.5,26.556760787963867,1366700
2002-02-21,42.29999923706055,42.75,41.689998626708984,41.81999969482422,26.13186264038086,954900
2002-02-22,41.400001525878906,41.959999084472656,40.900001525878906,41.959999084472656,26.21934700012207,1166300
2002-02-25,41.810001373291016,42.75,41.61000061035156,42.52000045776367,26.56925392150879,1164100
2002-02-26,42.5,43.630001068115234,42.5,43.36000061035156,27.094152450561523,1095700
2002-02-27,43.5,44.529998779296875,43.41999816894531,44.25,27.650297164916992,1388500
2002-02-28,44.29999923706055,44.650001525878906,43.599998474121094,43.900001525878906,27.43158721923828,1257300
2002-03-01,43.79999923706055,43.810001373291016,42.70000076293945,43.0,26.869199752807617,2486100
2002-03-04,42.95000076293945,43.290000915527344,42.79999923706055,43.15999984741211,26.969179153442383,2180900
2002-03-05,43.099998474121094,44.4900016784668,43.04999923706055,43.900001525878906,27.43158721923828,1450600
2002-03-06,43.95000076293945,44.47999954223633,43.72999954223633,44.38999938964844,27.737747192382812,1339000
2002-03-07,44.400001525878906,44.529998779296875,41.900001525878906,43.11000061035156,26.937942504882812,2338000
2002-03-08,43.0,43.25,41.88999938964844,42.18000030517578,26.356807708740234,2259900
2002-03-11,42.29999923706055,42.400001525878906,41.810001373291016,42.29999923706055,26.431798934936523,1156800
2002-03-12,41.95000076293945,42.75,41.5,42.099998474121094,26.30683135986328,1494400
2002-03-13,42.04999923706055,42.25,41.61000061035156,42.06999969482422,26.28807258605957,1116300
2002-03-14,42.20000076293945,43.689998626708984,42.04999923706055,43.5,27.181631088256836,1931400
2002-03-15,43.880001068115234,43.880001068115234,43.0099983215332,43.5,27.181631088256836,1526200
2002-03-18,43.349998474121094,43.52000045776367,41.5,42.150001525878906,26.338077545166016,1729900
2002-03-19,42.13999938964844,42.20000076293945,41.0,41.20000076293945,25.74444007873535,2269100
2002-03-20,41.150001525878906,41.15999984741211,40.20000076293945,40.25,25.150819778442383,2794500
2002-03-21,40.75,42.08000183105469,40.5,41.90999984741211,26.1881046295166,2627400
2002-03-22,41.90999984741211,42.380001068115234,41.349998474121094,42.290000915527344,26.42555046081543,1604700
2002-03-25,42.040000915527344,42.20000076293945,40.310001373291016,40.459999084472656,25.282045364379883,1457500
2002-03-26,40.54999923706055,41.099998474121094,40.04999923706055,40.290000915527344,25.26949691772461,1551400
2002-03-27,40.279998779296875,41.13999938964844,40.099998474121094,40.91999816894531,25.66463851928711,1992300
2002-03-28,41.29999923706055,41.900001525878906,40.900001525878906,41.70000076293945,26.15384292602539,1098500
2002-04-01,41.900001525878906,41.90999984741211,41.040000915527344,41.790000915527344,26.210275650024414,1017100
2002-04-02,41.70000076293945,42.349998474121094,41.650001525878906,42.2599983215332,26.50506591796875,1266000
2002-04-03,42.400001525878906,42.400001525878906,41.83000183105469,42.29999923706055,26.530155181884766,1120800
2002-04-04,42.04999923706055,43.099998474121094,42.04999923706055,43.0,26.96918296813965,1252200
2002-04-05,43.04999923706055,43.45000076293945,43.0099983215332,43.130001068115234,27.05071449279785,1034800
2002-04-08,43.13999938964844,43.849998474121094,42.849998474121094,43.709999084472656,27.41448211669922,858000
2002-04-09,43.849998474121094,44.68000030517578,43.650001525878906,44.20000076293945,27.721811294555664,1375800
2002-04-10,44.20000076293945,44.93000030517578,44.0,44.81999969482422,28.110679626464844,1518300
2002-04-11,44.88999938964844,44.88999938964844,44.09000015258789,44.43000030517578,27.866071701049805,948300
2002-04-12,44.400001525878906,44.97999954223633,43.79999923706055,44.400001525878906,27.847257614135742,1115900
2002-04-15,44.400001525878906,44.5,42.900001525878906,43.13999938964844,27.05699348449707,1694000
2002-04-16,43.20000076293945,43.79999923706055,42.900001525878906,43.0,26.96918296813965,1628600
2002-04-17,43.0,43.849998474121094,42.939998626708984,43.400001525878906,27.220062255859375,1581700
2002-04-18,43.40999984741211,43.86000061035156,42.5,43.38999938964844,27.21378517150879,1788800
2002-04-19,43.54999923706055,43.97999954223633,43.400001525878906,43.810001373291016,27.477203369140625,687900
2002-04-22,43.810001373291016,44.099998474121094,43.61000061035156,43.81999969482422,27.483491897583008,1108400
2002-04-23,44.400001525878906,44.79999923706055,43.09000015258789,43.150001525878906,27.06325340270996,1598400
2002-04-24,43.900001525878906,43.900001525878906,43.0,43.130001068115234,27.05071449279785,1750400
2002-04-25,43.130001068115234,43.150001525878906,42.0,42.25,26.498788833618164,1453300
2002-04-26,42.31999969482422,43.0,42.27000045776367,42.400001525878906,26.59287452697754,1020000
2002-04-29,42.400001525878906,42.790000915527344,41.599998474121094,41.650001525878906,26.122474670410156,1158600
2002-04-30,42.2599983215332,43.59000015258789,42.04999923706055,43.52000045776367,27.295326232910156,1746500
2002-05-01,41.0,42.099998474121094,38.5,39.689998626708984,24.8931827545166,10647100
2002-05-02,38.029998779296875,38.29999923706055,35.209999084472656,36.38999938964844,22.823469161987305,13889400
2002-05-03,36.5,37.869998931884766,36.400001525878906,36.9900016784668,23.199771881103516,7588200
2002-05-06,37.150001525878906,37.349998474121094,35.900001525878906,36.0099983215332,22.58511734008789,3206700
2002-05-07,36.25,36.29999923706055,34.75,35.650001525878906,22.359336853027344,4040800
2002-05-08,36.25,36.400001525878906,35.27000045776367,35.5,22.2652587890625,2759000
2002-05-09,35.70000076293945,36.20000076293945,35.0,35.15999984741211,22.052017211914062,2637900
2002-05-10,35.0,35.54999923706055,34.0,34.20000076293945,21.449913024902344,5846000
2002-05-13,34.45000076293945,35.060001373291016,33.04999923706055,34.95000076293945,21.920303344726562,3140800
2002-05-14,35.150001525878906,35.349998474121094,34.369998931884766,34.5,21.638065338134766,3123900
2002-05-15,34.61000061035156,34.9900016784668,34.099998474121094,34.13999938964844,21.41227912902832,3162900
2002-05-16,34.150001525878906,34.20000076293945,32.79999923706055,33.38999938964844,20.941884994506836,4016800
2002-05-17,33.38999938964844,33.45000076293945,32.380001068115234,33.36000061035156,20.923065185546875,4221100
2002-05-20,33.36000061035156,34.36000061035156,32.54999923706055,32.79999923706055,20.57184410095215,2526100
2002-05-21,32.79999923706055,33.75,32.709999084472656,33.70000076293945,21.136314392089844,7643000
2002-05-22,33.599998474121094,33.61000061035156,32.63999938964844,32.70000076293945,20.50912857055664,2848700
2002-05-23,32.70000076293945,34.599998474121094,32.58000183105469,34.38999938964844,21.56907081604004,4407500
2002-05-24,35.400001525878906,35.560001373291016,34.849998474121094,35.25,22.10845947265625,4537300
2002-05-28,35.54999923706055,35.54999923706055,34.29999923706055,34.72999954223633,21.78231430053711,1517300
2002-05-29,34.849998474121094,35.90999984741211,34.75,35.150001525878906,22.045753479003906,2799800
2002-05-30,35.29999923706055,35.29999923706055,34.11000061035156,34.130001068115234,21.406009674072266,2347100
2002-05-31,34.70000076293945,35.0,34.400001525878906,34.61000061035156,21.707046508789062,2015400
2002-06-03,34.75,35.099998474121094,33.810001373291016,33.93000030517578,21.280567169189453,1601800
2002-06-04,33.0,33.099998474121094,32.0,32.95000076293945,20.665918350219727,4093800
2002-06-05,33.349998474121094,34.09000015258789,33.099998474121094,33.790000915527344,21.1927547454834,2271200
2002-06-06,34.25,34.5,32.849998474121094,32.849998474121094,20.60320472717285,1501500
2002-06-07,32.849998474121094,32.900001525878906,31.920000076293945,32.20000076293945,20.19552993774414,4195600
2002-06-10,32.349998474121094,32.79999923706055,31.889999389648438,32.599998474121094,20.446401596069336,2157700
2002-06-11,33.04999923706055,33.13999938964844,31.809999465942383,31.8799991607666,19.99483871459961,2462300
2002-06-12,31.899999618530273,32.540000915527344,31.549999237060547,32.2599983215332,20.233154296875,1963000
2002-06-13,32.27000045776367,32.650001525878906,31.989999771118164,32.150001525878906,20.164173126220703,2176400
2002-06-14,32.150001525878906,32.70000076293945,31.6299991607666,32.47999954223633,20.37114143371582,1704300
2002-06-17,32.47999954223633,33.70000076293945,32.47999954223633,33.56999969482422,21.05477523803711,1482400
2002-06-18,33.56999969482422,34.0,33.349998474121094,33.86000061035156,21.236663818359375,1498000
2002-06-19,33.599998474121094,33.70000076293945,32.9900016784668,33.09000015258789,20.75373077392578,1911400
2002-06-20,33.0,33.400001525878906,32.79999923706055,33.189998626708984,20.81644630432129,1070600
2002-06-21,33.029998779296875,33.540000915527344,33.029998779296875,33.29999923706055,20.88543701171875,1753600
2002-06-24,33.04999923706055,33.310001373291016,32.70000076293945,32.900001525878906,20.634563446044922,1630600
2002-06-25,32.599998474121094,33.18000030517578,32.43000030517578,32.5,20.383689880371094,980500
2002-06-26,30.950000762939453,31.799999237060547,30.850000381469727,31.399999618530273,19.797332763671875,1806500
2002-06-27,31.049999237060547,31.309999465942383,28.829999923706055,30.0,18.91465187072754,4017800
2002-06-28,30.399999618530273,31.600000381469727,30.270000457763672,31.600000381469727,19.923425674438477,2090500
2002-07-01,31.299999237060547,31.299999237060547,30.25,30.25,19.072269439697266,2162300
2002-07-02,30.25,30.399999618530273,28.8799991607666,29.149999618530273,18.378732681274414,1924800
2002-07-03,29.260000228881836,30.0,29.030000686645508,29.639999389648438,18.687681198120117,2987100
2002-07-05,29.850000381469727,30.850000381469727,29.850000381469727,30.6200008392334,19.305553436279297,601700
2002-07-08,30.25,30.950000762939453,29.700000762939453,30.049999237060547,18.94618034362793,1204700
2002-07-09,30.049999237060547,31.0,29.670000076293945,29.75,18.757028579711914,2314800
2002-07-10,29.899999618530273,30.020000457763672,27.700000762939453,27.799999237060547,17.527578353881836,1949000
2002-07-11,27.200000762939453,29.5,27.200000762939453,29.280000686645508,18.46070671081543,2840100
2002-07-12,29.280000686645508,29.809999465942383,29.020000457763672,29.5,18.599395751953125,1305500
2002-07-15,29.149999618530273,29.31999969482422,27.43000030517578,29.200000762939453,18.410255432128906,1846000
2002-07-16,28.950000762939453,29.15999984741211,28.350000381469727,28.639999389648438,18.057186126708984,2145600
2002-07-17,29.010000228881836,29.5,27.709999084472656,28.020000457763672,17.66628074645996,2549800
2002-07-18,27.770000457763672,27.780000686645508,25.25,25.399999618530273,16.01439666748047,5336800
2002-07-19,24.5,25.989999771118164,24.5,25.799999237060547,16.2665958404541,3670800
2002-07-22,25.5,25.799999237060547,24.450000762939453,24.75,15.60457706451416,2642200
2002-07-23,24.549999237060547,25.5,23.299999237060547,23.31999969482422,14.702986717224121,1588000
2002-07-24,23.329999923706055,24.540000915527344,22.010000228881836,24.25,15.289345741271973,3371400
2002-07-25,24.25,25.5,23.549999237060547,24.600000381469727,15.510014533996582,2060800
2002-07-26,24.850000381469727,26.790000915527344,24.799999237060547,26.790000915527344,16.890777587890625,2372900
2002-07-29,27.18000030517578,29.049999237060547,27.18000030517578,29.040000915527344,18.309385299682617,2729300
2002-07-30,28.299999237060547,30.940000534057617,27.760000228881836,30.299999237060547,19.10379981994629,3927800
2002-07-31,31.309999465942383,32.0,30.350000381469727,31.670000076293945,19.967561721801758,3417400
2002-08-01,31.469999313354492,32.04999923706055,31.31999969482422,31.780000686645508,20.036924362182617,1790800
2002-08-02,31.899999618530273,31.93000030517578,30.5,31.100000381469727,19.608186721801758,1987500
2002-08-05,31.100000381469727,31.100000381469727,28.899999618530273,29.049999237060547,18.315685272216797,1659100
2002-08-06,31.0,31.100000381469727,29.950000762939453,30.290000915527344,19.097484588623047,1746100
2002-08-07,30.649999618530273,30.829999923706055,29.0,29.469999313354492,18.580493927001953,1412600
2002-08-08,28.950000762939453,32.0,28.950000762939453,31.81999969482422,20.0621280670166,2747600
2002-08-09,31.75,32.59000015258789,30.950000762939453,31.739999771118164,20.011695861816406,1216400
2002-08-12,31.100000381469727,32.59000015258789,31.100000381469727,32.290000915527344,20.35846710205078,890400
2002-08-13,32.400001525878906,32.54999923706055,31.350000381469727,31.760000228881836,20.024303436279297,1445500
2002-08-14,31.760000228881836,32.650001525878906,31.270000457763672,32.58000183105469,20.541305541992188,1128500
2002-08-15,32.91999816894531,33.43000030517578,32.4900016784668,33.150001525878906,20.900678634643555,1097700
2002-08-16,32.95000076293945,33.650001525878906,32.20000076293945,32.849998474121094,20.71154022216797,903500
2002-08-19,32.849998474121094,33.45000076293945,32.619998931884766,33.29999923706055,20.995254516601562,1006900
2002-08-20,33.29999923706055,33.45000076293945,32.5,32.95000076293945,20.77458381652832,803900
2002-08-21,33.150001525878906,33.59000015258789,32.2400016784668,32.689998626708984,20.61066436767578,1853100
2002-08-22,32.75,34.09000015258789,32.56999969482422,34.0,21.43659782409668,949500
2002-08-23,34.0099983215332,34.0099983215332,33.029998779296875,33.13999938964844,20.89437484741211,854400
2002-08-26,33.20000076293945,33.88999938964844,32.529998779296875,33.84000015258789,21.33572769165039,843000
2002-08-27,33.9900016784668,34.2400016784668,32.29999923706055,32.65999984741211,20.591751098632812,1368200
2002-08-28,32.630001068115234,32.9900016784668,31.75,32.349998474121094,20.396291732788086,951500
2002-08-29,31.649999618530273,32.29999923706055,31.100000381469727,31.709999084472656,19.992782592773438,1952700
2002-08-30,31.729999542236328,32.25,31.510000228881836,31.809999465942383,20.055828094482422,1321300
2002-09-03,31.739999771118164,31.739999771118164,30.5,30.530000686645508,19.248811721801758,1142200
2002-09-04,30.350000381469727,30.760000228881836,29.450000762939453,30.639999389648438,19.318157196044922,1187400
2002-09-05,30.610000610351562,31.040000915527344,30.020000457763672,30.770000457763672,19.400114059448242,707800
2002-09-06,31.440000534057617,31.649999618530273,31.0,31.09000015258789,19.601877212524414,835900
2002-09-09,31.100000381469727,32.150001525878906,30.950000762939453,31.690000534057617,19.980167388916016,775400
2002-09-10,31.940000534057617,32.0099983215332,31.020000457763672,31.360000610351562,19.772117614746094,1205800
2002-09-11,31.989999771118164,32.0,31.40999984741211,31.420000076293945,19.809938430786133,572100
2002-09-12,31.420000076293945,33.400001525878906,31.25,32.86000061035156,20.71784210205078,1716800
2002-09-13,32.75,33.75,32.04999923706055,33.52000045776367,21.13397216796875,2162600
2002-09-16,33.5,33.5,32.5,33.369998931884766,21.039386749267578,943200
2002-09-17,33.7400016784668,34.189998626708984,32.529998779296875,32.650001525878906,20.58544158935547,1050400
2002-09-18,31.760000228881836,33.150001525878906,31.399999618530273,32.619998931884766,20.5665225982666,2110000
2002-09-19,31.950000762939453,32.29999923706055,31.579999923706055,31.600000381469727,19.923425674438477,1351100
2002-09-20,32.0,32.630001068115234,31.739999771118164,32.0099983215332,20.181926727294922,2655500
2002-09-23,31.899999618530273,32.09000015258789,30.700000762939453,30.989999771118164,19.53883171081543,2147000
2002-09-24,30.510000228881836,31.239999771118164,29.610000610351562,29.940000534057617,18.876819610595703,2024200
2002-09-25,30.0,30.399999618530273,29.299999237060547,29.729999542236328,18.851455688476562,1715200
2002-09-26,29.899999618530273,31.399999618530273,29.549999237060547,31.200000762939453,19.783565521240234,1800900
2002-09-27,31.200000762939453,31.280000686645508,29.75,29.950000762939453,18.99095344543457,1194600
2002-09-30,29.350000381469727,30.149999618530273,28.25,29.610000610351562,18.77536392211914,1787500
2002-10-01,29.649999618530273,30.719999313354492,29.030000686645508,30.600000381469727,19.403114318847656,2272300
2002-10-02,30.479999542236328,30.489999771118164,28.190000534057617,28.350000381469727,17.976411819458008,2785800
2002-10-03,28.360000610351562,29.899999618530273,28.360000610351562,28.760000228881836,18.236387252807617,1942000
2002-10-04,29.010000228881836,29.5,28.260000228881836,28.829999923706055,18.2807674407959,1892800
2002-10-07,28.75,29.25,26.899999618530273,27.43000030517578,17.39305305480957,2100000
2002-10-08,27.68000030517578,29.899999618530273,27.600000381469727,29.68000030517578,18.81975555419922,2327400
2002-10-09,29.350000381469727,29.350000381469727,27.75,28.149999618530273,17.849599838256836,1793100
2002-10-10,28.0,30.6200008392334,27.899999618530273,30.5,19.339704513549805,2933300
2002-10-11,31.290000915527344,33.20000076293945,31.260000228881836,32.40999984741211,20.55080795288086,2321000
2002-10-14,31.850000381469727,31.850000381469727,29.950000762939453,30.489999771118164,19.33336067199707,1980500
2002-10-15,32.0,34.0,32.0,33.25,21.083444595336914,3354800
2002-10-16,33.20000076293945,33.400001525878906,32.45000076293945,32.95000076293945,20.893218994140625,2430000
2002-10-17,34.400001525878906,34.849998474121094,33.75,34.70000076293945,22.00286865234375,3334200
2002-10-18,33.95000076293945,35.20000076293945,33.79999923706055,34.75,22.034584045410156,2596200
2002-10-21,34.7599983215332,36.400001525878906,34.41999816894531,36.400001525878906,23.08083152770996,1908200
2002-10-22,36.25,36.29999923706055,35.29999923706055,35.459999084472656,22.48478889465332,1907200
2002-10-23,34.95000076293945,34.9900016784668,33.619998931884766,34.2599983215332,21.723876953125,1861300
2002-10-24,35.0,35.04999923706055,33.290000915527344,33.380001068115234,21.165876388549805,2273500
2002-10-25,33.95000076293945,34.290000915527344,33.20000076293945,34.11000061035156,21.62876319885254,1692300
2002-10-28,34.5,35.5,33.7400016784668,33.9900016784668,21.552671432495117,1331400
2002-10-29,33.38999938964844,33.79999923706055,32.2400016784668,33.400001525878906,21.178558349609375,1494600
2002-10-30,33.0,33.0099983215332,31.979999542236328,32.34000015258789,20.506423950195312,3228400
2002-10-31,32.349998474121094,32.349998474121094,30.5,30.75,19.498231887817383,4377000
2002-11-01,30.799999237060547,30.899999618530273,30.299999237060547,30.8799991607666,19.580656051635742,2419200
2002-11-04,32.04999923706055,32.29999923706055,31.600000381469727,31.799999237060547,20.164011001586914,1666700
2002-11-05,31.8700008392334,32.099998474121094,30.899999618530273,31.309999465942383,19.853317260742188,885600
2002-11-06,31.649999618530273,31.850000381469727,30.200000762939453,31.84000015258789,20.18937873840332,3073500
2002-11-07,31.799999237060547,31.829999923706055,30.65999984741211,31.139999389648438,19.745521545410156,1561700
2002-11-08,31.139999389648438,31.299999237060547,29.799999237060547,30.729999542236328,19.485544204711914,1311500
2002-11-11,30.729999542236328,31.149999618530273,30.600000381469727,30.899999618530273,19.59333610534668,1022600
2002-11-12,30.979999542236328,31.100000381469727,30.59000015258789,30.829999923706055,19.548959732055664,1725500
2002-11-13,30.809999465942383,31.139999389648438,30.100000381469727,30.709999084472656,19.472864151000977,903800
2002-11-14,31.0,31.360000610351562,30.450000762939453,31.25,19.81526756286621,1765900
2002-11-15,31.25,31.459999084472656,30.65999984741211,31.459999084472656,19.94842529296875,1012700
2002-11-18,31.75,32.02000045776367,31.43000030517578,31.809999465942383,20.170360565185547,1427700
2002-11-19,31.809999465942383,32.290000915527344,31.799999237060547,32.22999954223633,20.436674118041992,1228800
2002-11-20,32.0,33.0,31.600000381469727,33.0,20.9249210357666,1870600
2002-11-21,33.04999923706055,33.25,32.63999938964844,32.75,20.766403198242188,2646300
2002-11-22,32.75,34.400001525878906,32.599998474121094,34.0099983215332,21.56535530090332,1812300
2002-11-25,33.7599983215332,33.9900016784668,32.52000045776367,32.650001525878906,20.7029972076416,1402300
2002-11-26,32.75,33.04999923706055,32.31999969482422,32.709999084472656,20.741039276123047,1071400
2002-11-27,32.72999954223633,33.5099983215332,32.619998931884766,33.40999984741211,21.18490982055664,630900
2002-11-29,33.650001525878906,34.45000076293945,33.650001525878906,34.099998474121094,21.62241554260254,564200
2002-12-02,34.119998931884766,34.25,32.7400016784668,33.400001525878906,21.178558349609375,1368800
2002-12-03,33.400001525878906,33.93000030517578,33.2599983215332,33.689998626708984,21.362449645996094,1009400
2002-12-04,33.689998626708984,33.849998474121094,33.060001373291016,33.27000045776367,21.096128463745117,917900
2002-12-05,33.709999084472656,34.04999923706055,32.400001525878906,32.869998931884766,20.842496871948242,813600
2002-12-06,32.16999816894531,32.779998779296875,32.0099983215332,32.16999816894531,20.39862823486328,1241100
2002-12-09,32.16999816894531,32.20000076293945,31.239999771118164,31.280000686645508,19.834291458129883,1234800
2002-12-10,31.5,32.09000015258789,31.450000762939453,32.04999923706055,20.322538375854492,1137100
2002-12-11,31.899999618530273,32.599998474121094,31.700000762939453,32.31999969482422,20.493736267089844,1085900
2002-12-12,32.2400016784668,32.79999923706055,32.099998474121094,32.15999984741211,20.39229393005371,1013900
2002-12-13,32.15999984741211,32.20000076293945,31.280000686645508,31.329999923706055,19.866003036499023,749300
2002-12-16,31.450000762939453,32.08000183105469,31.350000381469727,31.84000015258789,20.18937873840332,704600
2002-12-17,31.549999237060547,31.8799991607666,31.25,31.3700008392334,19.89137077331543,862200
2002-12-18,31.31999969482422,31.31999969482422,30.780000686645508,30.969999313354492,19.637727737426758,849200
2002-12-19,30.600000381469727,30.90999984741211,29.670000076293945,29.799999237060547,18.895843505859375,2530900
2002-12-20,29.799999237060547,30.040000915527344,29.43000030517578,30.0,19.022655487060547,1990200
2002-12-23,29.989999771118164,29.989999771118164,28.8799991607666,29.309999465942383,18.585140228271484,2290300
2002-12-24,29.139999389648438,29.420000076293945,28.850000381469727,29.219999313354492,18.636165618896484,894700
2002-12-26,29.299999237060547,30.139999389648438,29.100000381469727,29.510000228881836,18.821117401123047,1237500
2002-12-27,29.399999618530273,29.65999984741211,28.709999084472656,28.950000762939453,18.463966369628906,723200
2002-12-30,28.950000762939453,29.549999237060547,28.610000610351562,29.260000228881836,18.661664962768555,944400
2002-12-31,29.329999923706055,29.549999237060547,28.899999618530273,29.34000015258789,18.712692260742188,881400
2003-01-02,29.350000381469727,30.610000610351562,29.299999237060547,30.510000228881836,19.458908081054688,1332200
2003-01-03,30.399999618530273,30.899999618530273,30.290000915527344,30.690000534057617,19.573705673217773,770900
2003-01-06,30.850000381469727,32.20000076293945,30.81999969482422,31.969999313354492,20.39007568359375,1751600
2003-01-07,32.099998474121094,32.400001525878906,31.549999237060547,31.780000686645508,20.26889991760254,2156100
2003-01-08,31.760000228881836,31.799999237060547,30.75,31.170000076293945,19.87984848022461,1420000
2003-01-09,31.170000076293945,31.8799991607666,31.170000076293945,31.8700008392334,20.32630157470703,1415100
2003-01-10,31.8700008392334,32.130001068115234,31.5,31.600000381469727,20.154096603393555,1660100
2003-01-13,32.06999969482422,32.06999969482422,30.899999618530273,31.0,19.771421432495117,1344200
2003-01-14,30.100000381469727,30.559999465942383,29.850000381469727,30.520000457763672,19.465286254882812,4004500
2003-01-15,30.520000457763672,30.520000457763672,29.889999389648438,30.270000457763672,19.305835723876953,1474200
2003-01-16,30.450000762939453,30.600000381469727,28.989999771118164,29.040000915527344,18.521364212036133,2314700
2003-01-17,28.959999084472656,29.200000762939453,28.6200008392334,29.010000228881836,18.502222061157227,1441200
2003-01-21,29.200000762939453,29.299999237060547,28.469999313354492,28.610000610351562,18.247106552124023,1155500
2003-01-22,28.43000030517578,28.75,27.969999313354492,28.079999923706055,17.90908432006836,1560600
2003-01-23,28.350000381469727,28.520000457763672,28.100000381469727,28.209999084472656,17.991992950439453,1250800
2003-01-24,27.899999618530273,28.040000915527344,27.350000381469727,27.709999084472656,17.673097610473633,2406000
2003-01-27,28.0,29.799999237060547,28.0,29.270000457763672,18.668048858642578,4733700
2003-01-28,29.299999237060547,30.030000686645508,29.299999237060547,29.989999771118164,19.127260208129883,2353200
2003-01-29,29.600000381469727,30.110000610351562,29.239999771118164,30.100000381469727,19.19740867614746,1919500
2003-01-30,30.079999923706055,30.09000015258789,28.950000762939453,29.059999465942383,18.53411102294922,1356500
2003-01-31,28.850000381469727,29.799999237060547,28.700000762939453,29.450000762939453,18.782848358154297,925100
2003-02-03,29.56999969482422,30.149999618530273,29.450000762939453,29.75,18.97418975830078,1311900
2003-02-04,29.760000228881836,29.760000228881836,27.25,28.25,18.017505645751953,3285100
2003-02-05,28.75,28.75,27.649999618530273,27.75,17.6986141204834,1637000
2003-02-06,28.25,28.5,27.3799991607666,27.700000762939453,17.666723251342773,2922000
2003-02-07,28.100000381469727,28.280000686645508,27.459999084472656,27.670000076293945,17.6475887298584,1270000
2003-02-10,27.670000076293945,28.6299991607666,27.670000076293945,28.6299991607666,18.259864807128906,2123700
2003-02-11,28.700000762939453,28.989999771118164,27.709999084472656,27.899999618530273,17.79427719116211,1289400
2003-02-12,27.81999969482422,28.079999923706055,27.549999237060547,27.690000534057617,17.660350799560547,1789700
2003-02-13,27.700000762939453,28.049999237060547,27.190000534057617,27.299999237060547,17.411611557006836,1609800
2003-02-14,27.399999618530273,27.90999984741211,26.850000381469727,27.90999984741211,17.800657272338867,934800
2003-02-18,28.0,28.760000228881836,27.920000076293945,28.239999771118164,18.01112937927246,925600
2003-02-19,28.229999542236328,28.420000076293945,27.709999084472656,28.260000228881836,18.023883819580078,946000
2003-02-20,28.15999984741211,28.31999969482422,27.600000381469727,27.790000915527344,17.724132537841797,1177000
2003-02-21,27.690000534057617,28.510000228881836,27.350000381469727,28.329999923706055,18.068527221679688,917400
2003-02-24,28.200000762939453,28.329999923706055,27.65999984741211,27.719999313354492,17.67948341369629,639500
2003-02-25,27.729999542236328,27.8700008392334,27.260000228881836,27.780000686645508,17.717748641967773,1084000
2003-02-26,27.790000915527344,27.940000534057617,26.780000686645508,26.829999923706055,17.11185073852539,1607900
2003-02-27,27.049999237060547,27.700000762939453,26.799999237060547,27.56999969482422,17.58380699157715,1563600
2003-02-28,27.739999771118164,28.0,27.5,27.709999084472656,17.673097610473633,882500
2003-03-03,28.0,28.200000762939453,27.65999984741211,27.719999313354492,17.67948341369629,1855700
2003-03-04,27.780000686645508,27.780000686645508,27.190000534057617,27.299999237060547,17.411611557006836,1311300
2003-03-05,27.200000762939453,27.670000076293945,27.1200008392334,27.200000762939453,17.34783363342285,1207600
2003-03-06,27.049999237060547,27.190000534057617,26.829999923706055,26.950000762939453,17.188385009765625,1088300
2003-03-07,26.950000762939453,27.06999969482422,26.020000457763672,26.959999084472656,17.19475746154785,1217300
2003-03-10,26.969999313354492,26.969999313354492,25.899999618530273,25.93000030517578,16.53783416748047,1724700
2003-03-11,25.950000762939453,26.06999969482422,24.43000030517578,24.43000030517578,15.581161499023438,3298700
2003-03-12,24.350000381469727,24.510000228881836,23.59000015258789,23.75,15.1474609375,2810600
2003-03-13,24.299999237060547,25.25,24.100000381469727,25.100000381469727,16.00847625732422,2145300
2003-03-14,25.200000762939453,27.049999237060547,25.049999237060547,26.600000381469727,16.965158462524414,2181400
2003-03-17,26.5,27.75,26.149999618530273,27.530000686645508,17.55829620361328,1370800
2003-03-18,27.979999542236328,27.989999771118164,27.389999389648438,27.690000534057617,17.660350799560547,1266100
2003-03-19,27.649999618530273,28.43000030517578,27.649999618530273,28.399999618530273,18.113182067871094,1170600
2003-03-20,28.399999618530273,28.8799991607666,27.899999618530273,28.469999313354492,18.157821655273438,1275900
2003-03-21,28.860000610351562,30.479999542236328,28.5,30.34000015258789,19.35047721862793,4242300
2003-03-24,30.020000457763672,30.020000457763672,29.09000015258789,29.170000076293945,18.604272842407227,1988400
2003-03-25,29.420000076293945,30.0,29.219999313354492,29.450000762939453,18.782848358154297,1549100
2003-03-26,29.5,29.850000381469727,29.329999923706055,29.479999542236328,18.80198860168457,1356100
2003-03-27,29.309999465942383,29.700000762939453,29.100000381469727,29.399999618530273,18.859724044799805,1496600
2003-03-28,29.200000762939453,29.760000228881836,29.020000457763672,29.5,18.92386245727539,932200
2003-03-31,29.299999237060547,29.399999618530273,28.610000610351562,28.950000762939453,18.57105827331543,1079300
2003-04-01,29.299999237060547,29.5,29.079999923706055,29.350000381469727,18.82764434814453,1063500
2003-04-02,30.25,31.100000381469727,30.25,30.59000015258789,19.623092651367188,1879500
2003-04-03,30.899999618530273,30.90999984741211,30.420000076293945,30.549999237060547,19.597431182861328,1189600
2003-04-04,30.940000534057617,31.75,30.75,31.709999084472656,20.341548919677734,1464000
2003-04-07,32.5,32.790000915527344,30.780000686645508,30.90999984741211,19.828359603881836,2127800
2003-04-08,31.139999389648438,31.25,30.739999771118164,30.889999389648438,19.815540313720703,1661400
2003-04-09,31.049999237060547,31.329999923706055,30.549999237060547,30.59000015258789,19.623092651367188,1404600
2003-04-10,30.600000381469727,30.739999771118164,30.010000228881836,30.049999237060547,19.276687622070312,1179300
2003-04-11,30.170000076293945,30.600000381469727,29.649999618530273,29.780000686645508,19.103483200073242,1502200
2003-04-14,29.989999771118164,30.600000381469727,29.610000610351562,30.600000381469727,19.6295108795166,2011300
2003-04-15,30.600000381469727,31.6299991607666,30.600000381469727,31.200000762939453,20.014400482177734,1447900
2003-04-16,31.399999618530273,31.5,30.670000076293945,30.690000534057617,19.687236785888672,1292800
2003-04-17,30.6299991607666,31.559999465942383,30.6200008392334,31.530000686645508,20.226093292236328,1247600
2003-04-21,31.530000686645508,31.860000610351562,31.399999618530273,31.68000030517578,20.32230567932129,998400
2003-04-22,32.15999984741211,34.18000030517578,32.15999984741211,33.939998626708984,21.772066116333008,3843400
2003-04-23,33.939998626708984,35.0,33.939998626708984,34.56999969482422,22.17621612548828,4419400
2003-04-24,34.56999969482422,34.58000183105469,33.540000915527344,33.61000061035156,21.56037712097168,1609500
2003-04-25,33.75,34.099998474121094,32.63999938964844,32.70000076293945,20.97663116455078,1466200
2003-04-28,33.0099983215332,34.06999969482422,32.7400016784668,33.5,21.489810943603516,1648500
2003-04-29,33.5,33.650001525878906,32.5099983215332,33.189998626708984,21.29095458984375,2519700
2003-04-30,34.25,34.25,33.0,33.08000183105469,21.22039222717285,3087700
2003-05-01,33.15999984741211,33.900001525878906,33.0,33.529998779296875,21.509061813354492,2409400
2003-05-02,33.540000915527344,34.70000076293945,33.189998626708984,34.599998474121094,22.19544792175293,1879700
2003-05-05,33.79999923706055,34.47999954223633,33.58000183105469,33.7599983215332,21.656599044799805,1642100
2003-05-06,33.97999954223633,33.97999954223633,33.099998474121094,33.720001220703125,21.630945205688477,2359600
2003-05-07,33.709999084472656,33.7599983215332,32.779998779296875,32.849998474121094,21.072843551635742,1672300
2003-05-08,31.700000762939453,32.5,31.700000762939453,32.2599983215332,20.69437026977539,2482100
2003-05-09,32.599998474121094,33.45000076293945,32.279998779296875,33.16999816894531,21.278135299682617,2114900
2003-05-12,32.849998474121094,34.349998474121094,32.279998779296875,34.279998779296875,21.99018096923828,2228700
2003-05-13,34.029998779296875,34.189998626708984,33.619998931884766,33.650001525878906,21.586048126220703,1213200
2003-05-14,34.0,34.65999984741211,33.63999938964844,34.34000015258789,22.028667449951172,1500200
2003-05-15,34.5,34.720001220703125,34.2599983215332,34.45000076293945,22.099224090576172,1822800
2003-05-16,34.45000076293945,35.0,34.20000076293945,34.54999923706055,22.163379669189453,1294800
2003-05-19,34.54999923706055,34.560001373291016,33.790000915527344,33.84000015258789,21.70792007446289,1298200
2003-05-20,33.91999816894531,33.93000030517578,33.15999984741211,33.58000183105469,21.54113006591797,1118600
2003-05-21,33.52000045776367,33.529998779296875,33.02000045776367,33.38999938964844,21.41925048828125,1103900
2003-05-22,33.29999923706055,33.4900016784668,33.02000045776367,33.43000030517578,21.444910049438477,1018400
2003-05-23,33.25,33.630001068115234,33.09000015258789,33.540000915527344,21.515472412109375,1148100
2003-05-27,33.59000015258789,34.45000076293945,33.369998931884766,34.439998626708984,22.092811584472656,1315800
2003-05-28,34.400001525878906,34.95000076293945,34.400001525878906,34.900001525878906,22.387901306152344,1013600
2003-05-29,35.08000183105469,35.650001525878906,34.630001068115234,34.79999923706055,22.32374382019043,2163400
2003-05-30,35.349998474121094,36.66999816894531,35.349998474121094,36.5,23.414276123046875,5176700
2003-06-02,36.97999954223633,37.95000076293945,36.529998779296875,37.0,23.735021591186523,2941200
2003-06-03,36.900001525878906,37.09000015258789,35.45000076293945,35.650001525878906,22.869022369384766,2225300
2003-06-04,35.61000061035156,36.04999923706055,35.0,35.25,22.612415313720703,2074800
2003-06-05,35.25,36.369998931884766,35.0,36.290000915527344,23.279563903808594,1578800
2003-06-06,36.779998779296875,36.97999954223633,35.52000045776367,35.61000061035156,22.843351364135742,1818900
2003-06-09,35.45000076293945,35.45000076293945,34.4900016784668,34.560001373291016,22.16979217529297,1658100
2003-06-10,34.5,35.09000015258789,34.36000061035156,35.09000015258789,22.509775161743164,1385000
2003-06-11,35.25,35.9900016784668,35.099998474121094,35.790000915527344,22.95882797241211,975700
2003-06-12,36.0,36.36000061035156,35.400001525878906,35.93000030517578,23.04863166809082,1178900
2003-06-13,35.75,35.900001525878906,35.150001525878906,35.77000045776367,22.94598960876465,807900
2003-06-16,35.79999923706055,36.970001220703125,35.79999923706055,36.7599983215332,23.581064224243164,1136400
2003-06-17,37.02000045776367,37.099998474121094,36.290000915527344,36.349998474121094,23.31804656982422,1168000
2003-06-18,36.22999954223633,36.63999938964844,35.779998779296875,36.209999084472656,23.22825050354004,1017000
2003-06-19,36.15999984741211,36.20000076293945,34.560001373291016,34.90999984741211,22.394311904907227,1988900
2003-06-20,34.95000076293945,35.16999816894531,34.650001525878906,34.689998626708984,22.253189086914062,1571600
2003-06-23,34.63999938964844,34.900001525878906,34.29999923706055,34.459999084472656,22.105640411376953,811200
2003-06-24,34.470001220703125,36.36000061035156,34.439998626708984,35.900001525878906,23.029390335083008,2103200
2003-06-25,36.0,36.540000915527344,35.279998779296875,35.400001525878906,22.708648681640625,1914200
2003-06-26,35.099998474121094,36.209999084472656,34.439998626708984,35.95000076293945,23.185894012451172,2931800
2003-06-27,36.099998474121094,36.099998474121094,34.70000076293945,34.84000015258789,22.470012664794922,1454800
2003-06-30,34.84000015258789,35.25,34.099998474121094,34.290000915527344,22.115293502807617,2041100
2003-07-01,34.29999923706055,34.58000183105469,33.939998626708984,34.4900016784668,22.244279861450195,1778700
2003-07-02,34.5,34.900001525878906,34.20000076293945,34.470001220703125,22.23137664794922,1450000
2003-07-03,34.47999954223633,34.630001068115234,33.91999816894531,34.29999923706055,22.121742248535156,756000
2003-07-07,34.45000076293945,35.20000076293945,34.349998474121094,34.790000915527344,22.437767028808594,1848300
2003-07-08,34.650001525878906,35.20000076293945,34.36000061035156,34.97999954223633,22.560300827026367,1751000
2003-07-09,34.880001068115234,35.5,34.70000076293945,34.7400016784668,22.4055118560791,1564200
2003-07-10,34.7400016784668,34.75,33.380001068115234,33.900001525878906,21.8637638092041,1834900
2003-07-11,34.060001373291016,34.2400016784668,33.439998626708984,33.75,21.767013549804688,2421600
2003-07-14,34.349998474121094,34.84000015258789,34.08000183105469,34.470001220703125,22.23137664794922,1309500
2003-07-15,34.599998474121094,34.79999923706055,34.29999923706055,34.61000061035156,22.32166862487793,1013800
2003-07-16,34.75,34.83000183105469,33.5,33.59000015258789,21.663822174072266,1025800
2003-07-17,33.59000015258789,33.70000076293945,32.97999954223633,33.150001525878906,21.380046844482422,1729100
2003-07-18,33.45000076293945,33.5,32.97999954223633,33.349998474121094,21.5090389251709,1334300
2003-07-21,33.11000061035156,33.22999954223633,32.83000183105469,33.04999923706055,21.3155517578125,1009300
2003-07-22,33.29999923706055,33.459999084472656,32.560001373291016,32.7400016784668,21.115612030029297,1524900
2003-07-23,32.459999084472656,32.52000045776367,31.440000534057617,31.700000762939453,20.44487190246582,2832400
2003-07-24,31.700000762939453,32.20000076293945,31.399999618530273,31.5,20.315881729125977,2029300
2003-07-25,31.670000076293945,32.25,31.15999984741211,32.08000183105469,20.689952850341797,1526900
2003-07-28,32.150001525878906,32.900001525878906,32.099998474121094,32.599998474121094,21.02532196044922,1609000
2003-07-29,33.0,33.27000045776367,32.04999923706055,32.900001525878906,21.218812942504883,3631300
2003-07-30,32.90999984741211,33.70000076293945,32.90999984741211,33.56999969482422,21.65092658996582,2394000
2003-07-31,33.58000183105469,33.619998931884766,32.599998474121094,32.9900016784668,21.276857376098633,2506800
2003-08-01,32.9900016784668,32.9900016784668,32.119998931884766,32.15999984741211,20.741548538208008,1529600
2003-08-04,32.060001373291016,32.4900016784668,31.850000381469727,32.439998626708984,20.9221248626709,1706500
2003-08-05,32.45000076293945,32.689998626708984,32.029998779296875,32.150001525878906,20.73509979248047,1415100
2003-08-06,32.11000061035156,32.869998931884766,31.950000762939453,32.58000183105469,21.012428283691406,1272200
2003-08-07,32.400001525878906,32.40999984741211,31.700000762939453,31.8799991607666,20.560964584350586,1498100
2003-08-08,32.04999923706055,32.79999923706055,31.969999313354492,32.68000030517578,21.076919555664062,1029600
2003-08-11,32.79999923706055,33.290000915527344,32.61000061035156,32.779998779296875,21.141414642333984,1431500
2003-08-12,32.79999923706055,33.16999816894531,32.7599983215332,33.15999984741211,21.386491775512695,883800
2003-08-13,33.25,33.349998474121094,32.54999923706055,32.75,21.122068405151367,693200
2003-08-14,32.849998474121094,33.13999938964844,32.43000030517578,33.0099983215332,21.289758682250977,1130100
2003-08-15,33.02000045776367,33.150001525878906,32.650001525878906,33.130001068115234,21.367141723632812,822300
2003-08-18,33.11000061035156,33.380001068115234,32.880001068115234,33.040000915527344,21.309106826782227,1042900
2003-08-19,33.150001525878906,33.150001525878906,32.63999938964844,32.81999969482422,21.167217254638672,787900
2003-08-20,32.83000183105469,33.630001068115234,32.709999084472656,33.630001068115234,21.68962287902832,1515300
2003-08-21,34.130001068115234,34.38999938964844,33.41999816894531,33.630001068115234,21.68962287902832,1752100
2003-08-22,33.7599983215332,33.83000183105469,32.91999816894531,33.16999816894531,21.392955780029297,865900
2003-08-25,33.25,33.27000045776367,32.13999938964844,33.04999923706055,21.3155517578125,916400
2003-08-26,32.95000076293945,33.099998474121094,32.349998474121094,32.869998931884766,21.199462890625,906600
2003-08-27,32.93000030517578,32.93000030517578,32.529998779296875,32.599998474121094,21.02532196044922,511100
2003-08-28,32.650001525878906,32.70000076293945,31.950000762939453,32.0099983215332,20.644811630249023,1837100
2003-08-29,32.0,32.25,31.829999923706055,32.20000076293945,20.767351150512695,1192500
2003-09-02,32.099998474121094,32.599998474121094,31.860000610351562,32.29999923706055,20.83184242248535,1794100
2003-09-03,32.5,32.599998474121094,32.099998474121094,32.29999923706055,20.83184242248535,2054900
2003-09-04,32.150001525878906,32.470001220703125,32.150001525878906,32.20000076293945,20.767351150512695,1825700
2003-09-05,32.189998626708984,32.5099983215332,32.04999923706055,32.4900016784668,20.954381942749023,1211400
2003-09-08,32.529998779296875,33.150001525878906,32.529998779296875,33.060001373291016,21.32200050354004,1511300
2003-09-09,33.060001373291016,33.45000076293945,32.650001525878906,32.77000045776367,21.134977340698242,1096900
2003-09-10,32.70000076293945,33.040000915527344,32.63999938964844,32.91999816894531,21.231712341308594,1250000
2003-09-11,32.91999816894531,32.959999084472656,32.25,32.279998779296875,20.81894302368164,1418500
2003-09-12,31.799999237060547,31.969999313354492,30.799999237060547,31.850000381469727,20.54161834716797,3256300
2003-09-15,31.56999969482422,32.040000915527344,30.299999237060547,32.0,20.63836669921875,2945600
2003-09-16,32.5,33.4900016784668,32.5,33.31999969482422,21.48968505859375,2463300
2003-09-17,33.38999938964844,33.4900016784668,33.20000076293945,33.45000076293945,21.573528289794922,1207300
2003-09-18,32.70000076293945,33.90999984741211,32.689998626708984,33.81999969482422,21.812162399291992,1578200
2003-09-19,34.5,34.5,33.369998931884766,33.52000045776367,21.61867904663086,2389500
2003-09-22,33.45000076293945,33.70000076293945,33.150001525878906,33.290000915527344,21.4703426361084,788600
2003-09-23,33.349998474121094,33.720001220703125,33.13999938964844,33.709999084472656,21.74122428894043,849600
2003-09-24,33.849998474121094,33.88999938964844,32.900001525878906,32.900001525878906,21.218812942504883,1396500
2003-09-25,33.04999923706055,33.38999938964844,32.81999969482422,32.81999969482422,21.167217254638672,699200
2003-09-26,32.70000076293945,33.060001373291016,32.47999954223633,32.599998474121094,21.14775276184082,1029300
2003-09-29,32.900001525878906,33.58000183105469,32.810001373291016,33.58000183105469,21.783479690551758,1134200
2003-09-30,33.25,33.470001220703125,33.0099983215332,33.08000183105469,21.459135055541992,1038600
2003-10-01,33.09000015258789,33.970001220703125,33.0,33.970001220703125,22.03647804260254,1325000
2003-10-02,33.939998626708984,34.5,33.77000045776367,34.400001525878906,22.315418243408203,1233100
2003-10-03,34.95000076293945,35.150001525878906,34.79999923706055,35.0,22.704639434814453,2061500
2003-10-06,35.0,35.04999923706055,34.630001068115234,35.04999923706055,22.737085342407227,911500
2003-10-07,34.849998474121094,34.880001068115234,34.2400016784668,34.83000183105469,22.594350814819336,1689000
2003-10-08,35.0,35.04999923706055,34.790000915527344,34.95000076293945,22.672222137451172,1499700
2003-10-09,35.150001525878906,35.150001525878906,34.04999923706055,34.4900016784668,22.373804092407227,1360200
2003-10-10,34.45000076293945,34.45000076293945,33.7599983215332,34.02000045776367,22.06891441345215,1570100
2003-10-13,34.20000076293945,34.59000015258789,34.099998474121094,34.47999954223633,22.367319107055664,767000
2003-10-14,34.79999923706055,34.970001220703125,34.5099983215332,34.959999084472656,22.678691864013672,690800
2003-10-15,35.04999923706055,35.209999084472656,34.79999923706055,35.209999084472656,22.84086799621582,1486500
2003-10-16,35.25,35.400001525878906,34.79999923706055,34.91999816894531,22.652753829956055,1706900
2003-10-17,34.0,34.04999923706055,33.5099983215332,33.959999084472656,22.029979705810547,2970400
2003-10-20,33.9900016784668,34.189998626708984,33.65999984741211,34.150001525878906,22.15324592590332,1641400
2003-10-21,34.22999954223633,34.95000076293945,34.09000015258789,34.43000030517578,22.33488655090332,1984200
2003-10-22,34.43000030517578,34.43000030517578,33.400001525878906,33.56999969482422,21.776996612548828,1486300
2003-10-23,33.56999969482422,34.31999969482422,33.54999923706055,34.18000030517578,22.172706604003906,1017600
2003-10-24,34.0,34.16999816894531,33.77000045776367,34.060001373291016,22.094860076904297,663900
2003-10-27,34.150001525878906,34.31999969482422,33.7599983215332,34.2400016784668,22.21162223815918,970500
2003-10-28,34.150001525878906,34.290000915527344,33.459999084472656,33.81999969482422,21.939170837402344,1734900
2003-10-29,33.9900016784668,35.90999984741211,33.560001373291016,35.849998474121094,23.256040573120117,3211300
2003-10-30,35.900001525878906,35.91999816894531,35.2400016784668,35.68000030517578,23.145761489868164,1357600
2003-10-31,35.75,36.16999816894531,35.5,36.0,23.35334587097168,1579700
2003-11-03,36.06999969482422,36.630001068115234,35.810001373291016,36.540000915527344,23.703649520874023,1142600
2003-11-04,36.220001220703125,36.27000045776367,35.779998779296875,36.08000183105469,23.405244827270508,681300
2003-11-05,35.619998931884766,35.70000076293945,34.84000015258789,35.279998779296875,22.886276245117188,1223300
2003-11-06,35.29999923706055,35.400001525878906,35.0,35.290000915527344,22.892759323120117,932600
2003-11-07,35.099998474121094,35.13999938964844,34.380001068115234,34.54999923706055,22.41272735595703,1358900
2003-11-10,34.599998474121094,34.869998931884766,34.18000030517578,34.849998474121094,22.607328414916992,1204800
2003-11-11,34.65999984741211,35.33000183105469,34.619998931884766,35.2599983215332,22.873308181762695,1495900
2003-11-12,35.2599983215332,35.790000915527344,35.02000045776367,35.63999938964844,23.119813919067383,1552000
2003-11-13,35.56999969482422,35.88999938964844,35.209999084472656,35.38999938964844,22.957639694213867,830600
2003-11-14,35.29999923706055,35.61000061035156,34.869998931884766,34.880001068115234,22.626802444458008,1456600
2003-11-17,34.2599983215332,34.869998931884766,34.0,34.790000915527344,22.568416595458984,957800
2003-11-18,34.86000061035156,34.959999084472656,34.349998474121094,34.470001220703125,22.360822677612305,614800
2003-11-19,34.38999938964844,34.4900016784668,34.290000915527344,34.349998474121094,22.282983779907227,1006500
2003-11-20,34.349998474121094,34.630001068115234,34.02000045776367,34.150001525878906,22.15324592590332,1169700
2003-11-21,34.45000076293945,34.54999923706055,34.18000030517578,34.27000045776367,22.231082916259766,991100
2003-11-24,34.599998474121094,34.650001525878906,34.290000915527344,34.52000045776367,22.393264770507812,1225100
2003-11-25,34.59000015258789,36.119998931884766,34.5,35.84000015258789,23.249561309814453,1857800
2003-11-26,35.84000015258789,36.29999923706055,35.70000076293945,36.25,23.51552391052246,1081300
2003-11-28,36.25,36.45000076293945,36.04999923706055,36.45000076293945,23.645267486572266,355000
2003-12-01,36.54999923706055,37.25,36.13999938964844,37.06999969482422,24.047460556030273,1537800
2003-12-02,37.7400016784668,39.22999954223633,37.599998474121094,38.31999969482422,24.85833168029785,3063300
2003-12-03,38.31999969482422,38.68000030517578,37.86000061035156,38.0,24.650747299194336,1325300
2003-12-04,38.0,38.439998626708984,38.0,38.29999923706055,24.845369338989258,1474400
2003-12-05,38.650001525878906,39.599998474121094,38.619998931884766,38.709999084472656,25.11133575439453,1745700
2003-12-08,38.560001373291016,39.060001373291016,38.560001373291016,38.97999954223633,25.286487579345703,1150800
2003-12-09,39.150001525878906,39.25,38.779998779296875,38.79999923706055,25.16970443725586,1740700
2003-12-10,38.70000076293945,38.70000076293945,38.099998474121094,38.20000076293945,24.780498504638672,1336100
2003-12-11,38.400001525878906,38.709999084472656,38.189998626708984,38.5,24.97510528564453,854000
2003-12-12,38.5,38.84000015258789,38.27000045776367,38.77000045776367,25.15026092529297,645800
2003-12-15,39.02000045776367,39.2400016784668,38.0,38.11000061035156,24.722118377685547,859800
2003-12-16,38.06999969482422,38.279998779296875,37.970001220703125,38.279998779296875,24.832395553588867,1273400
2003-12-17,38.279998779296875,38.540000915527344,37.959999084472656,38.540000915527344,25.001054763793945,1182000
2003-12-18,38.540000915527344,38.900001525878906,38.150001525878906,38.650001525878906,25.072420120239258,1332100
2003-12-19,38.68000030517578,39.75,38.540000915527344,39.63999938964844,25.714641571044922,1978700
2003-12-22,39.63999938964844,40.130001068115234,39.400001525878906,40.130001068115234,26.032501220703125,1483100
2003-12-23,40.099998474121094,40.650001525878906,40.099998474121094,40.459999084472656,26.246570587158203,1658200
2003-12-24,40.900001525878906,41.220001220703125,40.650001525878906,41.09000015258789,26.655256271362305,703600
2003-12-26,41.09000015258789,41.150001525878906,40.900001525878906,41.09000015258789,26.655256271362305,321300
2003-12-29,40.90999984741211,41.25,40.779998779296875,41.150001525878906,26.818187713623047,1272600
2003-12-30,40.79999923706055,41.45000076293945,40.79999923706055,41.290000915527344,26.909427642822266,952500
2003-12-31,41.5,42.79999923706055,41.209999084472656,41.41999816894531,26.99415397644043,875000
2004-01-02,41.41999816894531,42.0099983215332,40.90999984741211,41.150001525878906,26.818187713623047,1012200
2004-01-05,41.25,41.58000183105469,41.0,41.5,27.04628562927246,915600
2004-01-06,41.29999923706055,41.52000045776367,40.849998474121094,41.380001068115234,26.968076705932617,869000
2004-01-07,41.380001068115234,41.439998626708984,41.0,41.20000076293945,26.850757598876953,1142600
2004-01-08,41.29999923706055,41.95000076293945,41.099998474121094,41.93000030517578,27.326519012451172,1206600
2004-01-09,41.93000030517578,43.040000915527344,41.900001525878906,42.099998474121094,27.437305450439453,1202900
2004-01-12,42.20000076293945,43.0,42.040000915527344,42.959999084472656,27.9977970123291,1346700
2004-01-13,43.0,43.25,42.79999923706055,43.060001373291016,28.06296730041504,1037600
2004-01-14,42.849998474121094,43.61000061035156,42.75,43.400001525878906,28.284536361694336,981600
2004-01-15,43.349998474121094,43.720001220703125,43.119998931884766,43.310001373291016,28.22589874267578,1035700
2004-01-16,43.5,43.880001068115234,43.2599983215332,43.689998626708984,28.473554611206055,893200
2004-01-20,42.599998474121094,43.04999923706055,42.119998931884766,42.790000915527344,27.887001037597656,1330000
2004-01-21,42.90999984741211,43.59000015258789,42.650001525878906,43.59000015258789,28.40836524963379,1254700
2004-01-22,43.5,43.68000030517578,42.95000076293945,43.02000045776367,28.03689193725586,750300
2004-01-23,43.150001525878906,43.27000045776367,42.369998931884766,42.66999816894531,27.80878448486328,982900
2004-01-26,42.529998779296875,43.439998626708984,42.5099983215332,43.36000061035156,28.258474349975586,785400
2004-01-27,43.400001525878906,43.5,42.959999084472656,43.2400016784668,28.180274963378906,684600
2004-01-28,43.43000030517578,43.81999969482422,42.599998474121094,42.90999984741211,27.9652156829834,1132400
2004-01-29,42.93000030517578,43.29999923706055,42.279998779296875,42.45000076293945,27.6654109954834,851000
2004-01-30,42.54999923706055,43.45000076293945,42.349998474121094,43.41999816894531,28.297588348388672,839300
2004-02-02,43.20000076293945,43.63999938964844,42.900001525878906,43.59000015258789,28.40836524963379,1098800
2004-02-03,43.2599983215332,43.90999984741211,43.150001525878906,43.849998474121094,28.577817916870117,798700
2004-02-04,43.25,43.7400016784668,42.79999923706055,43.459999084472656,28.32364273071289,1331500
2004-02-05,44.97999954223633,45.70000076293945,44.41999816894531,45.04999923706055,29.35987663269043,2812700
2004-02-06,44.95000076293945,45.25,44.5,44.599998474121094,29.066608428955078,1441800
2004-02-09,44.5,44.75,44.220001220703125,44.58000183105469,29.05358123779297,1620300
2004-02-10,44.59000015258789,44.59000015258789,44.060001373291016,44.349998474121094,28.903671264648438,925000
2004-02-11,44.349998474121094,44.79999923706055,43.29999923706055,44.66999816894531,29.112228393554688,1822400
2004-02-12,44.5,45.09000015258789,44.40999984741211,45.08000183105469,29.379436492919922,1312200
2004-02-13,45.08000183105469,45.29999923706055,44.81999969482422,45.13999938964844,29.418533325195312,924400
2004-02-17,45.0,45.0099983215332,44.4900016784668,44.79999923706055,29.196958541870117,1176000
2004-02-18,44.900001525878906,44.90999984741211,44.56999969482422,44.70000076293945,29.131786346435547,1122800
2004-02-19,44.880001068115234,44.880001068115234,44.22999954223633,44.27000045776367,28.85153579711914,894800
2004-02-20,44.599998474121094,44.900001525878906,44.189998626708984,44.47999954223633,28.988391876220703,822100
2004-02-23,44.58000183105469,44.58000183105469,43.65999984741211,44.16999816894531,28.786361694335938,829900
2004-02-24,44.150001525878906,44.20000076293945,43.5,43.83000183105469,28.564790725708008,818400
2004-02-25,43.650001525878906,43.939998626708984,43.349998474121094,43.560001373291016,28.388818740844727,724200
2004-02-26,43.599998474121094,43.900001525878906,43.290000915527344,43.7599983215332,28.519166946411133,719900
2004-02-27,43.099998474121094,45.060001373291016,43.099998474121094,44.959999084472656,29.301225662231445,1770300
2004-03-01,44.75,45.11000061035156,44.58000183105469,44.599998474121094,29.066608428955078,1126900
2004-03-02,44.79999923706055,45.0,44.36000061035156,44.5,29.001436233520508,1030200
2004-03-03,44.5099983215332,45.25,44.47999954223633,45.25,29.490232467651367,742800
2004-03-04,45.0,45.20000076293945,44.810001373291016,45.02000045776367,29.34033966064453,472700
2004-03-05,45.0,45.5,44.81999969482422,45.11000061035156,29.398984909057617,724300
2004-03-08,45.04999923706055,45.380001068115234,44.849998474121094,45.0099983215332,29.333810806274414,561500
2004-03-09,44.869998931884766,45.04999923706055,44.13999938964844,44.439998626708984,28.96232795715332,845100
2004-03-10,44.650001525878906,44.720001220703125,43.79999923706055,43.90999984741211,28.616926193237305,776800
2004-03-11,43.599998474121094,43.7400016784668,42.650001525878906,42.88999938964844,27.952171325683594,1643000
2004-03-12,43.79999923706055,44.2599983215332,43.43000030517578,44.18000030517578,28.792863845825195,1005200
2004-03-15,43.97999954223633,43.97999954223633,42.31999969482422,42.540000915527344,27.72408103942871,1352100
2004-03-16,42.79999923706055,43.20000076293945,42.56999969482422,42.720001220703125,27.841384887695312,1055500
2004-03-17,43.400001525878906,43.4900016784668,42.9900016784668,43.34000015258789,28.245437622070312,976500
2004-03-18,43.29999923706055,43.29999923706055,42.18000030517578,42.810001373291016,27.90003776550293,1542400
2004-03-19,42.599998474121094,42.9900016784668,42.349998474121094,42.459999084472656,27.671913146972656,787400
2004-03-22,42.459999084472656,42.459999084472656,41.619998931884766,41.9900016784668,27.365617752075195,807900
2004-03-23,42.0099983215332,42.439998626708984,41.58000183105469,42.20000076293945,27.502487182617188,801100
2004-03-24,42.20000076293945,42.20000076293945,41.439998626708984,41.650001525878906,27.144041061401367,999900
2004-03-25,41.86000061035156,42.439998626708984,41.58000183105469,42.25,27.535064697265625,817600
2004-03-26,42.25,42.52000045776367,41.93000030517578,42.34000015258789,27.593730926513672,798600
2004-03-29,42.349998474121094,43.099998474121094,42.2400016784668,43.040000915527344,28.176361083984375,823300
2004-03-30,43.0,43.20000076293945,42.79999923706055,42.90999984741211,28.091272354125977,716000
2004-03-31,42.93000030517578,42.959999084472656,42.15999984741211,42.65999984741211,27.927602767944336,1196100
2004-04-01,42.7599983215332,43.5099983215332,42.7599983215332,43.060001373291016,28.189464569091797,1339900
2004-04-02,43.709999084472656,44.04999923706055,43.099998474121094,44.040000915527344,28.83101463317871,2113000
2004-04-05,44.099998474121094,44.959999084472656,44.099998474121094,44.91999816894531,29.407123565673828,1074700
2004-04-06,44.54999923706055,45.029998779296875,44.52000045776367,44.849998474121094,29.361305236816406,1427800
2004-04-07,44.86000061035156,45.0,44.709999084472656,44.83000183105469,29.34820556640625,1008900
2004-04-08,45.20000076293945,45.650001525878906,44.290000915527344,45.0,29.459489822387695,950000
2004-04-12,45.0,45.959999084472656,44.9900016784668,45.7400016784668,29.943941116333008,909900
2004-04-13,45.900001525878906,45.97999954223633,45.220001220703125,45.38999938964844,29.714797973632812,832300
2004-04-14,45.38999938964844,45.38999938964844,43.790000915527344,43.810001373291016,28.680456161499023,1349700
2004-04-15,43.95000076293945,43.95000076293945,43.119998931884766,43.279998779296875,28.333480834960938,1441900
2004-04-16,43.45000076293945,43.5,43.0099983215332,43.349998474121094,28.379314422607422,1957000
2004-04-19,43.25,43.68000030517578,42.75,43.25,28.31385040283203,1418200
2004-04-20,43.25,43.2599983215332,42.36000061035156,42.36000061035156,27.731199264526367,1255300
2004-04-21,42.150001525878906,42.70000076293945,41.5,42.5,27.822851181030273,2304600
2004-04-22,42.5,43.709999084472656,42.189998626708984,43.5,28.477508544921875,1617800
2004-04-23,43.45000076293945,43.4900016784668,42.790000915527344,43.099998474121094,28.21564483642578,1221400
2004-04-26,43.029998779296875,43.099998474121094,42.540000915527344,42.650001525878906,27.921052932739258,1153100
2004-04-27,42.650001525878906,43.349998474121094,42.33000183105469,43.209999084472656,28.28765296936035,1416000
2004-04-28,43.220001220703125,44.599998474121094,43.20000076293945,44.400001525878906,29.066696166992188,2457700
2004-04-29,44.290000915527344,45.970001220703125,44.290000915527344,44.720001220703125,29.276193618774414,2231100
2004-04-30,44.720001220703125,44.79999923706055,43.689998626708984,43.84000015258789,28.700101852416992,997700
2004-05-03,43.97999954223633,43.97999954223633,43.349998474121094,43.79999923706055,28.67389678955078,1269600
2004-05-04,44.02000045776367,44.02000045776367,43.20000076293945,43.400001525878906,28.41203498840332,1399300
2004-05-05,43.45000076293945,43.83000183105469,43.18000030517578,43.209999084472656,28.28765296936035,1064200
2004-05-06,43.209999084472656,43.36000061035156,42.29999923706055,42.88999938964844,28.078174591064453,970000
2004-05-07,42.75,43.0,41.81999969482422,41.83000183105469,27.384248733520508,1055000
2004-05-10,41.349998474121094,41.45000076293945,39.93000030517578,40.779998779296875,26.69684410095215,2051200
2004-05-11,41.04999923706055,41.869998931884766,41.040000915527344,41.619998931884766,27.24675178527832,762400
2004-05-12,41.849998474121094,41.880001068115234,40.369998931884766,41.20000076293945,26.971792221069336,1429000
2004-05-13,41.209999084472656,41.849998474121094,41.099998474121094,41.400001525878906,27.102739334106445,807600
2004-05-14,41.43000030517578,41.77000045776367,40.95000076293945,41.380001068115234,27.089641571044922,946900
2004-05-17,41.06999969482422,41.08000183105469,40.2400016784668,40.709999084472656,26.651016235351562,931400
2004-05-18,40.91999816894531,41.150001525878906,40.599998474121094,40.619998931884766,26.59209442138672,535800
2004-05-19,41.0,41.84000015258789,40.189998626708984,40.38999938964844,26.441539764404297,942600
2004-05-20,40.45000076293945,40.5099983215332,39.650001525878906,39.65999984741211,25.963645935058594,2297400
2004-05-21,40.0,41.540000915527344,40.0,41.18000030517578,26.958703994750977,1726800
2004-05-24,41.560001373291016,41.790000915527344,40.97999954223633,41.2400016784668,26.99798583984375,834500
2004-05-25,41.25,41.83000183105469,40.650001525878906,41.72999954223633,27.318767547607422,747200
2004-05-26,41.560001373291016,41.970001220703125,41.45000076293945,41.689998626708984,27.292585372924805,1126800
2004-05-27,41.900001525878906,41.900001525878906,41.41999816894531,41.5,27.168193817138672,1041600
2004-05-28,41.41999816894531,41.47999954223633,40.970001220703125,41.18000030517578,26.958703994750977,1351900
2004-06-01,41.22999954223633,41.79999923706055,41.150001525878906,41.79999923706055,27.36458396911621,1061000
2004-06-02,41.9900016784668,42.0099983215332,41.66999816894531,41.79999923706055,27.36458396911621,1143900
2004-06-03,41.79999923706055,42.0099983215332,41.66999816894531,41.900001525878906,27.4300594329834,1149600
2004-06-04,42.25,42.790000915527344,42.09000015258789,42.27000045776367,27.672283172607422,1079700
2004-06-07,42.900001525878906,43.130001068115234,42.81999969482422,43.0,28.150178909301758,739800
2004-06-08,43.060001373291016,43.150001525878906,42.779998779296875,42.900001525878906,28.0847225189209,492000
2004-06-09,42.900001525878906,43.04999923706055,42.400001525878906,42.41999816894531,27.770483016967773,636600
2004-06-10,42.41999816894531,42.61000061035156,41.849998474121094,41.97999954223633,27.482431411743164,1549000
2004-06-14,41.650001525878906,41.95000076293945,41.529998779296875,41.72999954223633,27.318767547607422,1048300
2004-06-15,41.86000061035156,42.189998626708984,41.689998626708984,41.7599983215332,27.338401794433594,886200
2004-06-16,42.099998474121094,42.349998474121094,41.790000915527344,42.0099983215332,27.5020694732666,1043800
2004-06-17,42.099998474121094,42.630001068115234,41.810001373291016,42.58000183105469,27.875232696533203,911500
2004-06-18,42.599998474121094,43.310001373291016,42.400001525878906,42.400001525878906,27.75737762451172,1475800
2004-06-21,42.5,42.84000015258789,42.33000183105469,42.65999984741211,27.927602767944336,921400
2004-06-22,42.72999954223633,42.83000183105469,42.41999816894531,42.619998931884766,27.90140724182129,956600
2004-06-23,42.709999084472656,42.959999084472656,42.400001525878906,42.7599983215332,27.993066787719727,1354400
2004-06-24,42.900001525878906,42.939998626708984,42.65999984741211,42.849998474121094,28.05198860168457,1137500
2004-06-25,42.79999923706055,43.349998474121094,42.61000061035156,42.70000076293945,27.95379066467285,1225100
2004-06-28,43.150001525878906,43.22999954223633,42.25,42.33000183105469,27.84851837158203,900500
2004-06-29,42.34000015258789,42.650001525878906,41.900001525878906,42.189998626708984,27.756418228149414,940400
2004-06-30,42.29999923706055,42.45000076293945,41.97999954223633,42.279998779296875,27.815628051757812,930000
2004-07-01,42.279998779296875,42.900001525878906,41.900001525878906,42.04999923706055,27.66431999206543,911000
2004-07-02,42.150001525878906,42.22999954223633,41.849998474121094,41.900001525878906,27.565628051757812,825300
2004-07-06,41.5,41.61000061035156,41.08000183105469,41.36000061035156,27.210371017456055,1100400
2004-07-07,41.45000076293945,41.65999984741211,41.189998626708984,41.189998626708984,27.098527908325195,669100
2004-07-08,41.2400016784668,41.880001068115234,41.189998626708984,41.619998931884766,27.381418228149414,1015000
2004-07-09,41.650001525878906,42.119998931884766,41.650001525878906,41.93000030517578,27.585369110107422,774100
2004-07-12,42.0,42.310001373291016,41.91999816894531,42.18000030517578,27.749826431274414,593500
2004-07-13,42.43000030517578,43.04999923706055,42.31999969482422,42.560001373291016,27.99983787536621,1428000
2004-07-14,42.40999984741211,42.7400016784668,42.08000183105469,42.47999954223633,27.94720458984375,577500
2004-07-15,42.599998474121094,43.0,42.45000076293945,42.63999938964844,28.05246353149414,1196500
2004-07-16,42.86000061035156,42.86000061035156,42.209999084472656,42.279998779296875,27.815628051757812,957400
2004-07-19,42.22999954223633,42.31999969482422,41.5,41.93000030517578,27.585369110107422,1143700
2004-07-20,41.400001525878906,41.40999984741211,39.9900016784668,40.36000061035156,26.55247688293457,3159600
2004-07-21,40.5,40.630001068115234,39.5,39.58000183105469,26.03933334350586,1886100
2004-07-22,39.400001525878906,39.400001525878906,38.849998474121094,39.09000015258789,25.716964721679688,2242600
2004-07-23,38.70000076293945,39.15999984741211,38.25,38.650001525878906,25.427471160888672,1502700
2004-07-26,39.5,40.029998779296875,39.099998474121094,39.45000076293945,25.95380401611328,1533800
2004-07-27,39.70000076293945,39.72999954223633,39.279998779296875,39.56999969482422,26.03274154663086,1080500
2004-07-28,39.56999969482422,40.790000915527344,39.56999969482422,39.939998626708984,26.276168823242188,2080300
2004-07-29,39.9900016784668,40.29999923706055,39.869998931884766,40.0099983215332,26.322216033935547,760600
2004-07-30,40.08000183105469,40.59000015258789,39.959999084472656,40.59000015258789,26.70379638671875,936300
2004-08-02,40.5,40.599998474121094,39.540000915527344,39.93000030517578,26.26958656311035,1196800
2004-08-03,39.79999923706055,39.869998931884766,39.279998779296875,39.43000030517578,25.94062614440918,1439200
2004-08-04,39.25,39.900001525878906,38.849998474121094,39.599998474121094,26.052490234375,879100
2004-08-05,39.61000061035156,39.65999984741211,38.689998626708984,38.709999084472656,25.46695899963379,1064200
2004-08-06,39.099998474121094,39.099998474121094,38.2400016784668,38.43000030517578,25.28274917602539,908600
2004-08-09,38.29999923706055,38.560001373291016,38.22999954223633,38.279998779296875,25.184062957763672,852000
2004-08-10,38.45000076293945,38.650001525878906,38.099998474121094,38.56999969482422,25.374847412109375,918300
2004-08-11,38.560001373291016,38.7599983215332,38.220001220703125,38.630001068115234,25.414321899414062,919300
2004-08-12,38.630001068115234,38.630001068115234,38.0,38.29999923706055,25.197219848632812,1243800
2004-08-13,38.25,38.54999923706055,37.75,38.279998779296875,25.184062957763672,934900
2004-08-16,38.22999954223633,39.15999984741211,38.22999954223633,39.099998474121094,25.723535537719727,1251900
2004-08-17,39.150001525878906,39.439998626708984,38.83000183105469,38.88999938964844,25.58536720275879,876800
2004-08-18,38.79999923706055,39.36000061035156,38.54999923706055,39.279998779296875,25.84195327758789,1695000
2004-08-19,39.310001373291016,39.43000030517578,39.02000045776367,39.43000030517578,25.94062614440918,584100
2004-08-20,39.43000030517578,39.65999984741211,39.13999938964844,39.279998779296875,25.84195327758789,676900
2004-08-23,39.130001068115234,39.33000183105469,38.849998474121094,39.0,25.65774917602539,1035200
2004-08-24,39.150001525878906,39.20000076293945,39.0,39.18000030517578,25.776161193847656,1740900
2004-08-25,39.130001068115234,39.2599983215332,38.9900016784668,39.22999954223633,25.809062957763672,577000
2004-08-26,39.22999954223633,39.380001068115234,38.970001220703125,38.97999954223633,25.64458465576172,846100
2004-08-27,38.90999984741211,39.13999938964844,38.810001373291016,39.02000045776367,25.67091178894043,659300
2004-08-30,39.0,39.150001525878906,38.75,38.79999923706055,25.526172637939453,638500
2004-08-31,38.95000076293945,39.0099983215332,38.290000915527344,38.54999923706055,25.3616943359375,1066700
2004-09-01,38.380001068115234,38.380001068115234,37.369998931884766,37.52000045776367,24.684064865112305,1825000
2004-09-02,37.5,38.4900016784668,37.119998931884766,38.40999984741211,25.26958656311035,2271400
2004-09-03,38.400001525878906,39.369998931884766,38.380001068115234,38.95000076293945,25.624845504760742,1315300
2004-09-07,39.04999923706055,39.56999969482422,38.79999923706055,39.25,25.822216033935547,1068700
2004-09-08,39.099998474121094,39.20000076293945,38.779998779296875,38.849998474121094,25.559066772460938,694000
2004-09-09,38.86000061035156,38.939998626708984,38.2599983215332,38.75,25.49327850341797,984600
2004-09-10,38.70000076293945,38.869998931884766,38.380001068115234,38.849998474121094,25.559066772460938,868100
2004-09-13,38.79999923706055,39.45000076293945,38.79999923706055,39.36000061035156,25.89459228515625,985200
2004-09-14,39.5099983215332,39.79999923706055,39.43000030517578,39.59000015258789,26.0458984375,1145900
2004-09-15,39.380001068115234,40.29999923706055,39.0,39.79999923706055,26.184066772460938,1435100
2004-09-16,39.68000030517578,40.290000915527344,39.68000030517578,40.16999816894531,26.4274845123291,1282000
2004-09-17,40.41999816894531,40.650001525878906,39.939998626708984,39.959999084472656,26.289325714111328,1287200
2004-09-20,39.959999084472656,40.04999923706055,39.59000015258789,39.81999969482422,26.197214126586914,808700
2004-09-21,39.849998474121094,39.88999938964844,39.5,39.81999969482422,26.197214126586914,987900
2004-09-22,39.599998474121094,39.70000076293945,39.08000183105469,39.25,25.822216033935547,837600
2004-09-23,39.29999923706055,39.470001220703125,39.040000915527344,39.27000045776367,25.835384368896484,771800
2004-09-24,39.16999816894531,39.209999084472656,38.81999969482422,39.189998626708984,25.78273582458496,432600
2004-09-27,39.189998626708984,39.22999954223633,38.15999984741211,38.380001068115234,25.249849319458008,1298600
2004-09-28,38.15999984741211,39.11000061035156,38.150001525878906,38.939998626708984,25.75922393798828,1429600
2004-09-29,38.779998779296875,38.95000076293945,38.119998931884766,38.849998474121094,25.699678421020508,1727500
2004-09-30,38.849998474121094,40.119998931884766,38.5,40.060001373291016,26.500112533569336,1986700
2004-10-01,40.369998931884766,41.15999984741211,40.25,41.099998474121094,27.188091278076172,1634300
2004-10-04,41.099998474121094,42.93000030517578,41.099998474121094,42.369998931884766,28.0281925201416,3004700
2004-10-05,42.349998474121094,42.43000030517578,42.18000030517578,42.279998779296875,27.968664169311523,1289200
2004-10-06,42.279998779296875,42.59000015258789,41.9900016784668,42.279998779296875,27.968664169311523,832500
2004-10-07,42.279998779296875,42.290000915527344,41.650001525878906,41.72999954223633,27.60483169555664,931600
2004-10-08,41.529998779296875,41.720001220703125,40.849998474121094,41.040000915527344,27.148399353027344,965000
2004-10-11,40.5,41.0099983215332,40.439998626708984,40.5,26.79117774963379,1232800
2004-10-12,40.45000076293945,40.540000915527344,40.099998474121094,40.369998931884766,26.705167770385742,1106100
2004-10-13,40.75,40.86000061035156,40.20000076293945,40.310001373291016,26.66547966003418,1058600
2004-10-14,40.11000061035156,40.13999938964844,35.650001525878906,36.470001220703125,24.125282287597656,7531300
2004-10-15,35.4900016784668,35.4900016784668,32.95000076293945,34.97999954223633,23.139633178710938,10878500
2004-10-18,34.97999954223633,35.7400016784668,34.63999938964844,35.380001068115234,23.40424346923828,3575500
2004-10-19,35.0,35.0099983215332,31.799999237060547,33.150001525878906,21.929067611694336,9259000
2004-10-20,32.5,34.349998474121094,32.150001525878906,34.0,22.49135398864746,4479900
2004-10-21,34.0099983215332,34.59000015258789,33.5,34.0099983215332,22.497968673706055,2810700
2004-10-22,33.79999923706055,35.29999923706055,33.72999954223633,34.54999923706055,22.855180740356445,3940200
2004-10-25,35.20000076293945,35.45000076293945,34.56999969482422,34.790000915527344,23.013946533203125,2399200
2004-10-26,36.5,37.619998931884766,36.400001525878906,37.18000030517578,24.594959259033203,3590000
2004-10-27,36.93000030517578,37.470001220703125,36.310001373291016,37.099998474121094,24.542043685913086,2040000
2004-10-28,37.099998474121094,38.150001525878906,36.88999938964844,37.97999954223633,25.124162673950195,1891700
2004-10-29,37.9900016784668,38.33000183105469,37.54999923706055,38.060001373291016,25.17708969116211,1783600
2004-11-01,38.20000076293945,38.599998474121094,37.720001220703125,38.279998779296875,25.322608947753906,1144000
2004-11-02,38.25,38.68000030517578,37.75,37.95000076293945,25.104318618774414,1344200
2004-11-03,38.959999084472656,39.400001525878906,38.36000061035156,38.5,25.468158721923828,1135200
2004-11-04,38.5099983215332,39.29999923706055,38.36000061035156,39.02000045776367,25.8121395111084,1464600
2004-11-05,39.02000045776367,39.65999984741211,38.900001525878906,39.09000015258789,25.858448028564453,1135300
2004-11-08,39.20000076293945,39.470001220703125,39.09000015258789,39.2400016784668,25.957674026489258,787100
2004-11-09,39.5,39.849998474121094,39.38999938964844,39.38999938964844,26.056882858276367,1103900
2004-11-10,39.63999938964844,39.70000076293945,39.13999938964844,39.150001525878906,25.89812660217285,855800
2004-11-11,39.150001525878906,39.599998474121094,39.150001525878906,39.38999938964844,26.056882858276367,815600
2004-11-12,39.369998931884766,39.5,38.40999984741211,39.20000076293945,25.93121910095215,1691900
2004-11-15,39.400001525878906,39.81999969482422,39.22999954223633,39.290000915527344,25.990737915039062,1369800
2004-11-16,38.75,38.95000076293945,38.4900016784668,38.720001220703125,25.61368179321289,1756400
2004-11-17,38.970001220703125,39.11000061035156,38.4900016784668,38.70000076293945,25.600460052490234,1328800
2004-11-18,38.599998474121094,38.939998626708984,38.540000915527344,38.939998626708984,25.75922393798828,1253600
2004-11-19,38.939998626708984,39.04999923706055,38.83000183105469,38.9900016784668,25.79229736328125,1760800
2004-11-22,39.0,39.54999923706055,38.97999954223633,39.439998626708984,26.089975357055664,1255300
2004-11-23,39.439998626708984,39.65999984741211,39.060001373291016,39.61000061035156,26.202430725097656,1827000
2004-11-24,39.900001525878906,40.27000045776367,39.75,40.20000076293945,26.59272003173828,889200
2004-11-26,40.099998474121094,40.31999969482422,39.83000183105469,40.18000030517578,26.579484939575195,228400
2004-11-29,40.29999923706055,40.47999954223633,40.0,40.400001525878906,26.725013732910156,896500
2004-11-30,40.150001525878906,40.5,40.150001525878906,40.41999816894531,26.738243103027344,878900
2004-12-01,40.650001525878906,41.220001220703125,40.63999938964844,41.0099983215332,27.128538131713867,1200300
2004-12-02,41.02000045776367,41.220001220703125,40.54999923706055,41.20000076293945,27.25422477722168,960400
2004-12-03,41.5,41.720001220703125,40.58000183105469,41.040000915527344,27.148399353027344,965300
2004-12-06,40.79999923706055,40.849998474121094,40.459999084472656,40.7400016784668,26.949935913085938,966600
2004-12-07,40.7400016784668,40.91999816894531,40.06999969482422,40.06999969482422,26.5067195892334,1040600
2004-12-08,39.630001068115234,40.0,39.52000045776367,39.790000915527344,26.321502685546875,1159300
2004-12-09,39.70000076293945,40.45000076293945,39.619998931884766,40.439998626708984,26.751468658447266,741200
2004-12-10,41.16999816894531,41.16999816894531,40.04999923706055,40.61000061035156,26.863935470581055,649200
2004-12-13,40.70000076293945,41.279998779296875,40.70000076293945,41.20000076293945,27.25422477722168,845000
2004-12-14,41.400001525878906,42.099998474121094,41.150001525878906,42.08000183105469,27.836366653442383,1188000
2004-12-15,42.08000183105469,42.63999938964844,41.22999954223633,41.79999923706055,27.651132583618164,1105200
2004-12-16,42.04999923706055,42.09000015258789,40.83000183105469,41.70000076293945,27.584991455078125,1173000
2004-12-17,41.75,42.4900016784668,41.29999923706055,42.45000076293945,28.081117630004883,2599200
2004-12-20,42.45000076293945,42.650001525878906,41.97999954223633,42.20000076293945,27.915733337402344,1009200
2004-12-21,41.70000076293945,42.15999984741211,41.189998626708984,41.970001220703125,27.76358985900879,1180600
2004-12-22,42.15999984741211,42.66999816894531,41.93000030517578,42.5,28.114194869995117,782100
2004-12-23,42.400001525878906,42.47999954223633,42.029998779296875,42.150001525878906,27.882661819458008,402900
2004-12-27,41.959999084472656,42.209999084472656,41.54999923706055,41.88999938964844,27.710664749145508,442700
2004-12-28,41.75,42.59000015258789,41.75,42.560001373291016,28.153881072998047,409400
2004-12-29,42.150001525878906,42.470001220703125,41.900001525878906,42.310001373291016,28.127286911010742,531200
2004-12-30,42.470001220703125,42.79999923706055,42.2599983215332,42.630001068115234,28.340007781982422,486500
2004-12-31,42.79999923706055,43.08000183105469,42.58000183105469,42.75,28.419795989990234,515300
2005-01-03,42.95000076293945,42.95000076293945,42.220001220703125,42.33000183105469,28.14058494567871,892900
2005-01-04,42.34000015258789,42.630001068115234,42.220001220703125,42.220001220703125,28.067462921142578,902800
2005-01-05,42.22999954223633,42.63999938964844,42.04999923706055,42.189998626708984,28.04751205444336,1672900
2005-01-06,42.18000030517578,43.11000061035156,41.380001068115234,42.65999984741211,28.3599796295166,2674000
2005-01-07,42.75,42.83000183105469,42.279998779296875,42.5,28.253599166870117,1405700
2005-01-10,42.20000076293945,42.560001373291016,42.130001068115234,42.18000030517578,28.040868759155273,978400
2005-01-11,42.0,42.900001525878906,41.93000030517578,42.540000915527344,28.28019905090332,1280000
2005-01-12,42.540000915527344,42.7599983215332,41.970001220703125,42.7599983215332,28.426450729370117,1531900
2005-01-13,42.7400016784668,42.88999938964844,42.279998779296875,42.38999938964844,28.180471420288086,1354500
2005-01-14,42.400001525878906,43.0,42.310001373291016,42.5,28.253599166870117,1199600
2005-01-18,42.5,43.65999984741211,42.220001220703125,43.52000045776367,28.931686401367188,2344800
2005-01-19,43.689998626708984,44.209999084472656,43.310001373291016,43.849998474121094,29.15106201171875,2893700
2005-01-20,43.630001068115234,43.90999984741211,43.029998779296875,43.68000030517578,29.03804588317871,2150700
2005-01-21,43.560001373291016,43.56999969482422,42.7400016784668,42.83000183105469,28.47298240661621,1449100
2005-01-24,42.400001525878906,42.84000015258789,41.75,42.22999954223633,28.074108123779297,1182500
2005-01-25,42.2599983215332,42.75,42.2599983215332,42.599998474121094,28.320091247558594,1162900
2005-01-26,42.61000061035156,43.209999084472656,42.540000915527344,43.16999816894531,28.699012756347656,1217400
2005-01-27,42.970001220703125,43.2400016784668,42.650001525878906,42.75,28.419795989990234,610900
2005-01-28,42.7599983215332,42.849998474121094,41.93000030517578,42.130001068115234,28.007638931274414,1035200
2005-01-31,42.5,43.439998626708984,42.40999984741211,43.400001525878906,28.851905822753906,1529400
2005-02-01,43.650001525878906,44.06999969482422,43.20000076293945,43.869998931884766,29.16436195373535,1007100
2005-02-02,43.869998931884766,44.11000061035156,43.560001373291016,44.0,29.250791549682617,1494300
2005-02-03,44.7599983215332,44.970001220703125,44.400001525878906,44.52000045776367,29.596487045288086,1781000
2005-02-04,44.20000076293945,46.060001373291016,44.20000076293945,45.97999954223633,30.56708335876465,1653700
2005-02-07,45.70000076293945,46.13999938964844,45.68000030517578,45.9900016784668,30.57371711730957,1466400
2005-02-08,45.70000076293945,45.900001525878906,45.54999923706055,45.650001525878906,30.347688674926758,1384100
2005-02-09,45.77000045776367,46.099998474121094,45.5,45.790000915527344,30.44076156616211,1289900
2005-02-10,46.0,46.220001220703125,45.5,46.060001373291016,30.62026023864746,1118900
2005-02-11,46.060001373291016,47.70000076293945,46.02000045776367,47.25,31.411361694335938,2201600
2005-02-14,47.040000915527344,47.13999938964844,46.40999984741211,46.810001373291016,31.118831634521484,934000
2005-02-15,46.54999923706055,46.900001525878906,46.400001525878906,46.84000015258789,31.138813018798828,1186500
2005-02-16,46.47999954223633,46.7400016784668,45.650001525878906,45.90999984741211,30.52054214477539,1618700
2005-02-17,45.91999816894531,45.91999816894531,45.2599983215332,45.2599983215332,30.088409423828125,1382600
2005-02-18,45.08000183105469,45.22999954223633,44.75,44.90999984741211,29.85574722290039,1283300
2005-02-22,44.5,44.88999938964844,44.04999923706055,44.04999923706055,29.284034729003906,1350900
2005-02-23,44.29999923706055,44.880001068115234,44.04999923706055,44.47999954223633,29.56988525390625,524600
2005-02-24,44.47999954223633,44.91999816894531,44.29999923706055,44.66999816894531,29.69618034362793,695600
2005-02-25,44.52000045776367,45.11000061035156,44.38999938964844,44.97999954223633,29.90228271484375,858700
2005-02-28,44.650001525878906,44.84000015258789,44.2400016784668,44.459999084472656,29.55659294128418,1000300
2005-03-01,44.29999923706055,45.220001220703125,44.20000076293945,44.84000015258789,29.809221267700195,817800
2005-03-02,44.45000076293945,45.15999984741211,44.40999984741211,45.04999923706055,29.948822021484375,730800
2005-03-03,45.47999954223633,45.630001068115234,45.06999969482422,45.220001220703125,30.061838150024414,797400
2005-03-04,45.349998474121094,45.83000183105469,45.29999923706055,45.619998931884766,30.32775115966797,838600
2005-03-07,45.54999923706055,46.290000915527344,45.54999923706055,45.84000015258789,30.473995208740234,534200
2005-03-08,45.59000015258789,45.849998474121094,45.029998779296875,45.7400016784668,30.407527923583984,1261200
2005-03-09,45.7400016784668,45.95000076293945,45.2400016784668,45.41999816894531,30.194795608520508,867500
2005-03-10,45.27000045776367,45.4900016784668,44.959999084472656,45.470001220703125,30.228031158447266,932000
2005-03-11,45.20000076293945,45.810001373291016,44.7599983215332,45.630001068115234,30.334400177001953,892200
2005-03-14,45.54999923706055,45.70000076293945,44.95000076293945,45.43000030517578,30.201440811157227,1456700
2005-03-15,45.29999923706055,45.310001373291016,44.209999084472656,44.33000183105469,29.470176696777344,1923700
2005-03-16,44.34000015258789,44.779998779296875,44.099998474121094,44.619998931884766,29.662967681884766,1685400
2005-03-17,44.619998931884766,44.619998931884766,43.45000076293945,43.88999938964844,29.177658081054688,2012000
2005-03-18,43.7599983215332,44.0,42.540000915527344,43.04999923706055,28.619232177734375,1776000
2005-03-21,43.040000915527344,43.040000915527344,42.45000076293945,42.83000183105469,28.47298240661621,1134600
2005-03-22,42.83000183105469,42.939998626708984,41.86000061035156,41.86000061035156,27.828142166137695,1288400
2005-03-23,41.900001525878906,42.40999984741211,41.849998474121094,41.849998474121094,27.821481704711914,1646200
2005-03-24,41.97999954223633,42.310001373291016,41.70000076293945,41.70000076293945,27.721773147583008,729200
2005-03-28,41.709999084472656,42.459999084472656,41.5,42.25,28.0874080657959,1241500
2005-03-29,42.09000015258789,42.47999954223633,42.040000915527344,42.15999984741211,28.167577743530273,1452600
2005-03-30,42.25,42.279998779296875,41.54999923706055,42.0,28.0606689453125,1462400
2005-03-31,41.90999984741211,41.90999984741211,40.959999084472656,41.27000045776367,27.572965621948242,1710700
2005-04-01,41.27000045776367,41.52000045776367,38.36000061035156,39.93000030517578,26.677701950073242,4738300
2005-04-04,40.060001373291016,41.720001220703125,39.77000045776367,41.25,27.559600830078125,3750900
2005-04-05,41.5,41.54999923706055,40.970001220703125,41.150001525878906,27.49279022216797,1565800
2005-04-06,41.45000076293945,41.599998474121094,41.18000030517578,41.310001373291016,27.599689483642578,909300
2005-04-07,41.310001373291016,41.5099983215332,41.16999816894531,41.290000915527344,27.58631706237793,1237700
2005-04-08,41.29999923706055,41.400001525878906,40.0,40.20000076293945,26.858078002929688,1913100
2005-04-11,40.400001525878906,40.400001525878906,40.0,40.25,26.891489028930664,1221900
2005-04-12,40.25,40.93000030517578,40.25,40.84000015258789,27.285673141479492,2062700
2005-04-13,40.599998474121094,40.810001373291016,39.9900016784668,40.060001373291016,26.76454734802246,1108800
2005-04-14,40.060001373291016,40.130001068115234,39.220001220703125,39.349998474121094,26.290180206298828,2160100
2005-04-15,39.150001525878906,39.959999084472656,39.09000015258789,39.290000915527344,26.250091552734375,1784100
2005-04-18,39.54999923706055,39.70000076293945,38.959999084472656,39.290000915527344,26.250091552734375,1054500
2005-04-19,39.279998779296875,39.68000030517578,39.08000183105469,39.52000045776367,26.40376091003418,869700
2005-04-20,39.400001525878906,39.5,38.59000015258789,38.70000076293945,25.85591697692871,1056400
2005-04-21,38.849998474121094,40.0,38.7599983215332,39.86000061035156,26.63093376159668,1654300
2005-04-22,39.900001525878906,40.209999084472656,39.68000030517578,40.02000045776367,26.73781967163086,1645800
2005-04-25,40.0,40.369998931884766,39.599998474121094,39.790000915527344,26.584148406982422,1391800
2005-04-26,39.79999923706055,40.369998931884766,39.619998931884766,39.619998931884766,26.470577239990234,1142200
2005-04-27,40.25,42.060001373291016,39.90999984741211,41.4900016784668,27.719947814941406,2595200
2005-04-28,41.650001525878906,42.29999923706055,41.400001525878906,41.65999984741211,27.833524703979492,1576500
2005-04-29,42.04999923706055,43.040000915527344,41.849998474121094,42.959999084472656,28.70206642150879,1861400
2005-05-02,43.20000076293945,43.70000076293945,42.470001220703125,42.95000076293945,28.695384979248047,1697300
2005-05-03,43.0,43.45000076293945,42.869998931884766,42.9900016784668,28.72212028503418,948900
2005-05-04,43.29999923706055,44.2599983215332,43.150001525878906,44.150001525878906,29.497119903564453,1184100
2005-05-05,43.95000076293945,44.09000015258789,42.97999954223633,43.4900016784668,29.05617332458496,1224500
2005-05-06,43.5099983215332,43.810001373291016,43.31999969482422,43.380001068115234,28.982667922973633,621000
2005-05-09,43.38999938964844,43.779998779296875,43.310001373291016,43.72999954223633,29.21651840209961,657000
2005-05-10,43.33000183105469,43.40999984741211,42.599998474121094,42.650001525878906,28.49496078491211,976800
2005-05-11,42.599998474121094,42.790000915527344,41.88999938964844,42.619998931884766,28.47490882873535,1707100
2005-05-12,42.7599983215332,42.91999816894531,42.38999938964844,42.540000915527344,28.421463012695312,1172000
2005-05-13,42.599998474121094,42.599998474121094,41.349998474121094,41.810001373291016,27.933738708496094,750200
2005-05-16,41.90999984741211,42.79999923706055,41.810001373291016,42.619998931884766,28.47490882873535,588900
2005-05-17,42.630001068115234,43.630001068115234,42.43000030517578,43.5099983215332,29.06951332092285,800000
2005-05-18,43.52000045776367,43.86000061035156,43.290000915527344,43.41999816894531,29.009403228759766,617500
2005-05-19,43.41999816894531,43.630001068115234,43.189998626708984,43.560001373291016,29.10293960571289,724200
2005-05-20,43.70000076293945,43.720001220703125,43.33000183105469,43.36000061035156,28.969308853149414,651400
2005-05-23,43.47999954223633,43.59000015258789,43.22999954223633,43.31999969482422,28.942588806152344,688500
2005-05-24,43.220001220703125,43.369998931884766,43.029998779296875,43.20000076293945,28.862417221069336,615000
2005-05-25,43.25,43.31999969482422,42.72999954223633,43.189998626708984,28.85572624206543,905900
2005-05-26,43.279998779296875,43.540000915527344,43.11000061035156,43.45000076293945,29.029434204101562,580800
2005-05-27,43.349998474121094,43.5099983215332,43.099998474121094,43.400001525878906,28.99602699279785,482700
2005-05-31,43.54999923706055,43.599998474121094,42.88999938964844,43.220001220703125,28.875768661499023,999300
2005-06-01,43.4900016784668,43.849998474121094,43.13999938964844,43.689998626708984,29.189783096313477,838900
2005-06-02,43.79999923706055,43.79999923706055,43.38999938964844,43.650001525878906,29.163068771362305,443200
2005-06-03,43.400001525878906,43.52000045776367,42.849998474121094,43.27000045776367,28.90918731689453,665800
2005-06-06,43.220001220703125,43.70000076293945,43.04999923706055,43.66999816894531,29.176414489746094,462500
2005-06-07,43.75,44.63999938964844,43.66999816894531,44.45000076293945,29.697540283203125,1580200
2005-06-08,44.45000076293945,45.099998474121094,44.400001525878906,44.45000076293945,29.697540283203125,1778300
2005-06-09,44.369998931884766,44.790000915527344,44.29999923706055,44.75,29.897994995117188,763600
2005-06-10,44.790000915527344,45.0099983215332,44.58000183105469,44.689998626708984,29.857898712158203,547400
2005-06-13,44.540000915527344,45.22999954223633,44.5,44.90999984741211,30.004886627197266,869500
2005-06-14,45.13999938964844,45.779998779296875,44.83000183105469,45.77000045776367,30.579458236694336,1112600
2005-06-15,45.779998779296875,45.810001373291016,45.0,45.470001220703125,30.379016876220703,1000800
2005-06-16,45.470001220703125,45.90999984741211,45.34000015258789,45.900001525878906,30.666318893432617,626200
2005-06-17,46.65999984741211,46.900001525878906,45.900001525878906,45.900001525878906,30.666318893432617,2000900
2005-06-20,45.75,45.91999816894531,45.029998779296875,45.400001525878906,30.332258224487305,1510200
2005-06-21,45.5,45.79999923706055,45.38999938964844,45.689998626708984,30.526004791259766,1250200
2005-06-22,45.849998474121094,46.15999984741211,45.29999923706055,45.34000015258789,30.29217529296875,789300
2005-06-23,45.38999938964844,45.459999084472656,44.4900016784668,44.5,29.730945587158203,1011600
2005-06-24,44.529998779296875,44.540000915527344,43.84000015258789,43.84000015258789,29.290002822875977,1376800
2005-06-27,43.709999084472656,44.2400016784668,43.709999084472656,44.060001373291016,29.436986923217773,1127500
2005-06-28,44.150001525878906,44.7400016784668,43.720001220703125,44.7400016784668,30.048166275024414,1451600
2005-06-29,44.7400016784668,45.220001220703125,44.31999969482422,45.11000061035156,30.296661376953125,1308500
2005-06-30,45.02000045776367,45.13999938964844,44.720001220703125,44.849998474121094,30.122041702270508,1222400
2005-07-01,45.0,45.36000061035156,44.93000030517578,45.290000915527344,30.41754150390625,827700
2005-07-05,45.0,45.72999954223633,44.959999084472656,45.619998931884766,30.639190673828125,583600
2005-07-06,45.400001525878906,45.61000061035156,45.0099983215332,45.029998779296875,30.242918014526367,815600
2005-07-07,44.470001220703125,45.33000183105469,44.31999969482422,45.31999969482422,30.43770408630371,719100
2005-07-08,45.15999984741211,45.56999969482422,44.70000076293945,45.400001525878906,30.49142074584961,823900
2005-07-11,45.09000015258789,45.689998626708984,44.869998931884766,45.470001220703125,30.538440704345703,1203400
2005-07-12,45.61000061035156,45.77000045776367,44.869998931884766,45.310001373291016,30.43097496032715,707000
2005-07-13,45.25,45.2599983215332,44.599998474121094,44.83000183105469,30.108606338500977,906200
2005-07-14,45.290000915527344,45.61000061035156,45.150001525878906,45.4900016784668,30.55186653137207,729900
2005-07-15,45.5,45.9900016784668,45.459999084472656,45.880001068115234,30.81380271911621,740000
2005-07-18,45.959999084472656,45.97999954223633,45.59000015258789,45.59000015258789,30.619037628173828,531900
2005-07-19,45.939998626708984,46.25,45.720001220703125,46.20000076293945,31.02873420715332,920000
2005-07-20,46.20000076293945,46.77000045776367,45.959999084472656,46.599998474121094,31.2973690032959,943100
2005-07-21,46.47999954223633,46.790000915527344,45.810001373291016,46.2599983215332,31.069002151489258,1411400
2005-07-22,46.15999984741211,46.650001525878906,45.939998626708984,46.5099983215332,31.236921310424805,729600
2005-07-25,46.29999923706055,46.4900016784668,46.15999984741211,46.310001373291016,31.102602005004883,866500
2005-07-26,46.20000076293945,46.20000076293945,45.18000030517578,45.790000915527344,30.75334930419922,1585400
2005-07-27,46.189998626708984,46.54999923706055,45.900001525878906,46.5,31.230205535888672,793000
2005-07-28,46.84000015258789,46.88999938964844,46.45000076293945,46.70000076293945,31.364526748657227,438600
2005-07-29,46.63999938964844,46.900001525878906,46.189998626708984,46.209999084472656,31.03545570373535,1090900
2005-08-01,46.47999954223633,46.47999954223633,45.88999938964844,46.22999954223633,31.048870086669922,782800
2005-08-02,46.43000030517578,46.90999984741211,46.290000915527344,46.880001068115234,31.48542022705078,506800
2005-08-03,46.880001068115234,47.290000915527344,46.650001525878906,46.97999954223633,31.55258560180664,783900
2005-08-04,46.72999954223633,46.86000061035156,46.209999084472656,46.43000030517578,31.183189392089844,942000
2005-08-05,46.29999923706055,46.31999969482422,45.630001068115234,45.72999954223633,30.713058471679688,547500
2005-08-08,45.79999923706055,45.959999084472656,45.29999923706055,45.349998474121094,30.457853317260742,572800
2005-08-09,45.599998474121094,45.709999084472656,45.220001220703125,45.54999923706055,30.5921630859375,754300
2005-08-10,45.95000076293945,46.11000061035156,45.279998779296875,45.380001068115234,30.477996826171875,574900
2005-08-11,45.400001525878906,45.65999984741211,45.25,45.61000061035156,30.632455825805664,395400
2005-08-12,45.380001068115234,45.439998626708984,44.63999938964844,44.880001068115234,30.142189025878906,839600
2005-08-15,44.7400016784668,45.02000045776367,44.619998931884766,44.849998474121094,30.122041702270508,852800
2005-08-16,44.959999084472656,45.0099983215332,44.33000183105469,44.43000030517578,29.839977264404297,662500
2005-08-17,44.459999084472656,44.75,44.150001525878906,44.619998931884766,29.96758270263672,482100
2005-08-18,44.400001525878906,44.91999816894531,44.2599983215332,44.59000015258789,29.947416305541992,572900
2005-08-19,45.02000045776367,45.279998779296875,44.83000183105469,45.11000061035156,30.296661376953125,583000
2005-08-22,45.310001373291016,45.79999923706055,45.0,45.310001373291016,30.43097496032715,444100
2005-08-23,45.22999954223633,45.54999923706055,45.099998474121094,45.150001525878906,30.323522567749023,386800
2005-08-24,45.15999984741211,45.439998626708984,44.560001373291016,44.689998626708984,30.014583587646484,502400
2005-08-25,44.810001373291016,44.880001068115234,44.529998779296875,44.75,30.05487823486328,469100
2005-08-26,44.59000015258789,45.13999938964844,44.2400016784668,45.04999923706055,30.256351470947266,797800
2005-08-29,44.0,44.7400016784668,43.779998779296875,44.5099983215332,29.893693923950195,830000
2005-08-30,44.29999923706055,44.310001373291016,43.93000030517578,44.189998626708984,29.67876434326172,889200
2005-08-31,44.04999923706055,44.439998626708984,43.47999954223633,44.40999984741211,29.8265380859375,1423200
2005-09-01,44.31999969482422,44.79999923706055,44.11000061035156,44.70000076293945,30.021284103393555,1563500
2005-09-02,44.75,44.7599983215332,44.25,44.630001068115234,29.974300384521484,1005900
2005-09-06,44.68000030517578,45.290000915527344,44.61000061035156,44.95000076293945,30.189205169677734,978200
2005-09-07,45.099998474121094,45.349998474121094,44.880001068115234,45.09000015258789,30.283231735229492,777200
2005-09-08,44.869998931884766,44.93000030517578,43.849998474121094,43.849998474121094,29.450428009033203,1550300
2005-09-09,43.709999084472656,44.189998626708984,42.849998474121094,44.18000030517578,29.67206382751465,2611400
2005-09-12,43.959999084472656,44.90999984741211,43.7599983215332,44.810001373291016,30.09518051147461,1633100
2005-09-13,44.81999969482422,46.72999954223633,44.81999969482422,46.29999923706055,31.09588623046875,2541800
2005-09-14,46.20000076293945,46.20000076293945,45.220001220703125,45.25,30.39068031311035,1426900
2005-09-15,45.650001525878906,46.119998931884766,45.599998474121094,45.97999954223633,30.880979537963867,1337400
2005-09-16,46.119998931884766,47.369998931884766,45.77000045776367,47.310001373291016,31.774206161499023,3099700
2005-09-19,47.310001373291016,47.310001373291016,45.9900016784668,46.150001525878906,30.995134353637695,2492200
2005-09-20,46.150001525878906,46.810001373291016,45.66999816894531,45.66999816894531,30.672758102416992,1131300
2005-09-21,45.66999816894531,45.66999816894531,44.04999923706055,44.04999923706055,29.584741592407227,1952100
2005-09-22,43.400001525878906,43.75,42.52000045776367,43.47999954223633,29.201915740966797,3738900
2005-09-23,43.59000015258789,46.560001373291016,43.59000015258789,45.880001068115234,30.81380271911621,3129400
2005-09-26,46.5,46.959999084472656,45.25,45.900001525878906,30.827247619628906,1821000
2005-09-27,46.880001068115234,47.0,45.349998474121094,45.68000030517578,30.679487228393555,1925800
2005-09-28,45.70000076293945,45.880001068115234,45.369998931884766,45.380001068115234,30.632240295410156,1256700
2005-09-29,45.5,46.720001220703125,45.34000015258789,46.720001220703125,31.536758422851562,1394000
2005-09-30,46.650001525878906,47.11000061035156,46.34000015258789,47.06999969482422,31.773000717163086,1157300
2005-10-03,46.25,46.290000915527344,45.380001068115234,45.58000183105469,30.767234802246094,3748500
2005-10-04,45.79999923706055,47.52000045776367,45.79999923706055,47.349998474121094,31.962013244628906,9987100
2005-10-05,47.0,48.45000076293945,46.810001373291016,47.790000915527344,32.25901794433594,4235500
2005-10-06,47.79999923706055,48.290000915527344,47.45000076293945,47.97999954223633,32.38727569580078,3102200
2005-10-07,48.0,48.040000915527344,47.54999923706055,47.959999084472656,32.37376403808594,1573000
2005-10-10,47.25,48.279998779296875,46.93000030517578,47.560001373291016,32.10376739501953,1955600
2005-10-11,47.689998626708984,48.20000076293945,47.5099983215332,47.52000045776367,32.0767707824707,2272500
2005-10-12,47.599998474121094,48.060001373291016,47.34000015258789,47.34000015258789,31.955249786376953,2215600
2005-10-13,47.43000030517578,48.029998779296875,47.150001525878906,47.959999084472656,32.37376403808594,1720900
2005-10-14,48.459999084472656,49.52000045776367,48.380001068115234,49.06999969482422,33.123046875,2658800
2005-10-17,49.29999923706055,49.70000076293945,48.849998474121094,49.540000915527344,33.4403076171875,2602700
2005-10-18,49.79999923706055,50.20000076293945,49.52000045776367,50.04999923706055,33.78455352783203,3254700
2005-10-19,50.040000915527344,50.189998626708984,49.310001373291016,49.810001373291016,33.62255096435547,2732500
2005-10-20,50.18000030517578,50.22999954223633,48.56999969482422,48.72999954223633,32.893550872802734,1702200
2005-10-21,49.900001525878906,50.97999954223633,49.63999938964844,50.13999938964844,33.84530258178711,4494000
2005-10-24,50.5,50.709999084472656,50.16999816894531,50.5,34.088321685791016,3627100
2005-10-25,50.529998779296875,50.81999969482422,49.88999938964844,50.16999816894531,33.86555862426758,2362100
2005-10-26,50.25,52.41999816894531,50.209999084472656,51.0,34.425819396972656,5329200
2005-10-27,50.75,51.0,50.0,50.369998931884766,34.00055694580078,3411400
2005-10-28,50.599998474121094,51.619998931884766,50.400001525878906,51.54999923706055,34.79708480834961,2339300
2005-10-31,51.54999923706055,52.400001525878906,51.38999938964844,52.099998474121094,35.168338775634766,1601700
2005-11-01,51.75,52.220001220703125,51.47999954223633,51.81999969482422,34.97933578491211,2821000
2005-11-02,51.869998931884766,52.83000183105469,51.84000015258789,52.83000183105469,35.66111755371094,2224100
2005-11-03,52.939998626708984,53.400001525878906,52.70000076293945,53.099998474121094,35.843353271484375,1793300
2005-11-04,53.0,53.66999816894531,52.2400016784668,53.4900016784668,36.10660934448242,1684600
2005-11-07,53.65999984741211,54.04999923706055,52.619998931884766,53.900001525878906,36.38336181640625,1423600
2005-11-08,53.900001525878906,54.040000915527344,53.02000045776367,53.61000061035156,36.18761444091797,1344900
2005-11-09,53.70000076293945,54.279998779296875,53.279998779296875,53.810001373291016,36.322601318359375,1185200
2005-11-10,54.16999816894531,56.220001220703125,53.900001525878906,55.630001068115234,37.55115509033203,4238200
2005-11-11,55.630001068115234,56.119998931884766,55.08000183105469,55.900001525878906,37.73340606689453,1264600
2005-11-14,56.849998474121094,56.849998474121094,56.119998931884766,56.56999969482422,38.18566131591797,1822400
2005-11-15,56.349998474121094,56.40999984741211,55.02000045776367,55.369998931884766,37.37564468383789,1608900
2005-11-16,55.119998931884766,55.400001525878906,54.2400016784668,54.849998474121094,37.024635314941406,1774000
2005-11-17,54.97999954223633,55.650001525878906,54.58000183105469,55.58000183105469,37.51738739013672,1706700
2005-11-18,55.65999984741211,55.88999938964844,55.119998931884766,55.7400016784668,37.62540817260742,994000
2005-11-21,55.7599983215332,55.95000076293945,55.459999084472656,55.75,37.63215255737305,696500
2005-11-22,55.439998626708984,55.650001525878906,54.93000030517578,55.18000030517578,37.247398376464844,1249600
2005-11-23,55.20000076293945,56.599998474121094,55.20000076293945,56.279998779296875,37.98990249633789,691500
2005-11-25,56.279998779296875,56.279998779296875,55.43000030517578,56.04999923706055,37.83464813232422,449000
2005-11-28,56.2400016784668,56.369998931884766,55.29999923706055,55.38999938964844,37.389156341552734,1231700
2005-11-29,55.599998474121094,56.06999969482422,55.400001525878906,55.86000061035156,37.70640563964844,1264700
2005-11-30,55.869998931884766,55.900001525878906,55.2400016784668,55.5,37.46339416503906,1276100
2005-12-01,55.79999923706055,56.040000915527344,55.38999938964844,55.58000183105469,37.51738739013672,1288800
2005-12-02,55.68000030517578,56.0,55.04999923706055,55.5,37.46339416503906,843600
2005-12-05,54.5,55.0,54.349998474121094,54.77000045776367,36.97063064575195,2173300
2005-12-06,54.79999923706055,55.220001220703125,53.38999938964844,53.56999969482422,36.16060256958008,2418500
2005-12-07,53.56999969482422,53.70000076293945,52.880001068115234,53.130001068115234,35.863609313964844,1471300
2005-12-08,53.150001525878906,53.959999084472656,52.75,53.959999084472656,36.423866271972656,1677000
2005-12-09,53.959999084472656,55.04999923706055,53.81999969482422,54.939998626708984,37.08537292480469,2073700
2005-12-12,55.0099983215332,55.25,54.849998474121094,54.939998626708984,37.08537292480469,2354300
2005-12-13,54.86000061035156,55.150001525878906,54.779998779296875,55.0,37.125892639160156,1906800
2005-12-14,55.099998474121094,55.34000015258789,54.63999938964844,54.900001525878906,37.058372497558594,1870400
2005-12-15,55.099998474121094,55.4900016784668,53.84000015258789,53.849998474121094,36.34961700439453,1361900
2005-12-16,53.849998474121094,54.810001373291016,52.97999954223633,54.79999923706055,36.99089813232422,3883000
2005-12-19,54.95000076293945,54.95000076293945,53.220001220703125,53.41999816894531,36.059356689453125,1912100
2005-12-20,53.5,53.970001220703125,53.40999984741211,53.79999923706055,36.31586837768555,1197900
2005-12-21,53.75,54.279998779296875,53.70000076293945,53.900001525878906,36.38336181640625,761600
2005-12-22,53.79999923706055,53.849998474121094,53.369998931884766,53.77000045776367,36.29561233520508,925100
2005-12-23,53.7599983215332,53.900001525878906,53.349998474121094,53.83000183105469,36.33611297607422,536600
2005-12-27,54.0,54.59000015258789,53.36000061035156,53.459999084472656,36.08635330200195,534800
2005-12-28,53.650001525878906,53.97999954223633,53.439998626708984,53.900001525878906,36.540565490722656,853300
2005-12-29,54.04999923706055,54.58000183105469,53.869998931884766,53.880001068115234,36.52701950073242,650600
2005-12-30,53.869998931884766,53.869998931884766,53.2599983215332,53.439998626708984,36.22872543334961,438600
2006-01-03,54.04999923706055,54.72999954223633,53.31999969482422,54.540000915527344,36.97445297241211,1214400
2006-01-04,54.54999923706055,55.689998626708984,54.540000915527344,55.470001220703125,37.60494613647461,1415300
2006-01-05,55.63999938964844,55.689998626708984,54.86000061035156,55.34000015258789,37.51679229736328,939900
2006-01-06,55.59000015258789,56.189998626708984,55.380001068115234,56.060001373291016,38.004913330078125,745900
2006-01-09,56.09000015258789,56.2599983215332,55.70000076293945,55.900001525878906,37.896453857421875,655500
2006-01-10,55.849998474121094,56.08000183105469,55.58000183105469,56.040000915527344,37.99134826660156,722200
2006-01-11,56.40999984741211,56.97999954223633,56.209999084472656,56.65999984741211,38.41167449951172,744300
2006-01-12,56.619998931884766,56.689998626708984,55.40999984741211,55.40999984741211,37.56425857543945,1203000
2006-01-13,55.40999984741211,55.45000076293945,54.59000015258789,54.900001525878906,37.21849822998047,1452800
2006-01-17,54.900001525878906,54.97999954223633,54.209999084472656,54.86000061035156,37.19139099121094,1039300
2006-01-18,54.86000061035156,55.130001068115234,54.47999954223633,54.79999923706055,37.15073013305664,685700
2006-01-19,55.0,55.25,54.47999954223633,54.54999923706055,36.981239318847656,934400
2006-01-20,54.5,54.72999954223633,52.869998931884766,52.900001525878906,35.8626594543457,1650200
2006-01-23,52.91999816894531,53.310001373291016,52.72999954223633,52.790000915527344,35.78807067871094,1409900
2006-01-24,52.849998474121094,53.130001068115234,52.29999923706055,52.349998474121094,35.48978042602539,1173200
2006-01-25,52.36000061035156,52.59000015258789,51.560001373291016,52.47999954223633,35.57789611816406,2252900
2006-01-26,52.959999084472656,53.540000915527344,52.939998626708984,53.27000045776367,36.11347961425781,1489000
2006-01-27,53.34000015258789,53.93000030517578,53.27000045776367,53.63999938964844,36.364315032958984,1763900
2006-01-30,54.47999954223633,55.29999923706055,53.65999984741211,54.959999084472656,37.259185791015625,1360400
2006-01-31,54.79999923706055,55.040000915527344,54.45000076293945,54.75,37.11681365966797,1871800
2006-02-01,55.5,56.0,54.75,55.060001373291016,37.32699203491211,1594800
2006-02-02,55.060001373291016,55.40999984741211,54.099998474121094,54.400001525878906,36.87953567504883,1492800
2006-02-03,54.150001525878906,54.310001373291016,53.400001525878906,54.08000183105469,36.66260528564453,1391400
2006-02-06,53.900001525878906,54.29999923706055,53.66999816894531,54.220001220703125,36.757503509521484,881900
2006-02-07,54.27000045776367,54.529998779296875,53.86000061035156,54.15999984741211,36.71683883666992,1319800
2006-02-08,53.91999816894531,54.459999084472656,52.959999084472656,53.099998474121094,35.998226165771484,1712600
2006-02-09,53.099998474121094,53.25,52.47999954223633,52.5,35.59147262573242,1734200
2006-02-10,52.5,52.970001220703125,52.33000183105469,52.90999984741211,35.86942672729492,1690100
2006-02-13,52.91999816894531,53.02000045776367,52.470001220703125,52.70000076293945,35.72705841064453,894500
2006-02-14,53.0,54.779998779296875,53.0,54.61000061035156,37.02189254760742,1634400
2006-02-15,54.61000061035156,55.16999816894531,54.34000015258789,55.029998779296875,37.30664825439453,957000
2006-02-16,55.029998779296875,55.099998474121094,54.29999923706055,54.86000061035156,37.19139099121094,878200
2006-02-17,54.81999969482422,54.95000076293945,54.2400016784668,54.52000045776367,36.96089553833008,848400
2006-02-21,54.95000076293945,55.150001525878906,54.65999984741211,55.119998931884766,37.367645263671875,966700
2006-02-22,55.5,56.58000183105469,55.33000183105469,56.400001525878906,38.235408782958984,1160500
2006-02-23,56.150001525878906,56.27000045776367,55.220001220703125,55.88999938964844,37.88966751098633,1423300
2006-02-24,55.88999938964844,55.900001525878906,55.040000915527344,55.349998474121094,37.523555755615234,750400
2006-02-27,55.31999969482422,56.09000015258789,55.20000076293945,56.040000915527344,37.99134826660156,781300
2006-02-28,55.630001068115234,56.0,55.11000061035156,55.72999954223633,37.78119659423828,1412500
2006-03-01,55.900001525878906,56.0,55.52000045776367,55.900001525878906,37.896453857421875,920800
2006-03-02,55.5099983215332,55.810001373291016,54.900001525878906,55.779998779296875,37.81508255004883,1148500
2006-03-03,55.779998779296875,55.84000015258789,54.599998474121094,54.81999969482422,37.16426086425781,1484900
2006-03-06,55.29999923706055,55.5,54.38999938964844,54.52000045776367,36.96089553833008,869900
2006-03-07,55.38999938964844,55.38999938964844,54.63999938964844,55.189998626708984,37.41510009765625,762200
2006-03-08,55.279998779296875,55.38999938964844,54.88999938964844,54.91999816894531,37.2320671081543,842000
2006-03-09,55.0,55.060001373291016,54.0,54.09000015258789,36.669376373291016,1038400
2006-03-10,54.09000015258789,55.060001373291016,53.77000045776367,54.93000030517578,37.23883819580078,849900
2006-03-13,54.83000183105469,55.939998626708984,54.79999923706055,55.90999984741211,37.903228759765625,979100
2006-03-14,55.72999954223633,56.70000076293945,55.560001373291016,56.22999954223633,38.12016296386719,1343500
2006-03-15,56.20000076293945,56.5,55.61000061035156,56.2400016784668,38.12693405151367,971500
2006-03-16,56.5,56.880001068115234,56.279998779296875,56.650001525878906,38.40489959716797,1137100
2006-03-17,56.5099983215332,56.540000915527344,56.040000915527344,56.43000030517578,38.25575256347656,1182000
2006-03-20,56.209999084472656,57.150001525878906,56.15999984741211,56.61000061035156,38.37777328491211,1060900
2006-03-21,56.619998931884766,56.79999923706055,55.34000015258789,55.41999816894531,37.57102584838867,1009200
2006-03-22,55.150001525878906,55.41999816894531,55.029998779296875,55.349998474121094,37.523555755615234,567800
2006-03-23,55.25,55.25,54.439998626708984,54.4900016784668,36.9405517578125,991300
2006-03-24,55.2599983215332,55.2599983215332,53.63999938964844,53.90999984741211,36.547359466552734,1786900
2006-03-27,54.79999923706055,54.79999923706055,53.34000015258789,53.599998474121094,36.33719253540039,1238200
2006-03-28,54.47999954223633,54.47999954223633,52.83000183105469,52.84000015258789,35.82196807861328,1022900
2006-03-29,52.709999084472656,52.959999084472656,52.5,52.599998474121094,35.81516647338867,1313400
2006-03-30,52.58000183105469,52.58000183105469,52.08000183105469,52.20000076293945,35.54280090332031,1130000
2006-03-31,52.04999923706055,52.400001525878906,51.56999969482422,52.0099983215332,35.41340637207031,1684900
2006-04-03,52.52000045776367,52.869998931884766,51.95000076293945,52.119998931884766,35.48832702636719,1386200
2006-04-04,51.970001220703125,52.4900016784668,51.7599983215332,52.2599983215332,35.58366012573242,1369000
2006-04-05,52.08000183105469,52.900001525878906,52.06999969482422,52.540000915527344,35.774295806884766,1148900
2006-04-06,52.209999084472656,52.58000183105469,52.119998931884766,52.31999969482422,35.62451171875,548000
2006-04-07,52.56999969482422,52.65999984741211,50.970001220703125,51.189998626708984,34.85508728027344,1036000
2006-04-10,51.380001068115234,52.02000045776367,51.0099983215332,51.79999923706055,35.27043533325195,1312500
2006-04-11,52.099998474121094,52.099998474121094,50.70000076293945,51.119998931884766,34.80742645263672,1208100
2006-04-12,51.0,51.18000030517578,50.5,50.790000915527344,34.58273696899414,957200
2006-04-13,50.70000076293945,50.86000061035156,50.04999923706055,50.220001220703125,34.19462203979492,1329600
2006-04-17,50.220001220703125,50.88999938964844,50.220001220703125,50.779998779296875,34.57594299316406,1124800
2006-04-18,50.779998779296875,52.36000061035156,50.68000030517578,52.36000061035156,35.6517448425293,2094900
2006-04-19,52.0,54.380001068115234,52.0,53.869998931884766,36.679893493652344,2922800
2006-04-20,53.970001220703125,54.93000030517578,53.400001525878906,54.5099983215332,37.115665435791016,1669400
2006-04-21,54.90999984741211,54.90999984741211,53.619998931884766,53.970001220703125,36.74797439575195,1210700
2006-04-24,53.970001220703125,53.970001220703125,53.0099983215332,53.52000045776367,36.44157409667969,988400
2006-04-25,53.54999923706055,53.970001220703125,52.56999969482422,53.0,36.087501525878906,1667600
2006-04-26,53.0,54.5,52.9900016784668,54.45000076293945,37.07482147216797,1683800
2006-04-27,54.599998474121094,54.869998931884766,53.540000915527344,54.709999084472656,37.25185012817383,1989800
2006-04-28,55.0,55.849998474121094,54.900001525878906,55.540000915527344,37.81700134277344,2003000
2006-05-01,55.33000183105469,55.41999816894531,53.650001525878906,54.08000183105469,36.8228874206543,1425900
2006-05-02,54.36000061035156,55.08000183105469,53.84000015258789,55.060001373291016,37.49016571044922,1438100
2006-05-03,55.25,55.79999923706055,54.58000183105469,55.040000915527344,37.47654724121094,1200600
2006-05-04,55.0,55.619998931884766,54.81999969482422,54.93000030517578,37.401649475097656,989100
2006-05-05,54.20000076293945,54.61000061035156,54.13999938964844,54.34000015258789,36.99992752075195,1800700
2006-05-08,54.56999969482422,55.150001525878906,54.54999923706055,54.970001220703125,37.42887878417969,984800
2006-05-09,54.650001525878906,54.65999984741211,53.790000915527344,54.099998474121094,36.836517333984375,825700
2006-05-10,54.0,54.189998626708984,53.81999969482422,53.97999954223633,36.754791259765625,986200
2006-05-11,53.97999954223633,54.0,53.38999938964844,53.63999938964844,36.52330017089844,1564900
2006-05-12,53.599998474121094,53.88999938964844,52.970001220703125,53.0,36.087501525878906,878600
2006-05-15,53.0,53.75,52.75,53.75,36.59819030761719,1054800
2006-05-16,53.66999816894531,54.11000061035156,53.47999954223633,53.939998626708984,36.72755432128906,917000
2006-05-17,53.279998779296875,53.68000030517578,52.47999954223633,52.630001068115234,35.8355827331543,1341400
2006-05-18,51.84000015258789,52.900001525878906,51.84000015258789,52.400001525878906,35.678977966308594,993600
2006-05-19,52.560001373291016,52.849998474121094,52.29999923706055,52.5099983215332,35.753883361816406,1329100
2006-05-22,52.150001525878906,52.630001068115234,51.90999984741211,52.189998626708984,35.53598403930664,2017100
2006-05-23,52.22999954223633,52.90999984741211,52.06999969482422,52.5099983215332,35.753883361816406,1219200
2006-05-24,52.5099983215332,53.27000045776367,52.029998779296875,53.09000015258789,36.148799896240234,1888800
2006-05-25,53.31999969482422,53.470001220703125,52.369998931884766,52.81999969482422,35.96495819091797,1640500
2006-05-26,53.02000045776367,53.08000183105469,52.540000915527344,52.66999816894531,35.862823486328125,933500
2006-05-30,52.25,52.400001525878906,51.36000061035156,51.470001220703125,35.045745849609375,1148800
2006-05-31,51.5,51.93000030517578,51.29999923706055,51.77000045776367,35.25000762939453,1322500
2006-06-01,51.77000045776367,51.939998626708984,51.349998474121094,51.810001373291016,35.277244567871094,1486400
2006-06-02,51.849998474121094,51.9900016784668,50.88999938964844,50.939998626708984,34.68486404418945,1973700
2006-06-05,50.849998474121094,50.849998474121094,49.63999938964844,49.7400016784668,33.8677978515625,1829300
2006-06-06,49.900001525878906,50.2400016784668,48.65999984741211,49.349998474121094,33.60224533081055,3619200
2006-06-07,49.599998474121094,50.720001220703125,49.5,49.97999954223633,34.031211853027344,2759700
2006-06-08,50.02000045776367,50.54999923706055,49.560001373291016,50.29999923706055,34.24909210205078,2684900
2006-06-09,50.58000183105469,50.63999938964844,50.029998779296875,50.119998931884766,34.126529693603516,1518400
2006-06-12,50.0,50.2599983215332,48.88999938964844,48.91999816894531,33.309452056884766,974900
2006-06-13,48.91999816894531,49.619998931884766,48.380001068115234,48.400001525878906,32.95540237426758,1433300
2006-06-14,48.369998931884766,48.70000076293945,47.810001373291016,48.18000030517578,32.80559539794922,1376700
2006-06-15,49.0,49.9900016784668,48.31999969482422,49.310001373291016,33.57501220703125,2989400
2006-06-16,48.79999923706055,49.0099983215332,48.45000076293945,48.599998474121094,33.091556549072266,2870400
2006-06-19,48.5,48.880001068115234,48.27000045776367,48.75,33.19370651245117,2231500
2006-06-20,48.540000915527344,49.02000045776367,48.27000045776367,48.75,33.19370651245117,2828000
2006-06-21,48.79999923706055,49.43000030517578,48.54999923706055,49.34000015258789,33.59543991088867,2138200
2006-06-22,49.099998474121094,49.2400016784668,48.630001068115234,48.959999084472656,33.336692810058594,1480900
2006-06-23,48.7599983215332,48.95000076293945,48.52000045776367,48.560001373291016,33.064334869384766,834700
2006-06-26,48.560001373291016,49.75,48.560001373291016,49.709999084472656,33.84736633300781,1282600
2006-06-27,49.529998779296875,49.68000030517578,48.689998626708984,48.779998779296875,33.214134216308594,837700
2006-06-28,48.45000076293945,48.939998626708984,48.45000076293945,48.869998931884766,33.44682693481445,812200
2006-06-29,49.310001373291016,50.5,49.11000061035156,50.38999938964844,34.48712921142578,1446900
2006-06-30,50.38999938964844,50.79999923706055,50.209999084472656,50.59000015258789,34.6240119934082,1086100
2006-07-03,50.720001220703125,50.88999938964844,50.290000915527344,50.59000015258789,34.6240119934082,403600
2006-07-05,50.900001525878906,51.20000076293945,49.38999938964844,49.470001220703125,33.85747146606445,1646900
2006-07-06,49.400001525878906,49.720001220703125,49.06999969482422,49.59000015258789,33.939598083496094,1225700
2006-07-07,49.59000015258789,50.349998474121094,49.470001220703125,49.79999923706055,34.083343505859375,775100
2006-07-10,49.79999923706055,50.38999938964844,49.79999923706055,50.22999954223633,34.377620697021484,1137100
2006-07-11,50.29999923706055,50.400001525878906,49.5099983215332,50.279998779296875,34.411834716796875,589600
2006-07-12,50.459999084472656,50.810001373291016,50.060001373291016,50.810001373291016,34.77456283569336,1378300
2006-07-13,50.79999923706055,50.900001525878906,49.97999954223633,50.0,34.220211029052734,1320000
2006-07-14,50.2400016784668,50.25,49.09000015258789,49.70000076293945,34.01488494873047,1179300
2006-07-17,49.70000076293945,50.86000061035156,49.47999954223633,50.7599983215332,34.74036407470703,1304800
2006-07-18,50.599998474121094,50.79999923706055,50.130001068115234,50.63999938964844,34.65821838378906,1573900
2006-07-19,50.63999938964844,51.290000915527344,50.40999984741211,51.290000915527344,35.10308837890625,1413100
2006-07-20,51.47999954223633,52.13999938964844,51.189998626708984,52.0,35.58901596069336,1224400
2006-07-21,52.099998474121094,52.099998474121094,50.5,51.22999954223633,35.0620231628418,1724100
2006-07-24,51.290000915527344,52.099998474121094,51.27000045776367,52.060001373291016,35.63007736206055,1232200
2006-07-25,52.060001373291016,52.709999084472656,51.97999954223633,52.61000061035156,36.00651550292969,1528200
2006-07-26,53.95000076293945,54.0,52.86000061035156,53.20000076293945,36.41031265258789,1876700
2006-07-27,53.45000076293945,53.56999969482422,51.95000076293945,52.0,35.58901596069336,1271300
2006-07-28,52.09000015258789,52.2599983215332,51.88999938964844,52.130001068115234,35.67798614501953,1125800
2006-07-31,51.95000076293945,52.040000915527344,51.5,51.529998779296875,35.2673454284668,1065400
2006-08-01,51.540000915527344,51.599998474121094,50.88999938964844,51.20000076293945,35.0414924621582,739300
2006-08-02,51.18000030517578,51.2400016784668,50.68000030517578,51.04999923706055,34.9388313293457,1456700
2006-08-03,50.849998474121094,51.18000030517578,50.58000183105469,50.95000076293945,34.870384216308594,988700
2006-08-04,51.29999923706055,51.439998626708984,50.310001373291016,50.689998626708984,34.69245529174805,1147700
2006-08-07,50.70000076293945,50.70000076293945,50.029998779296875,50.119998931884766,34.302337646484375,1117700
2006-08-08,50.369998931884766,50.369998931884766,49.2599983215332,49.459999084472656,33.850624084472656,1533800
2006-08-09,49.75,49.75,48.63999938964844,48.9900016784668,33.528953552246094,2588500
2006-08-10,48.86000061035156,49.900001525878906,48.86000061035156,49.810001373291016,34.090171813964844,1384100
2006-08-11,49.54999923706055,49.84000015258789,49.119998931884766,49.310001373291016,33.74797439575195,1041800
2006-08-14,49.959999084472656,50.06999969482422,49.52000045776367,49.79999923706055,34.083343505859375,962900
2006-08-15,50.33000183105469,50.43000030517578,49.77000045776367,50.369998931884766,34.47343826293945,815300
2006-08-16,50.70000076293945,51.0,50.560001373291016,50.939998626708984,34.863555908203125,672100
2006-08-17,50.939998626708984,51.72999954223633,50.81999969482422,51.72999954223633,35.40422058105469,907600
2006-08-18,51.77000045776367,52.38999938964844,51.58000183105469,52.08000183105469,35.643760681152344,1316800
2006-08-21,52.09000015258789,52.41999816894531,51.97999954223633,52.27000045776367,35.7738037109375,915100
2006-08-22,52.27000045776367,52.29999923706055,51.86000061035156,52.06999969482422,35.63692092895508,997100
2006-08-23,51.95000076293945,52.34000015258789,51.91999816894531,52.290000915527344,35.787513732910156,566400
2006-08-24,52.5099983215332,52.56999969482422,52.209999084472656,52.2599983215332,35.7669563293457,593600
2006-08-25,51.959999084472656,52.279998779296875,51.7400016784668,52.130001068115234,35.67798614501953,717200
2006-08-28,52.029998779296875,52.849998474121094,52.0,52.52000045776367,35.94488525390625,711900
2006-08-29,52.400001525878906,52.66999816894531,52.0099983215332,52.66999816894531,36.047569274902344,895900
2006-08-30,52.66999816894531,53.0,52.54999923706055,52.63999938964844,36.02703857421875,545500
2006-08-31,52.91999816894531,53.900001525878906,52.849998474121094,53.86000061035156,36.86201095581055,1434000
2006-09-01,54.22999954223633,54.22999954223633,53.63999938964844,54.02000045776367,36.97151565551758,834900
2006-09-05,54.099998474121094,54.36000061035156,53.68000030517578,53.869998931884766,36.86883544921875,1260100
2006-09-06,53.439998626708984,53.849998474121094,53.400001525878906,53.529998779296875,36.63614273071289,926500
2006-09-07,53.529998779296875,54.290000915527344,52.939998626708984,54.119998931884766,37.039955139160156,1493600
2006-09-08,54.16999816894531,55.2400016784668,53.84000015258789,54.93000030517578,37.59432601928711,994300
2006-09-11,55.0,56.400001525878906,54.95000076293945,55.2599983215332,37.820186614990234,1873000
2006-09-12,55.2599983215332,55.95000076293945,54.75,55.93000030517578,38.27872085571289,1328600
2006-09-13,56.0,56.029998779296875,55.5,55.97999954223633,38.312950134277344,966200
2006-09-14,55.630001068115234,55.75,55.119998931884766,55.34000015258789,37.87491989135742,749500
2006-09-15,55.560001373291016,55.58000183105469,54.849998474121094,55.38999938964844,37.909141540527344,1072300
2006-09-18,55.54999923706055,55.54999923706055,54.86000061035156,54.95000076293945,37.60800552368164,766100
2006-09-19,55.0,55.20000076293945,54.70000076293945,54.83000183105469,37.52587890625,682000
2006-09-20,55.20000076293945,55.25,54.720001220703125,54.97999954223633,37.628536224365234,2519000
2006-09-21,55.150001525878906,55.150001525878906,54.560001373291016,54.709999084472656,37.44374465942383,1036200
2006-09-22,54.869998931884766,54.900001525878906,54.33000183105469,54.41999816894531,37.24528121948242,1142500
2006-09-25,54.70000076293945,55.290000915527344,54.560001373291016,55.06999969482422,37.69013595581055,1423700
2006-09-26,55.0099983215332,56.099998474121094,54.959999084472656,55.959999084472656,38.299251556396484,1587200
2006-09-27,55.5099983215332,55.619998931884766,54.72999954223633,54.779998779296875,37.65989303588867,1116300
2006-09-28,54.810001373291016,55.40999984741211,54.720001220703125,55.16999816894531,37.92802810668945,1456200
2006-09-29,55.369998931884766,55.369998931884766,54.70000076293945,54.72999954223633,37.62553024291992,723200
2006-10-02,54.7400016784668,54.7400016784668,53.88999938964844,54.09000015258789,37.185546875,1541600
2006-10-03,54.150001525878906,55.880001068115234,54.150001525878906,55.439998626708984,38.11363220214844,1470400
2006-10-04,55.349998474121094,56.13999938964844,55.220001220703125,56.099998474121094,38.567378997802734,1839500
2006-10-05,56.150001525878906,56.81999969482422,56.08000183105469,56.7599983215332,39.02110290527344,1679400
2006-10-06,56.58000183105469,56.619998931884766,56.040000915527344,56.279998779296875,38.691104888916016,837700
2006-10-09,56.290000915527344,56.400001525878906,55.939998626708984,56.38999938964844,38.76673126220703,504900
2006-10-10,56.5,57.060001373291016,56.459999084472656,57.04999923706055,39.2204704284668,1177400
2006-10-11,57.04999923706055,57.470001220703125,56.81999969482422,57.22999954223633,39.344207763671875,1401000
2006-10-12,57.45000076293945,57.58000183105469,57.15999984741211,57.56999969482422,39.57795715332031,1189000
2006-10-13,57.66999816894531,58.88999938964844,57.5,58.29999923706055,40.07981872558594,2402400
2006-10-16,58.33000183105469,58.41999816894531,57.720001220703125,57.720001220703125,39.68107986450195,1141200
2006-10-17,57.349998474121094,58.0,57.29999923706055,57.810001373291016,39.742958068847656,1066500
2006-10-18,58.20000076293945,58.439998626708984,57.81999969482422,57.849998474121094,39.770442962646484,746100
2006-10-19,57.599998474121094,57.61000061035156,56.91999816894531,56.97999954223633,39.1723518371582,918200
2006-10-20,57.29999923706055,57.29999923706055,56.529998779296875,56.650001525878906,38.94548034667969,1453600
2006-10-23,56.29999923706055,57.439998626708984,56.20000076293945,57.150001525878906,39.289215087890625,1190400
2006-10-24,57.20000076293945,57.790000915527344,56.95000076293945,57.689998626708984,39.66046905517578,1497100
2006-10-25,58.5,59.2400016784668,57.29999923706055,58.34000015258789,40.107322692871094,2792300
2006-10-26,59.0,59.060001373291016,58.439998626708984,58.939998626708984,40.519805908203125,1102500
2006-10-27,58.939998626708984,59.0,57.72999954223633,57.77000045776367,39.7154541015625,1651800
2006-10-30,57.400001525878906,58.04999923706055,57.15999984741211,57.66999816894531,39.646697998046875,1543900
2006-10-31,57.97999954223633,58.060001373291016,57.029998779296875,57.25,39.35795593261719,1003700
2006-11-01,57.59000015258789,57.630001068115234,56.869998931884766,57.209999084472656,39.33045959472656,1291300
2006-11-02,56.95000076293945,56.95000076293945,56.36000061035156,56.68000030517578,38.966102600097656,1202500
2006-11-03,56.900001525878906,57.209999084472656,56.40999984741211,56.58000183105469,38.89734649658203,974600
2006-11-06,56.36000061035156,56.86000061035156,56.31999969482422,56.70000076293945,38.97985076904297,1523600
2006-11-07,56.5,57.720001220703125,56.5,57.41999816894531,39.474830627441406,836900
2006-11-08,57.36000061035156,57.619998931884766,57.08000183105469,57.349998474121094,39.42671585083008,501100
2006-11-09,57.18000030517578,57.2400016784668,56.349998474121094,56.47999954223633,38.82862091064453,985600
2006-11-10,56.72999954223633,57.709999084472656,56.650001525878906,57.619998931884766,39.612342834472656,949500
2006-11-13,57.459999084472656,57.83000183105469,57.22999954223633,57.720001220703125,39.68107986450195,725600
2006-11-14,57.59000015258789,57.65999984741211,56.58000183105469,57.27000045776367,39.3717155456543,1199700
2006-11-15,57.27000045776367,57.4900016784668,56.880001068115234,57.15999984741211,39.29608917236328,881900
2006-11-16,57.18000030517578,57.88999938964844,57.130001068115234,57.72999954223633,39.687957763671875,680900
2006-11-17,57.5099983215332,58.15999984741211,57.5099983215332,57.79999923706055,39.73607635498047,965800
2006-11-20,57.90999984741211,58.41999816894531,57.900001525878906,58.290000915527344,40.07294845581055,869800
2006-11-21,58.650001525878906,58.97999954223633,57.970001220703125,58.13999938964844,39.96982192993164,1306200
2006-11-22,58.13999938964844,58.36000061035156,57.79999923706055,57.939998626708984,39.83232879638672,714700
2006-11-24,57.5,58.189998626708984,57.5,57.619998931884766,39.612342834472656,320500
2006-11-27,57.630001068115234,57.88999938964844,56.79999923706055,56.939998626708984,39.14485549926758,1027200
2006-11-28,56.7400016784668,57.150001525878906,56.709999084472656,57.06999969482422,39.23421859741211,1061100
2006-11-29,57.130001068115234,57.43000030517578,57.02000045776367,57.43000030517578,39.48171615600586,1059600
2006-11-30,57.279998779296875,57.439998626708984,56.400001525878906,56.84000015258789,39.076114654541016,1461700
2006-12-01,56.689998626708984,56.72999954223633,55.90999984741211,56.380001068115234,38.75987243652344,1446600
2006-12-04,56.45000076293945,57.619998931884766,56.45000076293945,57.209999084472656,39.33045959472656,1630300
2006-12-05,57.400001525878906,58.13999938964844,57.15999984741211,57.939998626708984,39.83232879638672,1039500
2006-12-06,58.029998779296875,58.25,57.70000076293945,57.95000076293945,39.839202880859375,657800
2006-12-07,58.279998779296875,58.540000915527344,57.540000915527344,57.650001525878906,39.63295364379883,977500
2006-12-08,57.75,58.209999084472656,57.599998474121094,58.11000061035156,39.949188232421875,880600
2006-12-11,58.119998931884766,58.79999923706055,58.060001373291016,58.709999084472656,40.36167526245117,822800
2006-12-12,58.709999084472656,60.900001525878906,58.689998626708984,60.63999938964844,41.68851852416992,2543600
2006-12-13,60.560001373291016,61.5,60.290000915527344,61.029998779296875,41.956634521484375,1806400
2006-12-14,61.040000915527344,61.119998931884766,60.43000030517578,60.84000015258789,41.82600402832031,1336700
2006-12-15,60.90999984741211,61.22999954223633,60.36000061035156,60.720001220703125,41.74351501464844,1355200
2006-12-18,61.02000045776367,61.02000045776367,60.40999984741211,60.4900016784668,41.585384368896484,626800
2006-12-19,60.20000076293945,60.720001220703125,59.72999954223633,60.5099983215332,41.59913635253906,1134600
2006-12-20,60.849998474121094,61.119998931884766,60.400001525878906,60.630001068115234,41.68163299560547,742200
2006-12-21,60.88999938964844,61.04999923706055,60.52000045776367,60.650001525878906,41.69538879394531,584000
2006-12-22,60.599998474121094,60.849998474121094,60.150001525878906,60.18000030517578,41.37226104736328,569300
2006-12-26,60.099998474121094,60.90999984741211,59.900001525878906,60.83000183105469,41.81913375854492,557900
2006-12-27,61.0,61.29999923706055,60.810001373291016,61.15999984741211,42.219505310058594,604100
2006-12-28,61.189998626708984,61.900001525878906,60.689998626708984,60.93000030517578,42.060752868652344,511000
2006-12-29,60.79999923706055,60.9900016784668,60.52000045776367,60.56999969482422,41.81222915649414,635200
2007-01-03,60.5,61.029998779296875,60.06999969482422,60.349998474121094,41.660362243652344,1190000
2007-01-04,59.75,60.0,59.150001525878906,59.560001373291016,41.115020751953125,1368700
2007-01-05,59.2400016784668,59.61000061035156,58.86000061035156,59.130001068115234,40.818180084228516,1241000
2007-01-08,58.880001068115234,59.290000915527344,58.4900016784668,59.15999984741211,40.83888626098633,1212100
2007-01-09,59.25,59.40999984741211,58.52000045776367,58.54999923706055,40.41777801513672,1304500
2007-01-10,58.34000015258789,58.650001525878906,58.220001220703125,58.540000915527344,40.41088104248047,1227500
2007-01-11,58.54999923706055,59.439998626708984,58.13999938964844,59.2599983215332,40.907920837402344,1467600
2007-01-12,59.040000915527344,59.22999954223633,58.59000015258789,58.79999923706055,40.59037780761719,1220000
2007-01-16,59.13999938964844,59.189998626708984,58.45000076293945,58.75,40.55586242675781,976100
2007-01-17,58.79999923706055,58.84000015258789,58.40999984741211,58.70000076293945,40.52134323120117,1545500
2007-01-18,59.970001220703125,59.97999954223633,59.209999084472656,59.2599983215332,40.907920837402344,1523400
2007-01-19,59.400001525878906,59.68000030517578,59.20000076293945,59.29999923706055,40.935543060302734,815200
2007-01-22,59.04999923706055,59.2400016784668,58.08000183105469,58.5,40.38329315185547,1837400
2007-01-23,58.310001373291016,59.099998474121094,58.310001373291016,58.540000915527344,40.41088104248047,1517600
2007-01-24,60.09000015258789,60.09000015258789,58.5,59.15999984741211,40.83888626098633,1218600
2007-01-25,59.209999084472656,59.43000030517578,58.470001220703125,58.650001525878906,40.486820220947266,1448700
2007-01-26,58.650001525878906,59.060001373291016,57.810001373291016,58.22999954223633,40.19690704345703,1525000
2007-01-29,57.650001525878906,58.7400016784668,57.400001525878906,58.29999923706055,40.24522399902344,1416000
2007-01-30,58.310001373291016,58.779998779296875,58.220001220703125,58.599998474121094,40.45231246948242,1073700
2007-01-31,59.75,59.79999923706055,57.7599983215332,57.779998779296875,39.88624954223633,2226900
2007-02-01,57.880001068115234,58.5,57.77000045776367,58.470001220703125,40.362571716308594,2066300
2007-02-02,58.56999969482422,59.209999084472656,58.400001525878906,58.720001220703125,40.53514099121094,1000800
2007-02-05,58.88999938964844,59.470001220703125,58.650001525878906,59.310001373291016,40.94243621826172,1169400
2007-02-06,59.29999923706055,59.959999084472656,59.22999954223633,59.849998474121094,41.31519317626953,933600
2007-02-07,59.63999938964844,59.79999923706055,59.220001220703125,59.58000183105469,41.12882614135742,1032500
2007-02-08,59.56999969482422,59.84000015258789,58.900001525878906,59.029998779296875,40.749149322509766,2863200
2007-02-09,59.04999923706055,59.58000183105469,58.22999954223633,58.22999954223633,40.19690704345703,1484300
2007-02-12,58.22999954223633,58.650001525878906,58.0099983215332,58.130001068115234,40.12786865234375,1633600
2007-02-13,58.52000045776367,58.58000183105469,57.68000030517578,58.0,40.038116455078125,1811100
2007-02-14,58.150001525878906,58.709999084472656,58.11000061035156,58.29999923706055,40.24522399902344,1140900
2007-02-15,58.349998474121094,58.849998474121094,58.29999923706055,58.54999923706055,40.41777801513672,1391100
2007-02-16,58.279998779296875,58.91999816894531,58.04999923706055,58.65999984741211,40.49372100830078,1214800
2007-02-20,58.5,58.72999954223633,58.209999084472656,58.599998474121094,40.45231246948242,1003000
2007-02-21,58.2599983215332,58.709999084472656,58.22999954223633,58.27000045776367,40.224510192871094,1037400
2007-02-22,58.599998474121094,58.84000015258789,58.11000061035156,58.290000915527344,40.238319396972656,1019800
2007-02-23,58.130001068115234,58.310001373291016,57.13999938964844,57.59000015258789,39.755104064941406,959800
2007-02-26,57.63999938964844,57.91999816894531,57.04999923706055,57.209999084472656,39.49277877807617,1214900
2007-02-27,57.209999084472656,58.16999816894531,55.65999984741211,55.869998931884766,38.56776428222656,2278800
2007-02-28,55.880001068115234,56.650001525878906,55.880001068115234,56.13999938964844,38.75413513183594,2262700
2007-03-01,55.29999923706055,56.290000915527344,55.02000045776367,55.810001373291016,38.526344299316406,1645800
2007-03-02,55.560001373291016,56.040000915527344,55.220001220703125,55.41999816894531,38.25712585449219,1374100
2007-03-05,55.34000015258789,55.91999816894531,54.75,54.790000915527344,37.822227478027344,1947600
2007-03-06,55.0,55.599998474121094,54.79999923706055,55.31999969482422,38.188079833984375,1975400
2007-03-07,55.060001373291016,55.36000061035156,54.810001373291016,54.83000183105469,37.84983444213867,1481300
2007-03-08,55.18000030517578,55.310001373291016,54.970001220703125,55.16999816894531,38.08454513549805,1099700
2007-03-09,55.20000076293945,55.36000061035156,54.72999954223633,55.0099983215332,37.97408676147461,1195800
2007-03-12,54.900001525878906,54.9900016784668,54.54999923706055,54.709999084472656,37.76700210571289,1204600
2007-03-13,54.5,54.529998779296875,53.220001220703125,53.220001220703125,36.73843002319336,2118500
2007-03-14,53.209999084472656,54.0099983215332,52.790000915527344,53.93000030517578,37.228546142578125,2945200
2007-03-15,53.93000030517578,55.349998474121094,53.849998474121094,54.709999084472656,37.76700210571289,2583200
2007-03-16,55.290000915527344,55.599998474121094,54.75,54.970001220703125,37.94645309448242,3222400
2007-03-19,55.08000183105469,55.7400016784668,55.08000183105469,55.59000015258789,38.374473571777344,1114500
2007-03-20,55.5099983215332,56.54999923706055,55.5,56.27000045776367,38.8438835144043,1775400
2007-03-21,56.27000045776367,56.720001220703125,55.88999938964844,56.400001525878906,38.933616638183594,2034100
2007-03-22,56.41999816894531,56.56999969482422,56.04999923706055,56.27000045776367,38.8438835144043,1133100
2007-03-23,56.279998779296875,57.150001525878906,56.209999084472656,56.869998931884766,39.25807189941406,1218300
2007-03-26,56.75,57.34000015258789,56.529998779296875,57.34000015258789,39.5825080871582,1604900
2007-03-27,57.08000183105469,57.540000915527344,56.900001525878906,57.529998779296875,39.71367263793945,1938800
2007-03-28,57.31999969482422,57.58000183105469,57.02000045776367,57.08000183105469,39.57501983642578,2659000
2007-03-29,57.70000076293945,57.900001525878906,57.099998474121094,57.380001068115234,39.78300857543945,1559900
2007-03-30,57.29999923706055,57.689998626708984,56.880001068115234,57.060001373291016,39.56114196777344,1558800
2007-04-02,57.0,57.29999923706055,56.900001525878906,57.209999084472656,39.66514587402344,1223500
2007-04-03,57.209999084472656,57.72999954223633,57.209999084472656,57.720001220703125,40.018741607666016,892100
2007-04-04,57.720001220703125,58.150001525878906,57.119998931884766,57.290000915527344,39.72060775756836,932300
2007-04-05,57.119998931884766,57.5,57.02000045776367,57.290000915527344,39.72060775756836,895800
2007-04-09,57.310001373291016,57.54999923706055,57.209999084472656,57.529998779296875,39.887001037597656,672900
2007-04-10,57.529998779296875,58.08000183105469,57.5099983215332,57.7599983215332,40.046478271484375,661500
2007-04-11,57.7599983215332,57.900001525878906,57.33000183105469,57.33000183105469,39.748329162597656,743200
2007-04-12,57.41999816894531,57.779998779296875,56.970001220703125,57.709999084472656,40.01181411743164,854900
2007-04-13,57.75,58.27000045776367,57.650001525878906,58.150001525878906,40.31686019897461,739900
2007-04-16,58.5,59.029998779296875,58.15999984741211,58.5,40.55952835083008,943300
2007-04-17,58.5,58.56999969482422,58.31999969482422,58.45000076293945,40.52486038208008,670300
2007-04-18,58.45000076293945,58.61000061035156,58.119998931884766,58.13999938964844,40.30994415283203,1486300
2007-04-19,57.290000915527344,58.40999984741211,57.290000915527344,58.130001068115234,40.303001403808594,693300
2007-04-20,58.619998931884766,58.72999954223633,58.119998931884766,58.529998779296875,40.580322265625,1121800
2007-04-23,58.540000915527344,58.810001373291016,58.130001068115234,58.130001068115234,40.303001403808594,880200
2007-04-24,59.0,59.650001525878906,58.209999084472656,58.689998626708984,40.691261291503906,1552400
2007-04-25,59.9900016784668,61.29999923706055,59.83000183105469,61.279998779296875,42.486961364746094,1873500
2007-04-26,59.0,60.7400016784668,59.0,60.029998779296875,41.62031555175781,1400400
2007-04-27,59.9900016784668,60.43000030517578,59.52000045776367,60.380001068115234,41.862979888916016,858300
2007-04-30,60.380001068115234,60.459999084472656,59.459999084472656,59.459999084472656,41.225128173828125,970600
2007-05-01,59.70000076293945,59.97999954223633,59.27000045776367,59.849998474121094,41.49551010131836,759600
2007-05-02,59.95000076293945,60.619998931884766,59.849998474121094,60.59000015258789,42.00858688354492,1394800
2007-05-03,60.7599983215332,61.0,60.029998779296875,60.16999816894531,41.717369079589844,1312500
2007-05-04,60.369998931884766,60.439998626708984,59.79999923706055,59.900001525878906,41.53019332885742,1235800
2007-05-07,60.209999084472656,60.63999938964844,60.18000030517578,60.41999816894531,41.890724182128906,1169300
2007-05-08,60.400001525878906,60.7400016784668,60.2599983215332,60.66999816894531,42.06403732299805,1090400
2007-05-09,60.66999816894531,61.31999969482422,60.56999969482422,61.29999923706055,42.50083541870117,1055900
2007-05-10,61.310001373291016,62.220001220703125,61.310001373291016,61.810001373291016,42.85443878173828,2427500
2007-05-11,62.65999984741211,63.25,61.72999954223633,62.20000076293945,43.12483215332031,1333900
2007-05-14,62.130001068115234,62.81999969482422,62.040000915527344,62.130001068115234,43.076297760009766,1327200
2007-05-15,62.58000183105469,63.099998474121094,61.65999984741211,61.65999984741211,42.75045394897461,1364300
2007-05-16,62.0,62.119998931884766,61.72999954223633,61.91999816894531,42.930702209472656,1089700
2007-05-17,61.93000030517578,61.939998626708984,61.33000183105469,61.41999816894531,42.58403778076172,1121900
2007-05-18,61.5,62.099998474121094,61.11000061035156,61.7400016784668,42.805912017822266,1131400
2007-05-21,61.630001068115234,62.2599983215332,61.529998779296875,62.119998931884766,43.069374084472656,789900
2007-05-22,62.119998931884766,62.33000183105469,61.630001068115234,62.130001068115234,43.076297760009766,798800
2007-05-23,62.15999984741211,62.27000045776367,60.9900016784668,61.029998779296875,42.31364822387695,1455300
2007-05-24,61.38999938964844,61.38999938964844,60.47999954223633,60.540000915527344,41.97391891479492,1354700
2007-05-25,60.849998474121094,61.45000076293945,60.65999984741211,61.33000183105469,42.521644592285156,908000
2007-05-29,61.56999969482422,61.689998626708984,60.869998931884766,61.0,42.2928466796875,1766700
2007-05-30,60.560001373291016,61.279998779296875,60.2599983215332,61.060001373291016,42.33443832397461,1440100
2007-05-31,60.209999084472656,61.970001220703125,60.209999084472656,61.56999969482422,42.68804931640625,1494200
2007-06-01,61.56999969482422,62.0,61.09000015258789,61.45000076293945,42.60484313964844,911000
2007-06-04,61.220001220703125,61.720001220703125,61.02000045776367,61.66999816894531,42.75737380981445,1008200
2007-06-05,61.400001525878906,62.41999816894531,61.400001525878906,61.970001220703125,42.96537399291992,1224400
2007-06-06,61.5099983215332,61.939998626708984,61.380001068115234,61.560001373291016,42.68110275268555,1075100
2007-06-07,61.290000915527344,61.650001525878906,60.70000076293945,60.70000076293945,42.0848503112793,1467300
2007-06-08,60.540000915527344,61.34000015258789,60.16999816894531,61.279998779296875,42.486961364746094,1603200
2007-06-11,61.279998779296875,62.709999084472656,61.2400016784668,62.34000015258789,43.22190856933594,1283800
2007-06-12,62.220001220703125,63.13999938964844,61.939998626708984,61.939998626708984,42.94457244873047,2020500
2007-06-13,62.2400016784668,62.43000030517578,61.209999084472656,62.43000030517578,43.284305572509766,2116200
2007-06-14,62.279998779296875,62.43000030517578,61.4900016784668,62.150001525878906,43.090179443359375,1554000
2007-06-15,62.560001373291016,62.59000015258789,61.959999084472656,62.369998931884766,43.24270248413086,1925300
2007-06-18,62.619998931884766,62.7400016784668,62.02000045776367,62.16999816894531,43.10403823852539,1870700
2007-06-19,62.16999816894531,62.709999084472656,61.939998626708984,62.540000915527344,43.36056900024414,2901800
2007-06-20,62.970001220703125,63.11000061035156,62.0,62.11000061035156,43.062442779541016,2288700
2007-06-21,62.06999969482422,62.63999938964844,61.790000915527344,62.02000045776367,43.000030517578125,2111400
2007-06-22,61.900001525878906,62.4900016784668,61.5,62.4900016784668,43.325897216796875,12827600
2007-06-25,62.439998626708984,63.09000015258789,62.029998779296875,62.38999938964844,43.25657272338867,2756800
2007-06-26,62.90999984741211,63.18000030517578,62.09000015258789,62.150001525878906,43.090179443359375,3090200
2007-06-27,61.599998474121094,62.150001525878906,61.36000061035156,61.95000076293945,43.138938903808594,2483000
2007-06-28,61.380001068115234,62.189998626708984,61.380001068115234,61.689998626708984,42.95786666870117,2571400
2007-06-29,61.900001525878906,63.130001068115234,61.83000183105469,62.52000045776367,43.53584289550781,2108300
2007-07-02,63.099998474121094,63.849998474121094,63.099998474121094,63.77000045776367,44.40627670288086,1839700
2007-07-03,63.95000076293945,64.31999969482422,63.81999969482422,63.970001220703125,44.54554748535156,989800
2007-07-05,63.970001220703125,63.970001220703125,62.709999084472656,62.86000061035156,43.77260208129883,1769700
2007-07-06,63.0,63.0,62.41999816894531,62.599998474121094,43.5915412902832,1893700
2007-07-09,62.560001373291016,63.099998474121094,62.34000015258789,62.61000061035156,43.59850311279297,1427600
2007-07-10,62.529998779296875,62.529998779296875,61.040000915527344,61.06999969482422,42.526126861572266,2144200
2007-07-11,60.790000915527344,60.9900016784668,60.41999816894531,60.91999816894531,42.421669006347656,1851300
2007-07-12,61.18000030517578,61.97999954223633,60.619998931884766,61.650001525878906,42.93000411987305,2398000
2007-07-13,61.72999954223633,62.04999923706055,61.18000030517578,61.77000045776367,43.01356887817383,1051300
2007-07-16,61.54999923706055,61.959999084472656,61.130001068115234,61.75,42.99964904785156,1019200
2007-07-17,61.619998931884766,61.75,60.93000030517578,61.439998626708984,42.783782958984375,1950000
2007-07-18,61.130001068115234,61.209999084472656,59.970001220703125,60.939998626708984,42.43559265136719,1793300
2007-07-19,61.33000183105469,62.06999969482422,61.099998474121094,61.970001220703125,43.1528434753418,1589200
2007-07-20,61.91999816894531,61.93000030517578,60.040000915527344,60.54999923706055,42.164031982421875,1898200
2007-07-23,60.7599983215332,61.029998779296875,60.529998779296875,60.7400016784668,42.296329498291016,1115100
2007-07-24,59.88999938964844,60.84000015258789,57.66999816894531,57.86000061035156,40.29084014892578,2362100
2007-07-25,59.5,60.84000015258789,59.40999984741211,60.63999938964844,42.22669982910156,4038200
2007-07-26,60.54999923706055,60.650001525878906,58.0099983215332,58.68000030517578,40.86185073852539,3845800
2007-07-27,58.310001373291016,58.59000015258789,57.22999954223633,57.33000183105469,39.921756744384766,2470600
2007-07-30,59.220001220703125,59.880001068115234,57.27000045776367,59.65999984741211,41.54426956176758,2912600
2007-07-31,59.7599983215332,60.290000915527344,57.65999984741211,57.720001220703125,40.19335174560547,2516600
2007-08-01,57.90999984741211,58.95000076293945,56.09000015258789,58.7400016784668,40.903629302978516,2519100
2007-08-02,58.779998779296875,59.91999816894531,57.5,57.529998779296875,40.06104278564453,2441000
2007-08-03,58.380001068115234,58.400001525878906,54.70000076293945,54.720001220703125,38.10429763793945,2890300
2007-08-06,55.150001525878906,58.470001220703125,54.279998779296875,58.470001220703125,40.71561050415039,2565400
2007-08-07,57.70000076293945,60.290000915527344,57.15999984741211,59.66999816894531,41.55125045776367,3206200
2007-08-08,60.189998626708984,60.36000061035156,56.939998626708984,58.220001220703125,40.54153060913086,3300300
2007-08-09,56.400001525878906,58.400001525878906,54.689998626708984,56.630001068115234,39.4343376159668,3100600
2007-08-10,56.0,56.93000030517578,54.54999923706055,56.650001525878906,39.448265075683594,3873200
2007-08-13,57.70000076293945,58.279998779296875,56.529998779296875,56.81999969482422,39.566627502441406,2334600
2007-08-14,56.630001068115234,57.0,54.369998931884766,54.47999954223633,37.93717956542969,2110700
2007-08-15,54.630001068115234,55.84000015258789,54.119998931884766,54.22999954223633,37.76308822631836,1979200
2007-08-16,53.779998779296875,56.5,53.56999969482422,55.81999969482422,38.87028503417969,3534000
2007-08-17,57.959999084472656,58.599998474121094,56.06999969482422,57.5,40.0401496887207,3079700
2007-08-20,57.79999923706055,59.209999084472656,57.130001068115234,58.36000061035156,40.6390266418457,1580300
2007-08-21,57.95000076293945,59.2400016784668,57.70000076293945,58.84000015258789,40.973270416259766,1394500
2007-08-22,59.099998474121094,59.91999816894531,58.0099983215332,59.310001373291016,41.30054473876953,2642300
2007-08-23,59.5099983215332,59.68000030517578,57.970001220703125,58.27000045776367,40.57633590698242,1832100
2007-08-24,58.58000183105469,60.20000076293945,57.88999938964844,60.0,41.781036376953125,1774400
2007-08-27,59.40999984741211,59.790000915527344,58.81999969482422,58.81999969482422,40.959346771240234,1008100
2007-08-28,58.380001068115234,58.560001373291016,56.650001525878906,56.72999954223633,39.50396728515625,1577200
2007-08-29,57.20000076293945,58.04999923706055,56.72999954223633,57.79999923706055,40.249061584472656,2090800
2007-08-30,57.15999984741211,57.63999938964844,56.630001068115234,57.02000045776367,39.70591735839844,1827000
2007-08-31,57.9900016784668,58.400001525878906,57.06999969482422,57.7599983215332,40.221214294433594,1657200
2007-09-04,57.56999969482422,58.59000015258789,57.56999969482422,58.439998626708984,40.694732666015625,1408000
2007-09-05,57.7400016784668,57.93000030517578,56.900001525878906,57.650001525878906,40.144615173339844,1376900
2007-09-06,57.470001220703125,58.0,56.900001525878906,57.2599983215332,39.873023986816406,1187800
2007-09-07,56.459999084472656,57.16999816894531,56.0,56.15999984741211,39.10704040527344,1528900
2007-09-10,56.58000183105469,58.040000915527344,56.15999984741211,57.2400016784668,39.859100341796875,1822400
2007-09-11,57.61000061035156,57.970001220703125,56.93000030517578,57.72999954223633,40.2003173828125,1279600
2007-09-12,57.34000015258789,57.75,56.88999938964844,57.33000183105469,39.921756744384766,1312700
2007-09-13,57.88999938964844,58.630001068115234,57.34000015258789,58.09000015258789,40.451011657714844,1277800
2007-09-14,57.75,58.36000061035156,57.45000076293945,57.95000076293945,40.3535041809082,1333500
2007-09-17,57.849998474121094,58.689998626708984,57.70000076293945,58.459999084472656,40.708641052246094,1448100
2007-09-18,58.84000015258789,59.56999969482422,58.150001525878906,59.0,41.08466720581055,2386700
2007-09-19,59.650001525878906,60.0,59.2599983215332,59.72999954223633,41.593017578125,2121500
2007-09-20,59.70000076293945,59.86000061035156,59.060001373291016,59.08000183105469,41.14039611816406,1780900
2007-09-21,59.849998474121094,59.869998931884766,59.08000183105469,59.40999984741211,41.37018966674805,2679500
2007-09-24,59.45000076293945,59.4900016784668,58.599998474121094,58.79999923706055,40.945411682128906,1419700
2007-09-25,58.52000045776367,59.540000915527344,58.33000183105469,58.7400016784668,40.903629302978516,1829500
2007-09-26,58.970001220703125,59.209999084472656,58.369998931884766,58.72999954223633,41.08551788330078,1900800
2007-09-27,59.0,59.650001525878906,58.68000030517578,59.54999923706055,41.659156799316406,1802700
2007-09-28,59.599998474121094,61.27000045776367,59.599998474121094,60.56999969482422,42.372718811035156,2137900
2007-10-01,60.849998474121094,62.099998474121094,60.66999816894531,61.810001373291016,43.24018096923828,2070400
2007-10-02,60.880001068115234,62.11000061035156,60.83000183105469,61.90999984741211,43.31015396118164,1874400
2007-10-03,61.5,62.290000915527344,61.40999984741211,61.90999984741211,43.31015396118164,1443300
2007-10-04,62.22999954223633,62.86000061035156,62.099998474121094,62.27000045776367,43.56199645996094,1342900
2007-10-05,62.810001373291016,63.2599983215332,62.040000915527344,62.20000076293945,43.51300811767578,1564100
2007-10-08,62.0099983215332,63.060001373291016,62.0,62.900001525878906,44.00270462036133,983700
2007-10-09,63.0,64.08000183105469,62.56999969482422,63.33000183105469,44.30352020263672,1417400
2007-10-10,63.20000076293945,63.31999969482422,62.09000015258789,62.2599983215332,43.55498504638672,1167500
2007-10-11,62.900001525878906,63.0,61.630001068115234,61.86000061035156,43.275169372558594,1533400
2007-10-12,61.790000915527344,63.16999816894531,61.65999984741211,63.0,44.07267761230469,1798200
2007-10-15,63.119998931884766,63.79999923706055,62.099998474121094,62.36000061035156,43.62493896484375,1256400
2007-10-16,62.36000061035156,62.36000061035156,61.02000045776367,61.220001220703125,42.82743835449219,1253500
2007-10-17,61.95000076293945,62.20000076293945,60.5099983215332,61.25,42.848426818847656,1114200
2007-10-18,60.59000015258789,61.56999969482422,60.560001373291016,61.029998779296875,42.69451904296875,1155200
2007-10-19,61.45000076293945,61.45000076293945,58.77000045776367,58.91999816894531,41.21843338012695,1919300
2007-10-22,58.599998474121094,61.0,58.31999969482422,60.540000915527344,42.35173034667969,1552400
2007-10-23,60.63999938964844,62.5,60.16999816894531,60.45000076293945,42.28877639770508,1850800
2007-10-24,60.599998474121094,60.869998931884766,57.40999984741211,58.88999938964844,41.19744873046875,4444400
2007-10-25,59.08000183105469,59.7599983215332,57.97999954223633,59.150001525878906,41.37932586669922,2833700
2007-10-26,59.900001525878906,60.66999816894531,59.0099983215332,60.65999984741211,42.43567657470703,2407600
2007-10-29,60.95000076293945,61.68000030517578,60.7400016784668,61.459999084472656,42.99532699584961,1389500
2007-10-30,61.459999084472656,62.310001373291016,61.16999816894531,61.310001373291016,42.8903923034668,1607500
2007-10-31,62.06999969482422,63.65999984741211,59.790000915527344,60.61000061035156,42.400699615478516,1883000
2007-11-01,59.84000015258789,60.31999969482422,57.81999969482422,57.93000030517578,40.52587127685547,2260700
2007-11-02,58.06999969482422,58.2400016784668,56.540000915527344,57.939998626708984,40.53286361694336,2292100
2007-11-05,57.4900016784668,58.040000915527344,56.400001525878906,57.130001068115234,39.966217041015625,2340900
2007-11-06,57.47999954223633,58.65999984741211,56.689998626708984,58.52000045776367,40.938602447509766,1434900
2007-11-07,57.599998474121094,58.0099983215332,56.689998626708984,56.83000183105469,39.756343841552734,1962200
2007-11-08,56.880001068115234,57.83000183105469,55.65999984741211,57.2400016784668,40.04317092895508,1990000
2007-11-09,56.369998931884766,59.849998474121094,55.83000183105469,58.529998779296875,40.94559860229492,2240000
2007-11-12,58.45000076293945,60.15999984741211,58.20000076293945,58.459999084472656,40.896629333496094,1938400
2007-11-13,58.83000183105469,60.04999923706055,58.5,60.02000045776367,41.98796081542969,2021800
2007-11-14,61.02000045776367,61.02000045776367,59.290000915527344,59.34000015258789,41.51225280761719,1417200
2007-11-15,58.9900016784668,59.56999969482422,58.27000045776367,58.83000183105469,41.15547561645508,2108700
2007-11-16,59.400001525878906,59.529998779296875,57.65999984741211,58.15999984741211,40.686767578125,2154800
2007-11-19,57.68000030517578,58.41999816894531,56.709999084472656,57.630001068115234,40.316001892089844,2686700
2007-11-20,57.61000061035156,57.900001525878906,55.630001068115234,57.349998474121094,40.1201057434082,3594000
2007-11-21,56.5,59.150001525878906,56.099998474121094,57.95000076293945,40.53984832763672,2990100
2007-11-23,58.220001220703125,59.029998779296875,57.97999954223633,58.779998779296875,41.120487213134766,922900
2007-11-26,58.900001525878906,59.130001068115234,57.58000183105469,57.75,40.39994812011719,1994300
2007-11-27,57.93000030517578,59.27000045776367,57.88999938964844,59.16999816894531,41.393310546875,1635700
2007-11-28,59.27000045776367,60.90999984741211,58.95000076293945,60.0,41.973968505859375,3381800
2007-11-29,59.380001068115234,59.709999084472656,58.13999938964844,58.439998626708984,40.88264083862305,2483500
2007-11-30,59.5,60.79999923706055,59.150001525878906,59.83000183105469,41.855045318603516,2255400
2007-12-03,59.25,60.18000030517578,58.380001068115234,59.59000015258789,41.6871452331543,1521400
2007-12-04,59.5,59.709999084472656,58.83000183105469,58.970001220703125,41.25341033935547,1683500
2007-12-05,59.75,60.02000045776367,58.72999954223633,59.619998931884766,41.7081413269043,1406300
2007-12-06,59.599998474121094,61.060001373291016,59.380001068115234,61.060001373291016,42.715511322021484,1388200
2007-12-07,60.849998474121094,61.93000030517578,60.619998931884766,60.84000015258789,42.56160354614258,1448000
2007-12-10,60.88999938964844,62.65999984741211,60.849998474121094,62.310001373291016,43.589962005615234,1209100
2007-12-11,62.34000015258789,62.9900016784668,59.709999084472656,59.7400016784668,41.792083740234375,2154000
2007-12-12,61.529998779296875,61.790000915527344,59.0,60.04999923706055,42.008934020996094,2583600
2007-12-13,59.900001525878906,60.91999816894531,59.2599983215332,60.790000915527344,42.5266227722168,1935300
2007-12-14,60.93000030517578,61.18000030517578,59.4900016784668,59.5099983215332,41.631187438964844,1538600
2007-12-17,59.54999923706055,61.77000045776367,59.36000061035156,61.0099983215332,42.68051528930664,1879600
2007-12-18,61.56999969482422,61.56999969482422,59.93000030517578,60.83000183105469,42.55461883544922,1663500
2007-12-19,61.43000030517578,61.9900016784668,59.59000015258789,60.11000061035156,42.050926208496094,1688400
2007-12-20,60.5,61.43000030517578,60.15999984741211,60.75,42.49864196777344,1964400
2007-12-21,61.959999084472656,62.40999984741211,61.0,61.90999984741211,43.31015396118164,2066800
2007-12-24,61.61000061035156,63.29999923706055,61.61000061035156,63.150001525878906,44.17759704589844,668100
2007-12-26,62.880001068115234,63.08000183105469,62.279998779296875,62.86000061035156,43.97473907470703,902500
2007-12-27,62.540000915527344,62.63999938964844,61.31999969482422,61.31999969482422,43.08243942260742,1009200
2007-12-28,62.22999954223633,62.599998474121094,61.209999084472656,61.900001525878906,43.489952087402344,914300
2007-12-31,61.56999969482422,62.47999954223633,61.189998626708984,61.779998779296875,43.405635833740234,973900
2008-01-02,61.86000061035156,62.09000015258789,60.77000045776367,61.040000915527344,42.88570022583008,2090900
2008-01-03,61.29999923706055,61.459999084472656,60.400001525878906,60.90999984741211,42.79439926147461,2351100
2008-01-04,60.36000061035156,61.4900016784668,60.36000061035156,60.7400016784668,42.674949645996094,1733600
2008-01-07,61.22999954223633,62.209999084472656,60.27000045776367,61.439998626708984,43.1667594909668,3089600
2008-01-08,61.9900016784668,61.9900016784668,60.04999923706055,60.22999954223633,42.31664276123047,2056400
2008-01-09,60.72999954223633,61.18000030517578,59.439998626708984,61.15999984741211,42.97003936767578,2124700
2008-01-10,60.79999923706055,62.43000030517578,60.2400016784668,61.650001525878906,43.31428527832031,2846200
2008-01-11,61.150001525878906,61.619998931884766,59.880001068115234,60.18000030517578,42.281497955322266,2081700
2008-01-14,60.540000915527344,60.72999954223633,59.45000076293945,60.599998474121094,42.57656478881836,4358500
2008-01-15,60.599998474121094,62.0,60.150001525878906,60.439998626708984,42.46417236328125,2716700
2008-01-16,60.29999923706055,61.849998474121094,60.040000915527344,60.56999969482422,42.55550003051758,2459700
2008-01-17,60.25,60.65999984741211,57.93000030517578,58.18000030517578,40.8763427734375,5712700
2008-01-18,58.70000076293945,58.849998474121094,55.52000045776367,56.4900016784668,39.68896484375,6822400
2008-01-22,55.040000915527344,59.099998474121094,54.15999984741211,58.40999984741211,41.037933349609375,4445700
2008-01-23,56.59000015258789,60.349998474121094,56.22999954223633,59.97999954223633,42.14097213745117,5861900
2008-01-24,60.33000183105469,61.290000915527344,59.29999923706055,60.63999938964844,42.60469436645508,3083000
2008-01-25,60.97999954223633,61.689998626708984,57.41999816894531,57.63999938964844,40.496944427490234,4811600
2008-01-28,57.95000076293945,58.95000076293945,56.93000030517578,58.869998931884766,41.361122131347656,3023700
2008-01-29,59.060001373291016,59.83000183105469,58.13999938964844,58.880001068115234,41.368133544921875,3169600
2008-01-30,58.59000015258789,60.369998931884766,57.63999938964844,57.869998931884766,40.65852737426758,2564200
2008-01-31,56.029998779296875,59.02000045776367,56.029998779296875,58.2400016784668,40.918495178222656,3584000
2008-02-01,58.040000915527344,59.38999938964844,58.040000915527344,59.31999969482422,41.677268981933594,2354700
2008-02-04,59.34000015258789,59.959999084472656,59.0099983215332,59.58000183105469,41.85995101928711,1935400
2008-02-05,58.33000183105469,60.08000183105469,57.619998931884766,58.29999923706055,40.96063232421875,2446700
2008-02-06,60.0,60.29999923706055,58.5099983215332,59.0,41.45244598388672,3388800
2008-02-07,58.560001373291016,60.400001525878906,58.27000045776367,59.310001373291016,41.67024612426758,3217100
2008-02-08,58.95000076293945,58.959999084472656,57.15999984741211,57.29999923706055,40.25804901123047,2990200
2008-02-11,57.04999923706055,57.099998474121094,55.70000076293945,56.58000183105469,39.752197265625,2735500
2008-02-12,56.619998931884766,57.459999084472656,55.56999969482422,56.439998626708984,39.65382385253906,3117000
2008-02-13,57.08000183105469,57.22999954223633,55.900001525878906,56.959999084472656,40.01917266845703,3205400
2008-02-14,56.86000061035156,57.41999816894531,55.97999954223633,56.599998474121094,39.766239166259766,2245800
2008-02-15,56.61000061035156,57.939998626708984,56.08000183105469,57.810001373291016,40.61637878417969,2389800
2008-02-19,58.36000061035156,58.75,57.11000061035156,57.470001220703125,40.377498626708984,1881300
2008-02-20,57.20000076293945,58.31999969482422,56.90999984741211,58.18000030517578,40.8763427734375,2276400
2008-02-21,58.5,58.5,56.79999923706055,56.91999816894531,39.991065979003906,1849300
2008-02-22,57.130001068115234,58.45000076293945,56.439998626708984,58.41999816894531,41.044944763183594,2123000
2008-02-25,58.31999969482422,58.5,57.02000045776367,58.34000015258789,40.988746643066406,2830500
2008-02-26,58.2599983215332,59.45000076293945,58.11000061035156,58.970001220703125,41.43138122558594,2486000
2008-02-27,59.0,60.52000045776367,58.36000061035156,60.279998779296875,42.35175323486328,2746100
2008-02-28,59.459999084472656,59.95000076293945,57.970001220703125,58.11000061035156,40.8271598815918,1752600
2008-02-29,57.54999923706055,57.56999969482422,56.13999938964844,56.2400016784668,39.51332092285156,2721900
2008-03-03,56.029998779296875,56.20000076293945,53.86000061035156,55.09000015258789,38.70534896850586,2644300
2008-03-04,54.540000915527344,54.9900016784668,53.65999984741211,54.220001220703125,38.09408950805664,4610200
2008-03-05,54.45000076293945,55.56999969482422,53.790000915527344,54.650001525878906,38.396217346191406,4135400
2008-03-06,54.380001068115234,54.7400016784668,53.56999969482422,54.38999938964844,38.21355056762695,3274700
2008-03-07,54.18000030517578,55.70000076293945,53.75,54.90999984741211,38.57887649536133,3040700
2008-03-10,54.7599983215332,55.38999938964844,54.0,54.189998626708984,38.07301330566406,1885200
2008-03-11,55.29999923706055,57.9900016784668,53.900001525878906,56.27000045776367,39.53438949584961,2839000
2008-03-12,56.5099983215332,56.59000015258789,54.45000076293945,54.470001220703125,38.26976013183594,2027200
2008-03-13,53.4900016784668,55.459999084472656,53.349998474121094,55.150001525878906,38.74751281738281,2393400
2008-03-14,55.150001525878906,55.369998931884766,52.900001525878906,53.65999984741211,37.70063781738281,4042100
2008-03-17,53.119998931884766,54.290000915527344,51.720001220703125,53.7599983215332,37.77091598510742,3278800
2008-03-18,55.2400016784668,56.790000915527344,54.59000015258789,56.790000915527344,39.89974594116211,3147000
2008-03-19,57.52000045776367,57.61000061035156,54.869998931884766,54.869998931884766,38.550777435302734,2412000
2008-03-20,55.400001525878906,58.27000045776367,55.0,58.13999938964844,40.84823226928711,3174600
2008-03-24,58.150001525878906,59.130001068115234,56.560001373291016,56.81999969482422,39.92081832885742,2394600
2008-03-25,56.720001220703125,56.720001220703125,55.7400016784668,56.09000015258789,39.407928466796875,2839000
2008-03-26,55.650001525878906,55.79999923706055,54.86000061035156,55.25,38.81776809692383,3212000
2008-03-27,55.75,55.75,55.029998779296875,55.029998779296875,38.85306167602539,3531500
2008-03-28,55.02000045776367,55.41999816894531,54.29999923706055,54.470001220703125,38.45768356323242,2241500
2008-03-31,54.59000015258789,55.45000076293945,54.16999816894531,55.060001373291016,38.874244689941406,1991000
2008-04-01,54.40999984741211,57.83000183105469,54.40999984741211,57.72999954223633,40.75935745239258,2310300
2008-04-02,57.970001220703125,58.290000915527344,57.13999938964844,57.310001373291016,40.462825775146484,2020200
2008-04-03,57.45000076293945,57.599998474121094,56.619998931884766,57.349998474121094,40.49105453491211,1737900
2008-04-04,57.349998474121094,57.630001068115234,56.70000076293945,57.02000045776367,40.25807189941406,1198800
2008-04-07,57.209999084472656,58.150001525878906,57.209999084472656,57.79999923706055,40.80875778198242,1624600
2008-04-08,57.5099983215332,57.61000061035156,56.68000030517578,56.88999938964844,40.166282653808594,1514800
2008-04-09,57.099998474121094,57.560001373291016,56.79999923706055,57.15999984741211,40.35689926147461,1922900
2008-04-10,57.470001220703125,57.72999954223633,56.43000030517578,56.779998779296875,40.088619232177734,1647400
2008-04-11,56.150001525878906,57.47999954223633,56.06999969482422,56.189998626708984,39.67207336425781,1500900
2008-04-14,56.099998474121094,56.95000076293945,55.810001373291016,56.56999969482422,39.94035720825195,2135200
2008-04-15,57.09000015258789,57.47999954223633,56.11000061035156,56.65999984741211,40.00387954711914,2962300
2008-04-16,56.95000076293945,58.20000076293945,56.939998626708984,57.91999816894531,40.89350128173828,2494000
2008-04-17,57.70000076293945,58.77000045776367,57.5,58.5099983215332,41.31006622314453,2248300
2008-04-18,60.0,60.02000045776367,58.79999923706055,59.18000030517578,41.78310775756836,2143800
2008-04-21,58.70000076293945,59.189998626708984,58.310001373291016,58.58000183105469,41.35948944091797,1411500
2008-04-22,58.29999923706055,58.790000915527344,58.20000076293945,58.5,41.30300521850586,1414300
2008-04-23,58.5,58.79999923706055,57.29999923706055,57.439998626708984,40.554603576660156,2511800
2008-04-24,57.97999954223633,59.36000061035156,57.31999969482422,59.029998779296875,41.67720031738281,1966000
2008-04-25,59.400001525878906,59.400001525878906,58.279998779296875,59.15999984741211,41.76898193359375,1344200
2008-04-28,58.939998626708984,59.31999969482422,58.7599983215332,58.88999938964844,41.57835388183594,2124200
2008-04-29,58.75,59.709999084472656,58.349998474121094,58.349998474121094,41.197078704833984,2230700
2008-04-30,58.75,61.619998931884766,58.75,60.290000915527344,42.56679916381836,3377400
2008-05-01,59.66999816894531,61.619998931884766,59.25,61.54999923706055,43.4564094543457,2466000
2008-05-02,62.02000045776367,62.2400016784668,60.630001068115234,61.5,43.42110061645508,1939800
2008-05-05,60.81999969482422,61.06999969482422,60.2599983215332,60.33000183105469,42.59503936767578,1499100
2008-05-06,59.959999084472656,61.56999969482422,59.650001525878906,61.41999816894531,43.364601135253906,1694700
2008-05-07,61.33000183105469,61.5,59.790000915527344,59.97999954223633,42.347923278808594,1981500
2008-05-08,61.279998779296875,61.279998779296875,60.0,60.33000183105469,42.59503936767578,1751900
2008-05-09,59.34000015258789,60.70000076293945,59.34000015258789,59.7400016784668,42.178489685058594,1226900
2008-05-12,60.119998931884766,60.720001220703125,59.599998474121094,60.720001220703125,42.87040710449219,1140300
2008-05-13,61.209999084472656,61.279998779296875,59.84000015258789,60.34000015258789,42.602108001708984,1666400
2008-05-14,60.84000015258789,61.68000030517578,60.34000015258789,61.119998931884766,43.152801513671875,1444600
2008-05-15,60.810001373291016,61.66999816894531,60.380001068115234,61.630001068115234,43.51288604736328,1440700
2008-05-16,62.040000915527344,62.040000915527344,60.66999816894531,61.279998779296875,43.26578140258789,2014600
2008-05-19,61.529998779296875,61.86000061035156,60.790000915527344,61.38999938964844,43.343448638916016,1009100
2008-05-20,61.04999923706055,61.209999084472656,60.400001525878906,60.43000030517578,42.6656494140625,1610700
2008-05-21,60.189998626708984,60.70000076293945,58.9900016784668,59.15999984741211,41.76898193359375,1729900
2008-05-22,59.04999923706055,59.720001220703125,58.939998626708984,59.630001068115234,42.100830078125,1754100
2008-05-23,59.54999923706055,59.650001525878906,58.66999816894531,58.66999816894531,41.42303466796875,1441600
2008-05-27,58.58000183105469,59.720001220703125,58.40999984741211,59.47999954223633,41.99491500854492,1797300
2008-05-28,59.54999923706055,59.77000045776367,58.33000183105469,58.88999938964844,41.57835388183594,1610900
2008-05-29,58.86000061035156,60.540000915527344,58.83000183105469,60.29999923706055,42.57386779785156,1780700
2008-05-30,60.25,60.779998779296875,59.709999084472656,60.06999969482422,42.411476135253906,1878700
2008-06-02,59.95000076293945,60.20000076293945,59.15999984741211,59.59000015258789,42.07257080078125,2025300
2008-06-03,59.7400016784668,60.65999984741211,59.59000015258789,60.290000915527344,42.56679916381836,2227800
2008-06-04,60.279998779296875,61.59000015258789,60.279998779296875,61.06999969482422,43.11750411987305,3115400
2008-06-05,61.470001220703125,62.709999084472656,61.369998931884766,62.66999816894531,44.247169494628906,3720300
2008-06-06,61.54999923706055,62.2400016784668,61.02000045776367,61.220001220703125,43.223411560058594,4238200
2008-06-09,61.279998779296875,62.130001068115234,60.4900016784668,60.88999938964844,42.990421295166016,2002400
2008-06-10,60.529998779296875,61.63999938964844,60.22999954223633,60.810001373291016,42.9339485168457,1913200
2008-06-11,60.52000045776367,60.58000183105469,58.9900016784668,59.029998779296875,41.67720031738281,2248400
2008-06-12,59.599998474121094,60.63999938964844,59.47999954223633,60.25,42.53854751586914,1904400
2008-06-13,60.529998779296875,60.90999984741211,59.369998931884766,60.72999954223633,42.877445220947266,1777300
2008-06-16,60.77000045776367,61.34000015258789,59.689998626708984,60.029998779296875,42.38322448730469,2559100
2008-06-17,60.65999984741211,60.65999984741211,58.97999954223633,58.97999954223633,41.64189529418945,1649700
2008-06-18,58.650001525878906,59.529998779296875,58.25,58.54999923706055,41.33829879760742,2294600
2008-06-19,58.349998474121094,58.70000076293945,57.5,58.470001220703125,41.28181838989258,1847800
2008-06-20,58.310001373291016,58.31999969482422,57.0099983215332,57.11000061035156,40.321617126464844,2983000
2008-06-23,57.310001373291016,57.5,56.279998779296875,56.459999084472656,39.86268615722656,1936200
2008-06-24,56.380001068115234,58.11000061035156,56.380001068115234,57.459999084472656,40.5687255859375,3151600
2008-06-25,57.650001525878906,58.31999969482422,57.220001220703125,57.439998626708984,40.554603576660156,2397100
2008-06-26,56.41999816894531,57.0,55.59000015258789,55.7400016784668,39.55404281616211,2102400
2008-06-27,55.810001373291016,56.43000030517578,55.099998474121094,55.2400016784668,39.19922637939453,2182400
2008-06-30,55.220001220703125,55.77000045776367,54.79999923706055,55.09000015258789,39.092796325683594,2192300
2008-07-01,54.75,55.599998474121094,54.2400016784668,55.18000030517578,39.15666580200195,2834500
2008-07-02,55.29999923706055,55.900001525878906,54.529998779296875,54.61000061035156,38.752174377441406,2256300
2008-07-03,55.0,55.2599983215332,54.310001373291016,54.83000183105469,38.908287048339844,1148100
2008-07-07,54.95000076293945,55.560001373291016,53.63999938964844,54.0,38.319313049316406,3988700
2008-07-08,55.34000015258789,56.150001525878906,53.959999084472656,55.63999938964844,39.48307800292969,4277500
2008-07-09,53.7400016784668,55.0,53.20000076293945,53.45000076293945,37.92903518676758,5750700
2008-07-10,53.68000030517578,54.27000045776367,52.5099983215332,52.86000061035156,37.510353088378906,4785700
2008-07-11,50.33000183105469,50.369998931884766,48.84000015258789,49.29999923706055,34.9841194152832,14045000
2008-07-14,49.97999954223633,50.33000183105469,49.040000915527344,49.220001220703125,34.92734146118164,7790900
2008-07-15,49.5099983215332,49.5099983215332,45.29999923706055,45.29999923706055,32.14563751220703,27842000
2008-07-16,45.900001525878906,47.459999084472656,44.93000030517578,47.029998779296875,33.37328338623047,20704200
2008-07-17,48.31999969482422,50.529998779296875,47.93000030517578,49.0,34.77121353149414,74437100
2008-07-18,49.650001525878906,49.9900016784668,48.29999923706055,49.029998779296875,34.792510986328125,9503100
2008-07-21,47.779998779296875,49.65999984741211,47.459999084472656,47.75,33.88419723510742,7248600
2008-07-22,47.54999923706055,48.119998931884766,46.22999954223633,48.09000015258789,34.12546157836914,10793100
2008-07-23,48.5,49.9900016784668,48.209999084472656,49.650001525878906,35.23248291015625,12777400
2008-07-24,48.959999084472656,49.810001373291016,48.279998779296875,48.439998626708984,34.37383270263672,8610800
2008-07-25,49.04999923706055,49.06999969482422,47.5,47.900001525878906,33.99065399169922,6825900
2008-07-28,48.16999816894531,48.65999984741211,47.47999954223633,47.650001525878906,33.813255310058594,4199900
2008-07-29,47.43000030517578,48.43000030517578,47.25,48.369998931884766,34.32416915893555,6887700
2008-07-30,50.40999984741211,50.65999984741211,48.93000030517578,50.29999923706055,35.693721771240234,9250600
2008-07-31,49.75,51.34000015258789,49.47999954223633,50.70000076293945,35.977577209472656,5470000
2008-08-01,51.040000915527344,51.630001068115234,50.2599983215332,51.380001068115234,36.460113525390625,4533700
2008-08-04,50.529998779296875,52.709999084472656,50.529998779296875,52.25,37.077476501464844,3880300
2008-08-05,52.439998626708984,53.77000045776367,52.439998626708984,53.630001068115234,38.056766510009766,4866500
2008-08-06,53.43000030517578,53.75,52.79999923706055,52.9900016784668,37.60259246826172,2770900
2008-08-07,52.70000076293945,53.16999816894531,52.0,52.34000015258789,37.141353607177734,4236600
2008-08-08,51.9900016784668,54.22999954223633,51.9900016784668,54.11000061035156,38.39735412597656,3074500
2008-08-11,54.29999923706055,55.31999969482422,53.63999938964844,54.439998626708984,38.631534576416016,3743000
2008-08-12,54.63999938964844,54.79999923706055,53.349998474121094,53.84000015258789,38.20576477050781,3475700
2008-08-13,53.349998474121094,53.70000076293945,52.70000076293945,53.06999969482422,37.659358978271484,2184300
2008-08-14,53.0,53.20000076293945,52.09000015258789,52.369998931884766,37.162635803222656,3541800
2008-08-15,52.2400016784668,54.369998931884766,51.90999984741211,52.130001068115234,36.99232864379883,2244100
2008-08-18,52.380001068115234,52.380001068115234,51.290000915527344,51.400001525878906,36.47431564331055,1519200
2008-08-19,50.83000183105469,51.41999816894531,49.40999984741211,49.720001220703125,35.28214645385742,3631100
2008-08-20,49.720001220703125,49.959999084472656,48.90999984741211,49.88999938964844,35.40278625488281,2124500
2008-08-21,49.22999954223633,51.060001373291016,49.22999954223633,50.779998779296875,36.03435134887695,3124800
2008-08-22,50.88999938964844,51.900001525878906,50.66999816894531,51.65999984741211,36.6588020324707,2421200
2008-08-25,51.31999969482422,51.61000061035156,50.77000045776367,50.90999984741211,36.126583099365234,1506200
2008-08-26,50.61000061035156,51.34000015258789,49.65999984741211,50.25,35.65824890136719,2287400
2008-08-27,49.959999084472656,51.349998474121094,49.959999084472656,51.349998474121094,36.43882369995117,1337600
2008-08-28,51.650001525878906,52.29999923706055,51.20000076293945,52.27000045776367,37.09168243408203,1754600
2008-08-29,51.72999954223633,52.88999938964844,51.529998779296875,52.61000061035156,37.33294677734375,2410300
2008-09-02,53.0,53.0099983215332,51.900001525878906,52.31999969482422,37.12715530395508,1841200
2008-09-03,52.470001220703125,52.66999816894531,51.560001373291016,52.349998474121094,37.1484260559082,2315100
2008-09-04,51.599998474121094,52.119998931884766,51.2599983215332,51.560001373291016,36.58784866333008,2975800
2008-09-05,51.45000076293945,52.310001373291016,51.09000015258789,52.29999923706055,37.11295700073242,3118400
2008-09-08,53.900001525878906,53.900001525878906,52.459999084472656,53.720001220703125,38.1206169128418,3989000
2008-09-09,52.810001373291016,53.86000061035156,51.790000915527344,51.880001068115234,36.81492614746094,2741500
2008-09-10,51.95000076293945,52.599998474121094,50.72999954223633,51.599998474121094,36.61622619628906,2244600
2008-09-11,51.38999938964844,51.939998626708984,50.20000076293945,51.72999954223633,36.70846939086914,2415900
2008-09-12,51.08000183105469,53.599998474121094,51.08000183105469,52.119998931884766,36.98523712158203,3410800
2008-09-15,52.2400016784668,55.099998474121094,51.04999923706055,52.77000045776367,37.44648361206055,4903700
2008-09-16,54.130001068115234,58.04999923706055,52.779998779296875,57.25,40.625579833984375,9184800
2008-09-17,59.0,62.43000030517578,55.5,55.560001373291016,39.42632293701172,8971300
2008-09-18,56.630001068115234,60.9900016784668,56.540000915527344,59.099998474121094,41.9383430480957,9103000
2008-09-19,60.70000076293945,68.0,59.65999984741211,66.0,46.83470916748047,6028900
2008-09-22,64.55000305175781,65.0,57.33000183105469,59.790000915527344,42.42798614501953,2627900
2008-09-23,60.0,60.349998474121094,56.02000045776367,56.5,40.093353271484375,3349600
2008-09-24,58.06999969482422,58.06999969482422,55.130001068115234,56.060001373291016,39.78110122680664,2025700
2008-09-25,57.41999816894531,60.099998474121094,54.18000030517578,60.0,42.5770149230957,3517600
2008-09-26,58.869998931884766,60.0,56.529998779296875,57.29999923706055,40.661041259765625,2936200
2008-09-29,56.900001525878906,57.5,53.0,53.0,37.60969161987305,2978600
2008-09-30,54.220001220703125,56.0,52.880001068115234,54.130001068115234,38.41157531738281,2571400
2008-10-01,54.400001525878906,55.849998474121094,52.869998931884766,53.970001220703125,38.298030853271484,2003000
2008-10-02,53.900001525878906,54.470001220703125,53.15999984741211,54.0,38.319313049316406,2584800
2008-10-03,54.61000061035156,56.0,52.630001068115234,52.75,37.43227767944336,3159600
2008-10-06,51.25,53.47999954223633,49.880001068115234,52.400001525878906,37.18392562866211,3710700
2008-10-07,53.34000015258789,54.75,50.5,50.5,35.83564758300781,3714000
2008-10-08,47.880001068115234,51.5,45.5,45.5,32.287559509277344,6780900
2008-10-09,47.83000183105469,48.43000030517578,38.25,38.25,27.298839569091797,8530900
2008-10-10,36.9900016784668,42.0099983215332,34.900001525878906,40.75,29.083070755004883,8209500
2008-10-13,44.529998779296875,46.79999923706055,42.0,45.84000015258789,32.715789794921875,3454400
2008-10-14,45.61000061035156,49.25,45.61000061035156,49.25,35.14948272705078,5313300
2008-10-15,46.470001220703125,47.369998931884766,44.220001220703125,44.43000030517578,31.7094669342041,2928500
2008-10-16,44.4900016784668,44.88999938964844,40.099998474121094,44.58000183105469,31.81653594970703,4314500
2008-10-17,46.58000183105469,48.79999923706055,42.45000076293945,46.58000183105469,33.24392318725586,4037500
2008-10-20,46.91999816894531,49.86000061035156,46.4900016784668,49.380001068115234,35.24226379394531,2292000
2008-10-21,48.79999923706055,49.91999816894531,47.34000015258789,47.7599983215332,34.08607482910156,2748900
2008-10-22,47.939998626708984,47.939998626708984,44.40999984741211,45.29999923706055,32.330379486083984,3998900
2008-10-23,45.5,47.880001068115234,44.36000061035156,47.529998779296875,33.921932220458984,4058900
2008-10-24,44.2400016784668,48.83000183105469,41.880001068115234,48.5099983215332,34.621341705322266,3758800
2008-10-27,48.790000915527344,50.45000076293945,44.22999954223633,44.349998474121094,31.65237045288086,4659100
2008-10-28,46.470001220703125,49.47999954223633,43.33000183105469,49.369998931884766,35.23512268066406,4370100
2008-10-29,50.9900016784668,58.040000915527344,47.0,56.540000915527344,40.352325439453125,11574600
2008-10-30,58.380001068115234,59.36000061035156,53.2400016784668,55.75,39.78850555419922,9137200
2008-10-31,55.5,58.2599983215332,55.18000030517578,57.36000061035156,40.937557220458984,4620700
2008-11-03,58.56999969482422,58.810001373291016,54.20000076293945,55.22999954223633,39.41737365722656,3753200
2008-11-04,55.16999816894531,56.59000015258789,53.25,55.34000015258789,39.49589157104492,3654000
2008-11-05,54.779998779296875,56.310001373291016,52.16999816894531,52.369998931884766,37.376216888427734,3600400
2008-11-06,52.45000076293945,54.70000076293945,50.56999969482422,51.22999954223633,36.56260299682617,2530300
2008-11-07,51.0,53.9900016784668,50.529998779296875,53.400001525878906,38.11132049560547,3720600
2008-11-10,53.54999923706055,53.720001220703125,51.150001525878906,51.720001220703125,36.91232681274414,2243400
2008-11-11,50.70000076293945,52.72999954223633,49.5,51.54999923706055,36.79098129272461,2330500
2008-11-12,50.66999816894531,51.0,49.439998626708984,49.630001068115234,35.42068099975586,3975500
2008-11-13,49.790000915527344,54.52000045776367,48.29999923706055,54.150001525878906,38.64658737182617,4104000
2008-11-14,52.75,54.7400016784668,52.380001068115234,52.70000076293945,37.61172866821289,3316300
2008-11-17,52.11000061035156,52.849998474121094,50.310001373291016,51.209999084472656,36.54833221435547,2950200
2008-11-18,51.93000030517578,51.93000030517578,48.27000045776367,50.40999984741211,35.977359771728516,4193000
2008-11-19,47.93000030517578,47.95000076293945,40.09000015258789,40.45000076293945,28.868968963623047,16743400
2008-11-20,40.290000915527344,44.09000015258789,37.5,37.970001220703125,27.099010467529297,7577000
2008-11-21,40.08000183105469,46.20000076293945,38.95000076293945,45.849998474121094,32.72291564941406,6370600
2008-11-24,45.95000076293945,47.220001220703125,43.66999816894531,46.599998474121094,33.2581901550293,3792000
2008-11-25,47.5,48.81999969482422,45.349998474121094,48.5,34.61420440673828,3362200
2008-11-26,46.75,50.369998931884766,46.709999084472656,49.63999938964844,35.42782974243164,3279400
2008-11-28,48.7599983215332,52.38999938964844,48.630001068115234,52.25,37.29056167602539,1612500
2008-12-01,50.400001525878906,50.599998474121094,44.0,44.25,31.581012725830078,4537800
2008-12-02,44.9900016784668,46.79999923706055,44.150001525878906,45.439998626708984,32.43031311035156,3623600
2008-12-03,43.709999084472656,47.2400016784668,42.59000015258789,46.939998626708984,33.5008544921875,4241500
2008-12-04,46.0,48.970001220703125,45.540000915527344,47.349998474121094,33.79345703125,4089300
2008-12-05,46.63999938964844,52.15999984741211,45.88999938964844,51.83000183105469,36.990821838378906,3920400
2008-12-08,52.04999923706055,52.5,48.15999984741211,49.20000076293945,35.11381149291992,4022900
2008-12-09,49.349998474121094,49.79999923706055,47.29999923706055,47.7599983215332,34.08607482910156,2955800
2008-12-10,47.7599983215332,49.900001525878906,46.720001220703125,47.959999084472656,34.22882843017578,2769500
2008-12-11,47.119998931884766,49.25,47.099998474121094,47.34000015258789,33.78633117675781,2643900
2008-12-12,45.56999969482422,48.099998474121094,45.5,47.11000061035156,33.62217330932617,2433500
2008-12-15,47.04999923706055,48.58000183105469,45.900001525878906,48.15999984741211,34.37156295776367,2229700
2008-12-16,48.310001373291016,51.4900016784668,47.95000076293945,51.459999084472656,36.726741790771484,2471900
2008-12-17,51.099998474121094,51.880001068115234,50.0,51.0,36.39845657348633,2257900
2008-12-18,53.0,53.2599983215332,51.18000030517578,51.7599983215332,36.94086456298828,2941900
2008-12-19,52.22999954223633,52.9900016784668,51.08000183105469,52.060001373291016,37.15495681762695,2062900
2008-12-22,52.75,52.75,51.349998474121094,52.040000915527344,37.14070510864258,2105300
2008-12-23,52.54999923706055,53.40999984741211,51.5,51.65999984741211,36.86948776245117,1589900
2008-12-24,52.06999969482422,52.099998474121094,50.75,51.54999923706055,36.79098129272461,412900
2008-12-26,51.75,52.20000076293945,51.290000915527344,51.91999816894531,37.055030822753906,625600
2008-12-29,51.720001220703125,52.52000045776367,51.540000915527344,52.27000045776367,37.30484390258789,1260700
2008-12-30,52.720001220703125,52.75,51.5,52.290000915527344,37.319114685058594,1867000
2008-12-31,52.38999938964844,53.150001525878906,51.66999816894531,52.91999816894531,37.768741607666016,888400
2009-01-02,53.20000076293945,53.20000076293945,51.81999969482422,53.029998779296875,37.847259521484375,873700
2009-01-05,52.88999938964844,53.380001068115234,52.02000045776367,52.65999984741211,37.58317947387695,1502600
2009-01-06,51.130001068115234,52.90999984741211,50.900001525878906,51.349998474121094,36.837120056152344,3018600
2009-01-07,50.689998626708984,51.18000030517578,49.150001525878906,49.25,35.33062744140625,1898200
2009-01-08,49.41999816894531,50.06999969482422,49.0,49.5,35.509971618652344,1759800
2009-01-09,48.279998779296875,50.970001220703125,48.279998779296875,49.75,35.6893196105957,2338600
2009-01-12,49.5,49.97999954223633,46.810001373291016,47.20000076293945,33.86002731323242,2409000
2009-01-13,46.650001525878906,49.369998931884766,46.220001220703125,49.13999938964844,35.251712799072266,2463900
2009-01-14,48.380001068115234,48.7400016784668,47.59000015258789,47.66999816894531,34.19718551635742,2948200
2009-01-15,47.47999954223633,49.150001525878906,46.2599983215332,48.689998626708984,34.92890930175781,3336900
2009-01-16,50.209999084472656,50.75,48.36000061035156,49.77000045776367,35.703670501708984,3275200
2009-01-20,48.790000915527344,50.13999938964844,46.040000915527344,46.27000045776367,33.1928596496582,3325800
2009-01-21,47.02000045776367,48.130001068115234,46.0,47.75,34.25457000732422,3680000
2009-01-22,46.150001525878906,47.0,44.63999938964844,44.95000076293945,32.24592208862305,4100400
2009-01-23,44.5,45.13999938964844,43.2599983215332,44.130001068115234,31.657686233520508,3808400
2009-01-26,43.380001068115234,45.41999816894531,43.380001068115234,44.900001525878906,32.21006393432617,2471800
2009-01-27,45.349998474121094,45.4900016784668,43.400001525878906,45.380001068115234,32.55440902709961,2361800
2009-01-28,47.2400016784668,49.099998474121094,46.58000183105469,48.81999969482422,35.02216720581055,3606400
2009-01-29,47.41999816894531,47.41999816894531,44.959999084472656,45.119998931884766,32.36788558959961,2434900
2009-01-30,45.09000015258789,45.150001525878906,42.95000076293945,43.65999984741211,31.320512771606445,3733700
2009-02-02,42.79999923706055,43.95000076293945,42.5,43.150001525878906,30.954652786254883,2386100
2009-02-03,43.279998779296875,44.27000045776367,42.369998931884766,42.77000045776367,30.68204689025879,3235700
2009-02-04,43.209999084472656,45.13999938964844,42.91999816894531,43.63999938964844,31.306177139282227,5026200
2009-02-05,44.040000915527344,44.61000061035156,43.029998779296875,44.400001525878906,31.851388931274414,2781700
2009-02-06,44.88999938964844,45.380001068115234,43.5,44.470001220703125,31.901586532592773,3835400
2009-02-09,44.2599983215332,45.470001220703125,44.060001373291016,45.279998779296875,32.48267364501953,1907700
2009-02-10,44.439998626708984,44.7400016784668,41.599998474121094,42.06999969482422,30.179901123046875,2621000
2009-02-11,42.75,43.84000015258789,42.279998779296875,43.810001373291016,31.428144454956055,2145100
2009-02-12,42.52000045776367,44.880001068115234,42.52000045776367,44.77000045776367,32.11680603027344,2312100
2009-02-13,44.209999084472656,44.560001373291016,42.310001373291016,42.33000183105469,30.36641502380371,2886300
2009-02-17,41.0,41.72999954223633,40.36000061035156,40.65999984741211,29.16839599609375,3401900
2009-02-18,41.099998474121094,41.81999969482422,39.27000045776367,40.20000076293945,28.838401794433594,3062300
2009-02-19,40.91999816894531,41.189998626708984,40.099998474121094,40.75,29.232967376708984,4782200
2009-02-20,40.0,40.400001525878906,38.2599983215332,39.380001068115234,28.25016212463379,4160200
2009-02-23,39.63999938964844,39.90999984741211,36.2400016784668,36.36000061035156,26.08368682861328,3560700
2009-02-24,37.13999938964844,38.849998474121094,36.849998474121094,38.810001373291016,27.84125518798828,4031900
2009-02-25,38.33000183105469,39.7400016784668,37.459999084472656,38.529998779296875,27.640398025512695,3016700
2009-02-26,38.7599983215332,39.869998931884766,38.09000015258789,38.5099983215332,27.62603187561035,3534000
2009-02-27,37.349998474121094,37.77000045776367,36.0,36.5099983215332,26.191293716430664,3457900
2009-03-02,35.400001525878906,38.29999923706055,35.060001373291016,35.84000015258789,25.710662841796875,4576000
2009-03-03,35.9900016784668,36.22999954223633,33.40999984741211,33.95000076293945,24.354827880859375,4214500
2009-03-04,34.25,35.7599983215332,33.189998626708984,34.970001220703125,25.086536407470703,4241400
2009-03-05,33.959999084472656,34.5099983215332,31.31999969482422,31.8700008392334,22.862695693969727,4936800
2009-03-06,32.06999969482422,32.650001525878906,30.920000076293945,32.5,23.31463623046875,3923100
2009-03-09,31.65999984741211,33.16999816894531,31.290000915527344,31.84000015258789,22.841171264648438,4272400
2009-03-10,31.850000381469727,34.400001525878906,31.850000381469727,34.15999984741211,24.505477905273438,5065400
2009-03-11,34.79999923706055,35.880001068115234,32.88999938964844,33.720001220703125,24.189823150634766,4507400
2009-03-12,33.5,35.40999984741211,32.79999923706055,35.20000076293945,25.251537322998047,4625900
2009-03-13,35.7400016784668,36.779998779296875,34.95000076293945,36.61000061035156,26.263032913208008,3909300
2009-03-16,37.41999816894531,38.380001068115234,36.27000045776367,36.470001220703125,26.162595748901367,3853700
2009-03-17,36.22999954223633,38.72999954223633,35.83000183105469,38.70000076293945,27.762346267700195,2881300
2009-03-18,37.9900016784668,40.150001525878906,37.18000030517578,39.88999938964844,28.61602210998535,6889400
2009-03-19,40.70000076293945,40.75,37.529998779296875,37.599998474121094,26.97322654724121,4725400
2009-03-20,37.68000030517578,39.38999938964844,37.34000015258789,38.68000030517578,27.747997283935547,3434300
2009-03-23,40.09000015258789,40.47999954223633,38.58000183105469,40.400001525878906,28.981876373291016,3266600
2009-03-24,39.310001373291016,40.56999969482422,38.25,38.25,27.43953514099121,2861500
2009-03-25,38.709999084472656,39.65999984741211,37.02000045776367,38.43000030517578,27.568655014038086,3458900
2009-03-26,39.20000076293945,40.220001220703125,38.06999969482422,40.0099983215332,28.702098846435547,4499200
2009-03-27,38.650001525878906,40.7400016784668,38.619998931884766,40.150001525878906,28.983646392822266,3417200
2009-03-30,38.52000045776367,38.95000076293945,37.349998474121094,37.5,27.070650100708008,3150200
2009-03-31,37.65999984741211,40.52000045776367,37.65999984741211,40.400001525878906,29.16411018371582,3960200
2009-04-01,40.13999938964844,40.95000076293945,38.97999954223633,40.81999969482422,29.467294692993164,2865200
2009-04-02,41.459999084472656,42.5099983215332,41.34000015258789,42.06999969482422,30.369665145874023,3692000
2009-04-03,42.150001525878906,43.869998931884766,41.869998931884766,43.869998931884766,31.669052124023438,3650100
2009-04-06,42.59000015258789,43.86000061035156,42.4900016784668,43.65999984741211,31.51744842529297,2455000
2009-04-07,42.849998474121094,43.95000076293945,42.619998931884766,42.900001525878906,30.96881866455078,2076600
2009-04-08,43.400001525878906,44.88999938964844,43.06999969482422,43.93000030517578,31.712360382080078,4249400
2009-04-09,45.45000076293945,45.84000015258789,43.68000030517578,45.529998779296875,32.86737060546875,4675700
2009-04-13,45.13999938964844,47.650001525878906,44.599998474121094,47.5099983215332,34.296695709228516,3942500
2009-04-14,47.11000061035156,47.119998931884766,44.540000915527344,44.83000183105469,32.362056732177734,4202900
2009-04-15,44.25,45.9900016784668,44.119998931884766,45.75,33.02618408203125,2717200
2009-04-16,45.849998474121094,46.9900016784668,44.2400016784668,46.40999984741211,33.502628326416016,2835000
2009-04-17,46.11000061035156,46.54999923706055,45.099998474121094,45.959999084472656,33.17778396606445,2655700
2009-04-20,44.88999938964844,45.349998474121094,43.52000045776367,43.630001068115234,31.49579620361328,3018500
2009-04-21,43.529998779296875,46.459999084472656,43.310001373291016,46.31999969482422,33.43766784667969,2951100
2009-04-22,45.400001525878906,45.79999923706055,43.189998626708984,43.439998626708984,31.3586368560791,3262600
2009-04-23,43.54999923706055,44.459999084472656,43.38999938964844,43.9900016784668,31.755666732788086,3939500
2009-04-24,44.400001525878906,44.77000045776367,43.029998779296875,44.0,31.76289176940918,3392200
2009-04-27,43.41999816894531,45.4900016784668,43.41999816894531,44.939998626708984,32.44145965576172,2831700
2009-04-28,44.189998626708984,46.31999969482422,44.040000915527344,45.150001525878906,32.59306716918945,2378600
2009-04-29,46.2599983215332,47.95000076293945,45.15999984741211,47.20000076293945,34.07292556762695,5379200
2009-04-30,48.15999984741211,48.599998474121094,46.13999938964844,46.31999969482422,33.43766784667969,4615700
2009-05-01,46.310001373291016,46.810001373291016,45.5,45.84000015258789,33.091163635253906,2072000
2009-05-04,46.27000045776367,47.15999984741211,45.380001068115234,47.08000183105469,33.98629379272461,2959900
2009-05-05,46.650001525878906,46.79999923706055,44.97999954223633,45.16999816894531,32.60749435424805,2673200
2009-05-06,45.220001220703125,46.029998779296875,43.77000045776367,45.0099983215332,32.492000579833984,4992100
2009-05-07,45.56999969482422,45.650001525878906,43.27000045776367,43.72999954223633,31.567974090576172,4211300
2009-05-08,43.7400016784668,44.66999816894531,41.70000076293945,43.52000045776367,31.416391372680664,5991200
2009-05-11,42.560001373291016,43.939998626708984,42.04999923706055,42.380001068115234,30.59345245361328,3704000
2009-05-12,41.97999954223633,43.58000183105469,41.970001220703125,42.86000061035156,30.93994903564453,2374200
2009-05-13,42.349998474121094,43.5,41.959999084472656,42.209999084472656,30.4707088470459,2774300
2009-05-14,41.90999984741211,44.38999938964844,41.7599983215332,43.959999084472656,31.73401641845703,2833500
2009-05-15,43.630001068115234,44.06999969482422,42.66999816894531,43.119998931884766,31.127626419067383,2180800
2009-05-18,43.599998474121094,45.630001068115234,42.939998626708984,45.400001525878906,32.773536682128906,2496000
2009-05-19,44.630001068115234,44.939998626708984,43.599998474121094,43.650001525878906,31.510234832763672,3004200
2009-05-20,44.560001373291016,44.630001068115234,42.29999923706055,42.65999984741211,30.795581817626953,3423800
2009-05-21,42.040000915527344,43.95000076293945,41.72999954223633,43.790000915527344,31.61129379272461,2744500
2009-05-22,43.709999084472656,44.52000045776367,43.279998779296875,43.939998626708984,31.719573974609375,1477000
2009-05-26,43.63999938964844,44.97999954223633,43.0099983215332,44.959999084472656,32.45589828491211,2223700
2009-05-27,45.0,45.459999084472656,43.150001525878906,43.25,31.221477508544922,2338200
2009-05-28,44.11000061035156,44.11000061035156,43.119998931884766,43.95000076293945,31.726795196533203,1830200
2009-05-29,44.5,44.5,43.38999938964844,43.9900016784668,31.755666732788086,2565200
2009-06-01,44.4900016784668,44.810001373291016,43.86000061035156,44.470001220703125,32.102176666259766,1653700
2009-06-02,44.060001373291016,45.790000915527344,43.849998474121094,45.5,32.845726013183594,2849000
2009-06-03,45.0,45.630001068115234,44.689998626708984,45.540000915527344,32.87458419799805,2655400
2009-06-04,45.689998626708984,46.18000030517578,45.16999816894531,46.06999969482422,33.2571907043457,2724000
2009-06-05,46.630001068115234,46.630001068115234,45.70000076293945,46.0099983215332,33.213871002197266,2194300
2009-06-08,45.54999923706055,46.540000915527344,44.47999954223633,46.15999984741211,33.32215118408203,1037000
2009-06-09,46.5,46.58000183105469,45.66999816894531,45.849998474121094,33.09836959838867,1637600
2009-06-10,46.18000030517578,46.290000915527344,45.279998779296875,45.560001373291016,32.8890380859375,1636900
2009-06-11,45.66999816894531,46.0,45.47999954223633,45.54999923706055,32.88180923461914,1282200
2009-06-12,45.5099983215332,45.59000015258789,44.7599983215332,44.97999954223633,32.47034454345703,971700
2009-06-15,44.540000915527344,44.75,43.65999984741211,43.75,31.582414627075195,1358300
2009-06-16,44.29999923706055,44.439998626708984,43.34000015258789,43.36000061035156,31.30088996887207,1401100
2009-06-17,43.36000061035156,43.720001220703125,42.88999938964844,42.97999954223633,31.02657699584961,1583500
2009-06-18,42.720001220703125,43.4900016784668,42.4900016784668,42.63999938964844,30.781137466430664,2887700
2009-06-19,42.95000076293945,43.20000076293945,42.5099983215332,42.900001525878906,30.96881866455078,2301700
2009-06-22,42.540000915527344,43.220001220703125,42.5,42.5099983215332,30.687278747558594,2053500
2009-06-23,42.540000915527344,43.060001373291016,42.52000045776367,43.0,31.04100799560547,2357700
2009-06-24,43.18000030517578,44.029998779296875,43.02000045776367,43.91999816894531,31.705135345458984,2452700
2009-06-25,43.560001373291016,44.630001068115234,43.06999969482422,44.56999969482422,32.174354553222656,1904300
2009-06-26,44.5,44.630001068115234,43.5,43.959999084472656,31.73401641845703,1947500
2009-06-29,44.119998931884766,44.33000183105469,43.5,43.95000076293945,31.726795196533203,1714000
2009-06-30,43.709999084472656,44.400001525878906,43.54999923706055,44.22999954223633,31.928922653198242,1461800
2009-07-01,44.31999969482422,45.470001220703125,44.11000061035156,44.88999938964844,32.405372619628906,1298000
2009-07-02,44.75,45.09000015258789,42.900001525878906,42.9900016784668,31.033794403076172,2328900
2009-07-06,42.81999969482422,44.09000015258789,42.709999084472656,44.09000015258789,31.8278751373291,2598800
2009-07-07,43.900001525878906,44.09000015258789,42.52000045776367,42.63999938964844,30.781137466430664,2458700
2009-07-08,42.630001068115234,42.88999938964844,41.290000915527344,41.7599983215332,30.145870208740234,2323800
2009-07-09,41.91999816894531,42.41999816894531,41.689998626708984,41.939998626708984,30.275808334350586,1652200
2009-07-10,41.38999938964844,42.0,40.0,41.79999923706055,30.174745559692383,1714000
2009-07-13,42.33000183105469,43.650001525878906,41.869998931884766,43.630001068115234,31.49579620361328,2000200
2009-07-14,43.349998474121094,43.63999938964844,42.959999084472656,43.459999084472656,31.373077392578125,1699000
2009-07-15,43.939998626708984,44.7400016784668,43.310001373291016,44.56999969482422,32.174354553222656,1748900
2009-07-16,44.400001525878906,45.790000915527344,44.33000183105469,45.380001068115234,32.759090423583984,1959100
2009-07-17,45.130001068115234,45.349998474121094,44.18000030517578,44.439998626708984,32.08052062988281,2100000
2009-07-20,44.400001525878906,44.529998779296875,43.68000030517578,43.93000030517578,31.712360382080078,2043700
2009-07-21,43.900001525878906,45.36000061035156,43.779998779296875,45.150001525878906,32.59306716918945,1981000
2009-07-22,44.9900016784668,46.41999816894531,44.5099983215332,46.380001068115234,33.48096466064453,1803700
2009-07-23,46.130001068115234,47.599998474121094,45.95000076293945,47.369998931884766,34.19563293457031,1877700
2009-07-24,47.0,48.849998474121094,46.709999084472656,48.400001525878906,35.16934585571289,2007000
2009-07-27,48.58000183105469,48.83000183105469,47.869998931884766,48.02000045776367,34.893211364746094,1486300
2009-07-28,47.5,49.18000030517578,47.150001525878906,48.810001373291016,35.467262268066406,2933100
2009-07-29,48.75,49.36000061035156,47.65999984741211,47.970001220703125,34.85687255859375,1521000
2009-07-30,48.349998474121094,48.40999984741211,47.09000015258789,47.380001068115234,34.42817306518555,1641600
2009-07-31,47.099998474121094,49.20000076293945,47.099998474121094,49.060001373291016,35.64892578125,1488500
2009-08-03,49.400001525878906,50.119998931884766,49.119998931884766,50.04999923706055,36.36829376220703,1379000
2009-08-04,49.630001068115234,50.849998474121094,49.5099983215332,50.4900016784668,36.68802261352539,1819000
2009-08-05,50.61000061035156,50.61000061035156,49.25,50.0099983215332,36.33922576904297,1325600
2009-08-06,50.15999984741211,50.97999954223633,49.75,50.2599983215332,36.52088165283203,1891100
2009-08-07,50.9900016784668,51.56999969482422,50.41999816894531,50.540000915527344,36.72435760498047,2515000
2009-08-10,50.5099983215332,50.779998779296875,49.290000915527344,49.61000061035156,36.04857635498047,926400
2009-08-11,49.15999984741211,49.779998779296875,49.08000183105469,49.220001220703125,35.76519012451172,1038500
2009-08-12,49.380001068115234,50.66999816894531,49.209999084472656,50.20000076293945,36.47727966308594,1371300
2009-08-13,50.47999954223633,50.7400016784668,49.54999923706055,50.060001373291016,36.37554931640625,1388100
2009-08-14,50.27000045776367,50.27000045776367,48.90999984741211,49.290000915527344,35.8160400390625,1063400
2009-08-17,48.34000015258789,48.75,47.86000061035156,47.90999984741211,34.813270568847656,2538000
2009-08-18,47.91999816894531,48.88999938964844,47.470001220703125,48.75,35.423667907714844,2241700
2009-08-19,48.130001068115234,50.0,47.86000061035156,49.90999984741211,36.26655960083008,1259600
2009-08-20,49.880001068115234,51.13999938964844,49.849998474121094,50.779998779296875,36.89873504638672,1886400
2009-08-21,50.9900016784668,51.2599983215332,50.400001525878906,50.52000045776367,36.70982360839844,1416300
2009-08-24,50.58000183105469,50.91999816894531,49.79999923706055,49.90999984741211,36.26655960083008,1446000
2009-08-25,50.310001373291016,51.36000061035156,50.2400016784668,50.810001373291016,36.92053985595703,1163700
2009-08-26,50.599998474121094,51.29999923706055,50.0,51.0099983215332,37.065879821777344,1027700
2009-08-27,51.0,52.5,50.75,52.36000061035156,38.04682922363281,1703400
2009-08-28,52.45000076293945,53.290000915527344,51.869998931884766,52.380001068115234,38.061363220214844,1750600
2009-08-31,51.810001373291016,52.43000030517578,51.75,52.18000030517578,37.91604232788086,985500
2009-09-01,51.91999816894531,52.27000045776367,50.599998474121094,50.689998626708984,36.83334732055664,1507600
2009-09-02,49.9900016784668,51.029998779296875,49.9900016784668,50.40999984741211,36.62989044189453,1343000
2009-09-03,50.93000030517578,52.400001525878906,50.459999084472656,52.33000183105469,38.025028228759766,1596000
2009-09-04,52.09000015258789,52.09000015258789,51.119998931884766,51.560001373291016,37.465518951416016,1507200
2009-09-08,51.7599983215332,51.88999938964844,50.84000015258789,51.470001220703125,37.400115966796875,1127100
2009-09-09,51.689998626708984,51.84000015258789,50.939998626708984,51.45000076293945,37.385589599609375,1288700
2009-09-10,51.5,51.810001373291016,50.90999984741211,51.59000015258789,37.4873161315918,1434300
2009-09-11,51.349998474121094,51.779998779296875,50.93000030517578,51.2400016784668,37.23299026489258,1188500
2009-09-14,50.86000061035156,51.40999984741211,50.4900016784668,51.369998931884766,37.327457427978516,1332000
2009-09-15,51.189998626708984,51.41999816894531,50.33000183105469,50.61000061035156,36.77520751953125,1457800
2009-09-16,50.83000183105469,52.040000915527344,50.470001220703125,51.880001068115234,37.69804382324219,2308300
2009-09-17,51.959999084472656,52.220001220703125,50.810001373291016,50.849998474121094,36.94960021972656,1513400
2009-09-18,51.0099983215332,51.060001373291016,49.95000076293945,50.029998779296875,36.3537483215332,1768200
2009-09-21,49.54999923706055,50.380001068115234,49.4900016784668,50.25,36.51361083984375,2555600
2009-09-22,50.58000183105469,50.59000015258789,49.099998474121094,49.459999084472656,35.939571380615234,3159200
2009-09-23,49.619998931884766,51.02000045776367,49.560001373291016,49.84000015258789,36.215694427490234,1867700
2009-09-24,50.20000076293945,50.47999954223633,49.63999938964844,49.880001068115234,36.244754791259766,2097200
2009-09-25,49.900001525878906,51.650001525878906,49.66999816894531,51.459999084472656,37.392845153808594,2766700
2009-09-28,51.7599983215332,53.380001068115234,51.540000915527344,52.970001220703125,38.490081787109375,1444400
2009-09-29,52.810001373291016,53.66999816894531,52.540000915527344,53.40999984741211,39.03826904296875,1330500
2009-09-30,53.349998474121094,53.66999816894531,52.709999084472656,53.459999084472656,39.074798583984375,1434600
2009-10-01,53.36000061035156,54.47999954223633,53.36000061035156,53.75,39.28678512573242,3016000
2009-10-02,53.2400016784668,54.0,52.91999816894531,53.7599983215332,39.294090270996094,1822100
2009-10-05,53.84000015258789,54.029998779296875,53.25,53.81999969482422,39.33793258666992,1701500
2009-10-06,54.040000915527344,54.7599983215332,53.83000183105469,54.65999984741211,39.951904296875,1231400
2009-10-07,54.40999984741211,55.029998779296875,54.2400016784668,55.0099983215332,40.20773696899414,1135500
2009-10-08,55.540000915527344,55.63999938964844,54.77000045776367,54.79999923706055,40.05424880981445,1517300
2009-10-09,54.72999954223633,54.83000183105469,54.02000045776367,54.5099983215332,39.842281341552734,1386600
2009-10-12,54.599998474121094,54.93000030517578,54.130001068115234,54.220001220703125,39.63031005859375,907000
2009-10-13,53.97999954223633,54.04999923706055,53.40999984741211,53.720001220703125,39.26485061645508,1342200
2009-10-14,54.2599983215332,54.79999923706055,53.849998474121094,54.72999954223633,40.00308609008789,983300
2009-10-15,54.470001220703125,54.72999954223633,53.939998626708984,54.66999816894531,39.95922088623047,1013000
2009-10-16,54.2400016784668,55.189998626708984,53.66999816894531,54.849998474121094,40.09076690673828,1567200
2009-10-19,55.0,55.470001220703125,54.779998779296875,55.13999938964844,40.30274200439453,1004900
2009-10-20,54.93000030517578,55.2599983215332,54.75,54.790000915527344,40.04693603515625,1403000
2009-10-21,54.88999938964844,55.060001373291016,53.68000030517578,53.86000061035156,39.3671760559082,1814600
2009-10-22,54.02000045776367,55.400001525878906,54.02000045776367,54.779998779296875,40.039608001708984,3392200
2009-10-23,54.75,54.84000015258789,54.029998779296875,54.380001068115234,39.74725341796875,1698600
2009-10-26,54.54999923706055,54.84000015258789,53.369998931884766,53.43000030517578,39.052879333496094,1462900
2009-10-27,53.459999084472656,54.0099983215332,53.029998779296875,53.27000045776367,38.935935974121094,1660600
2009-10-28,54.70000076293945,54.70000076293945,51.70000076293945,51.90999984741211,37.941898345947266,3332900
2009-10-29,52.130001068115234,53.0099983215332,52.130001068115234,52.84000015258789,38.62165069580078,1749000
2009-10-30,52.599998474121094,52.599998474121094,50.91999816894531,51.36000061035156,37.53987503051758,3003600
2009-11-02,51.459999084472656,52.040000915527344,50.93000030517578,51.439998626708984,37.59835433959961,1280300
2009-11-03,50.970001220703125,51.41999816894531,50.75,51.279998779296875,37.48139953613281,1321500
2009-11-04,51.560001373291016,52.189998626708984,51.5099983215332,51.540000915527344,37.671451568603516,1245900
2009-11-05,51.4900016784668,51.54999923706055,50.720001220703125,51.0099983215332,37.28407287597656,2112400
2009-11-06,50.689998626708984,51.65999984741211,50.68000030517578,51.279998779296875,37.48139953613281,1325300
2009-11-09,51.400001525878906,52.90999984741211,51.400001525878906,52.869998931884766,38.64358139038086,1305400
2009-11-10,52.779998779296875,53.0,52.22999954223633,52.31999969482422,38.241554260253906,1150500
2009-11-11,52.439998626708984,52.68000030517578,52.0,52.2599983215332,38.197723388671875,1733100
2009-11-12,51.9900016784668,52.209999084472656,51.470001220703125,51.58000183105469,37.70067596435547,1528500
2009-11-13,51.7400016784668,52.11000061035156,51.40999984741211,51.5,37.642215728759766,1450300
2009-11-16,51.709999084472656,51.9900016784668,50.720001220703125,51.150001525878906,37.38641357421875,2770200
2009-11-17,50.79999923706055,51.5,50.59000015258789,51.400001525878906,37.569122314453125,1762700
2009-11-18,51.220001220703125,51.650001525878906,50.880001068115234,50.970001220703125,37.25483703613281,1932800
2009-11-19,50.599998474121094,51.04999923706055,49.97999954223633,50.279998779296875,36.75049591064453,2906400
2009-11-20,49.970001220703125,50.11000061035156,49.560001373291016,49.72999954223633,36.34849548339844,2997900
2009-11-23,50.2400016784668,50.459999084472656,49.220001220703125,49.7599983215332,36.37041473388672,2863100
2009-11-24,49.70000076293945,50.02000045776367,49.540000915527344,49.81999969482422,36.414268493652344,2199000
2009-11-25,50.04999923706055,50.65999984741211,49.4900016784668,49.849998474121094,36.43619918823242,2911100
2009-11-27,48.7400016784668,49.369998931884766,47.95000076293945,48.18000030517578,35.215572357177734,2710200
2009-11-30,48.189998626708984,48.79999923706055,48.0099983215332,48.709999084472656,35.602962493896484,2285800
2009-12-01,49.33000183105469,50.029998779296875,49.0,49.81999969482422,36.414268493652344,3878300
2009-12-02,49.88999938964844,50.59000015258789,49.529998779296875,49.91999816894531,36.487361907958984,2866200
2009-12-03,49.91999816894531,50.02000045776367,48.36000061035156,48.439998626708984,35.405609130859375,2719800
2009-12-04,48.939998626708984,49.08000183105469,48.20000076293945,48.810001373291016,35.67604446411133,2535700
2009-12-07,49.7599983215332,49.7599983215332,49.13999938964844,49.220001220703125,35.97572708129883,2362500
2009-12-08,49.13999938964844,49.66999816894531,48.97999954223633,49.099998474121094,35.888004302978516,1651100
2009-12-09,49.16999816894531,49.88999938964844,49.099998474121094,49.70000076293945,36.326560974121094,1924700
2009-12-10,49.95000076293945,50.279998779296875,49.7400016784668,50.09000015258789,36.61161804199219,1218000
2009-12-11,50.43000030517578,50.70000076293945,49.959999084472656,50.209999084472656,36.6993293762207,1377100
2009-12-14,50.52000045776367,50.880001068115234,50.040000915527344,50.29999923706055,36.765106201171875,2180900
2009-12-15,49.720001220703125,49.7400016784668,48.689998626708984,49.34000015258789,36.28706741333008,3559500
2009-12-16,49.790000915527344,49.790000915527344,48.939998626708984,49.20000076293945,36.18411636352539,1887700
2009-12-17,49.09000015258789,49.09000015258789,48.38999938964844,48.58000183105469,35.728118896484375,2112900
2009-12-18,48.779998779296875,48.959999084472656,48.369998931884766,48.849998474121094,35.92669677734375,1648600
2009-12-21,48.849998474121094,49.13999938964844,48.650001525878906,48.779998779296875,35.87521743774414,1902600
2009-12-22,48.61000061035156,49.779998779296875,48.400001525878906,49.63999938964844,36.507713317871094,1445000
2009-12-23,49.5099983215332,50.04999923706055,49.36000061035156,49.95000076293945,36.735694885253906,1409700
2009-12-24,49.88999938964844,50.220001220703125,49.84000015258789,50.04999923706055,36.80924606323242,525000
2009-12-28,50.099998474121094,50.43000030517578,50.02000045776367,50.400001525878906,37.066650390625,1103000
2009-12-29,50.310001373291016,50.52000045776367,49.97999954223633,50.33000183105469,37.01518630981445,1379300
2009-12-30,50.099998474121094,50.66999816894531,49.91999816894531,50.52000045776367,37.15489959716797,959200
2009-12-31,50.68000030517578,50.97999954223633,50.400001525878906,50.400001525878906,37.066650390625,970100
2010-01-04,50.400001525878906,50.72999954223633,49.13999938964844,49.27000045776367,36.235591888427734,2670300
2010-01-05,48.619998931884766,49.060001373291016,47.689998626708984,48.15999984741211,35.41923904418945,9280400
2010-01-06,48.20000076293945,48.40999984741211,47.47999954223633,47.5,34.93385696411133,5479100
2010-01-07,47.70000076293945,47.959999084472656,47.31999969482422,47.77000045776367,35.13241958618164,7213100
2010-01-08,47.7599983215332,47.880001068115234,47.31999969482422,47.5,34.93385696411133,2484200
2010-01-11,47.619998931884766,48.099998474121094,47.09000015258789,48.0099983215332,35.30893325805664,3899100
2010-01-12,48.209999084472656,48.369998931884766,47.63999938964844,48.11000061035156,35.38247299194336,3012300
2010-01-13,48.29999923706055,48.5099983215332,48.09000015258789,48.27000045776367,35.50012969970703,2293900
2010-01-14,48.09000015258789,48.810001373291016,48.04999923706055,48.72999954223633,35.83845138549805,2444700
2010-01-15,48.45000076293945,48.560001373291016,47.91999816894531,48.209999084472656,35.45601272583008,2105000
2010-01-19,48.09000015258789,48.959999084472656,48.0,48.81999969482422,35.90462875366211,2328700
2010-01-20,48.38999938964844,48.810001373291016,48.150001525878906,48.7400016784668,35.84579849243164,1519300
2010-01-21,48.869998931884766,48.869998931884766,47.7400016784668,48.40999984741211,35.60309982299805,2192800
2010-01-22,48.33000183105469,48.619998931884766,47.810001373291016,47.88999938964844,35.220672607421875,3630300
2010-01-25,48.189998626708984,48.61000061035156,47.9900016784668,48.439998626708984,35.625179290771484,1607700
2010-01-26,48.45000076293945,49.439998626708984,48.439998626708984,48.54999923706055,35.706058502197266,2622800
2010-01-27,48.400001525878906,48.970001220703125,48.220001220703125,48.959999084472656,36.00758743286133,1325400
2010-01-28,49.02000045776367,49.13999938964844,48.470001220703125,48.83000183105469,35.911991119384766,1801400
2010-01-29,48.81999969482422,49.650001525878906,48.560001373291016,49.27000045776367,36.235591888427734,2832700
2010-02-01,49.380001068115234,49.400001525878906,48.86000061035156,49.02000045776367,36.051727294921875,2365100
2010-02-02,49.150001525878906,49.650001525878906,48.560001373291016,49.560001373291016,36.44886779785156,2709900
2010-02-03,50.56999969482422,50.70000076293945,49.220001220703125,49.65999984741211,36.52241516113281,3324700
2010-02-04,49.47999954223633,49.88999938964844,47.93000030517578,48.130001068115234,35.39718246459961,5433300
2010-02-05,48.34000015258789,48.880001068115234,47.349998474121094,48.33000183105469,35.544273376464844,3492200
2010-02-08,48.41999816894531,48.810001373291016,48.150001525878906,48.310001373291016,35.5295524597168,2172300
2010-02-09,48.77000045776367,49.0,48.38999938964844,48.70000076293945,35.81638717651367,1739700
2010-02-10,48.689998626708984,48.939998626708984,48.34000015258789,48.790000915527344,35.882568359375,1299700
2010-02-11,48.869998931884766,49.0,47.65999984741211,48.779998779296875,35.87521743774414,2167100
2010-02-12,48.5099983215332,48.84000015258789,48.02000045776367,48.810001373291016,35.89729309082031,2110700
2010-02-16,49.20000076293945,49.5,48.22999954223633,49.4900016784668,36.39739227294922,2424700
2010-02-17,49.849998474121094,49.939998626708984,49.290000915527344,49.75,36.58860778808594,2926000
2010-02-18,49.34000015258789,50.630001068115234,49.040000915527344,50.31999969482422,37.0078125,2134500
2010-02-19,50.06999969482422,50.630001068115234,49.630001068115234,50.38999938964844,37.059295654296875,1455400
2010-02-22,50.31999969482422,50.83000183105469,50.25,50.70000076293945,37.28728103637695,1303700
2010-02-23,50.52000045776367,50.709999084472656,50.279998779296875,50.290000915527344,36.98573684692383,1522600
2010-02-24,50.06999969482422,50.38999938964844,49.849998474121094,50.33000183105469,37.01518630981445,1892800
2010-02-25,49.97999954223633,50.41999816894531,49.849998474121094,50.369998931884766,37.0445671081543,1911400
2010-02-26,50.52000045776367,50.56999969482422,49.849998474121094,49.9900016784668,36.765113830566406,1979300
2010-03-01,50.02000045776367,50.5099983215332,49.9900016784668,50.43000030517578,37.08871078491211,1886600
2010-03-02,50.5,50.540000915527344,50.2599983215332,50.349998474121094,37.02987289428711,1422400
2010-03-03,50.380001068115234,50.810001373291016,50.0099983215332,50.54999923706055,37.17695617675781,1273500
2010-03-04,50.720001220703125,50.9900016784668,50.16999816894531,50.849998474121094,37.3975830078125,1196700
2010-03-05,50.91999816894531,51.540000915527344,50.599998474121094,51.4900016784668,37.868282318115234,1462700
2010-03-08,51.709999084472656,52.0099983215332,51.380001068115234,51.81999969482422,38.11098861694336,1156700
2010-03-09,51.540000915527344,51.54999923706055,50.220001220703125,50.43000030517578,37.08871078491211,3166000
2010-03-10,50.5,50.630001068115234,49.68000030517578,49.939998626708984,36.728328704833984,3305900
2010-03-11,49.709999084472656,50.34000015258789,49.5,50.2400016784668,36.94898223876953,3273700
2010-03-12,50.38999938964844,50.54999923706055,50.04999923706055,50.20000076293945,36.9195556640625,2362300
2010-03-15,49.970001220703125,50.88999938964844,49.900001525878906,50.810001373291016,37.36817932128906,2724900
2010-03-16,50.939998626708984,51.27000045776367,50.58000183105469,51.2599983215332,37.69913101196289,1296900
2010-03-17,51.439998626708984,52.029998779296875,51.290000915527344,51.5,37.87562942504883,2072100
2010-03-18,51.369998931884766,51.61000061035156,50.95000076293945,51.52000045776367,37.89035415649414,1485400
2010-03-19,52.70000076293945,52.72999954223633,51.689998626708984,52.70000076293945,38.75819396972656,4248300
2010-03-22,52.40999984741211,52.54999923706055,51.97999954223633,52.43000030517578,38.55961608886719,3447700
2010-03-23,52.52000045776367,52.810001373291016,52.11000061035156,52.790000915527344,38.82435607910156,2598500
2010-03-24,52.81999969482422,53.290000915527344,52.4900016784668,52.880001068115234,38.89056396484375,2009000
2010-03-25,53.2400016784668,53.2400016784668,52.650001525878906,52.66999816894531,38.73611068725586,1706000
2010-03-26,52.810001373291016,53.31999969482422,52.5099983215332,52.7599983215332,38.802303314208984,1961500
2010-03-29,52.77000045776367,52.86000061035156,52.38999938964844,52.689998626708984,38.97985076904297,1249600
2010-03-30,52.7599983215332,52.880001068115234,52.58000183105469,52.61000061035156,38.920677185058594,1080400
2010-03-31,52.59000015258789,52.599998474121094,52.209999084472656,52.29999923706055,38.691322326660156,1563200
2010-04-01,52.470001220703125,52.81999969482422,52.439998626708984,52.81999969482422,39.076026916503906,1386500
2010-04-05,52.45000076293945,53.04999923706055,52.08000183105469,52.560001373291016,38.88368606567383,1694300
2010-04-06,52.650001525878906,52.91999816894531,52.38999938964844,52.72999954223633,39.00944137573242,1585900
2010-04-07,52.56999969482422,53.65999984741211,52.31999969482422,53.560001373291016,39.62348556518555,2215700
2010-04-08,53.33000183105469,53.45000076293945,53.0,53.29999923706055,39.431121826171875,1413900
2010-04-09,53.54999923706055,53.709999084472656,53.220001220703125,53.439998626708984,39.534706115722656,1669600
2010-04-12,53.31999969482422,53.470001220703125,52.869998931884766,53.04999923706055,39.24616622924805,1244400
2010-04-13,52.93000030517578,53.5099983215332,52.88999938964844,53.400001525878906,39.505123138427734,1495200
2010-04-14,53.63999938964844,53.90999984741211,53.459999084472656,53.88999938964844,39.86761474609375,1598000
2010-04-15,53.599998474121094,53.650001525878906,53.220001220703125,53.349998474121094,39.46812057495117,1584300
2010-04-16,53.36000061035156,53.689998626708984,52.5,52.619998931884766,38.92807388305664,1736000
2010-04-19,52.22999954223633,52.540000915527344,52.06999969482422,52.41999816894531,38.78012466430664,1903700
2010-04-20,52.43000030517578,52.720001220703125,51.91999816894531,52.709999084472656,38.994651794433594,1981200
2010-04-21,52.7400016784668,52.869998931884766,52.150001525878906,52.45000076293945,38.80229568481445,2260700
2010-04-22,51.97999954223633,52.38999938964844,51.7400016784668,52.20000076293945,38.61735534667969,2165500
2010-04-23,51.959999084472656,53.13999938964844,51.79999923706055,53.130001068115234,39.30537796020508,2895300
2010-04-26,53.189998626708984,53.25,52.630001068115234,52.650001525878906,38.95027160644531,1882500
2010-04-27,52.400001525878906,52.689998626708984,51.970001220703125,52.400001525878906,38.76531982421875,3024100
2010-04-28,53.45000076293945,53.849998474121094,52.95000076293945,53.650001525878906,39.6900634765625,3427500
2010-04-29,52.65999984741211,54.16999816894531,52.119998931884766,53.13999938964844,39.312774658203125,3387600
2010-04-30,53.02000045776367,53.349998474121094,52.56999969482422,53.189998626708984,39.349754333496094,2459300
2010-05-03,53.209999084472656,53.34000015258789,52.709999084472656,52.869998931884766,39.113033294677734,2449400
2010-05-04,52.43000030517578,52.61000061035156,51.88999938964844,52.08000183105469,38.52859115600586,1336900
2010-05-05,51.599998474121094,52.5099983215332,51.599998474121094,52.2599983215332,38.6617431640625,1582000
2010-05-06,52.130001068115234,52.189998626708984,49.130001068115234,50.619998931884766,37.4484748840332,2382500
2010-05-07,50.5,51.5099983215332,50.130001068115234,50.540000915527344,37.3892936706543,1854900
2010-05-10,51.880001068115234,51.93000030517578,51.08000183105469,51.540000915527344,38.12908935546875,1989300
2010-05-11,50.869998931884766,51.790000915527344,50.689998626708984,51.630001068115234,38.19566345214844,1509700
2010-05-12,51.650001525878906,53.880001068115234,51.47999954223633,53.790000915527344,39.79364013671875,4820700
2010-05-13,53.439998626708984,54.22999954223633,53.439998626708984,53.720001220703125,39.74184036254883,3071500
2010-05-14,53.25,53.54999923706055,52.849998474121094,53.029998779296875,39.23138427734375,2459900
2010-05-17,53.029998779296875,53.40999984741211,52.5099983215332,53.310001373291016,39.43853759765625,2118900
2010-05-18,53.54999923706055,53.630001068115234,52.54999923706055,52.75,39.02424621582031,2259100
2010-05-19,52.7400016784668,53.459999084472656,52.2400016784668,52.83000183105469,39.08342361450195,3380600
2010-05-20,52.04999923706055,52.54999923706055,49.959999084472656,49.959999084472656,36.9602165222168,4088300
2010-05-21,49.56999969482422,50.040000915527344,49.18000030517578,49.939998626708984,36.945411682128906,4977600
2010-05-24,51.18000030517578,51.18000030517578,49.099998474121094,49.150001525878906,36.36097717285156,4841400
2010-05-25,48.31999969482422,48.86000061035156,47.59000015258789,48.709999084472656,36.035465240478516,4534800
2010-05-26,49.369998931884766,49.45000076293945,48.33000183105469,48.43000030517578,35.828338623046875,3305800
2010-05-27,49.0099983215332,49.810001373291016,48.84000015258789,49.810001373291016,36.849246978759766,2911200
2010-05-28,49.790000915527344,49.790000915527344,49.130001068115234,49.15999984741211,36.368377685546875,2552300
2010-06-01,49.130001068115234,49.810001373291016,48.529998779296875,48.560001373291016,35.92451858520508,4609700
2010-06-02,48.72999954223633,49.33000183105469,48.09000015258789,49.33000183105469,36.4941520690918,3539400
2010-06-03,49.310001373291016,50.16999816894531,49.08000183105469,50.09000015258789,37.05636978149414,2327600
2010-06-04,49.150001525878906,49.45000076293945,48.2599983215332,48.439998626708984,35.835731506347656,2655800
2010-06-07,48.68000030517578,48.97999954223633,48.279998779296875,48.4900016784668,35.87270736694336,2758500
2010-06-08,48.54999923706055,49.40999984741211,48.0099983215332,49.369998931884766,36.523719787597656,2790300
2010-06-09,49.4900016784668,50.099998474121094,49.02000045776367,49.43000030517578,36.568111419677734,3183200
2010-06-10,49.939998626708984,50.72999954223633,49.93000030517578,50.630001068115234,37.45587158203125,1982700
2010-06-11,50.13999938964844,51.369998931884766,50.13999938964844,51.2599983215332,37.92194747924805,1960200
2010-06-14,51.400001525878906,51.83000183105469,50.900001525878906,51.38999938964844,38.018123626708984,2105900
2010-06-15,51.439998626708984,52.45000076293945,51.130001068115234,52.31999969482422,38.70613479614258,1900800
2010-06-16,52.04999923706055,52.459999084472656,51.93000030517578,52.11000061035156,38.55077362060547,1577900
2010-06-17,52.02000045776367,52.58000183105469,51.88999938964844,52.54999923706055,38.87628173828125,1575000
2010-06-18,52.54999923706055,53.290000915527344,52.43000030517578,53.08000183105469,39.268375396728516,2699200
2010-06-21,53.88999938964844,53.95000076293945,53.040000915527344,53.36000061035156,39.47551345825195,1512600
2010-06-22,53.2400016784668,54.119998931884766,53.2400016784668,53.5,39.57909393310547,4685600
2010-06-23,53.18000030517578,53.439998626708984,52.52000045776367,52.880001068115234,39.12042236328125,3553600
2010-06-24,52.56999969482422,53.150001525878906,52.45000076293945,52.790000915527344,39.0538330078125,3706400
2010-06-25,53.13999938964844,53.529998779296875,52.11000061035156,53.20000076293945,39.35714340209961,22405800
2010-06-28,53.18000030517578,53.720001220703125,52.81999969482422,53.380001068115234,39.49031448364258,3621600
2010-06-29,52.790000915527344,52.95000076293945,51.5099983215332,51.77000045776367,38.29924392700195,3985700
2010-06-30,51.88999938964844,52.33000183105469,51.41999816894531,51.47999954223633,38.08470916748047,3020200
2010-07-01,51.5,51.790000915527344,50.58000183105469,51.20000076293945,37.8775634765625,2326800
2010-07-02,51.5,51.72999954223633,50.619998931884766,50.83000183105469,37.60383605957031,2324600
2010-07-06,51.459999084472656,51.7400016784668,50.439998626708984,50.86000061035156,37.62602615356445,2991700
2010-07-07,51.59000015258789,51.88999938964844,50.83000183105469,51.88999938964844,38.38801193237305,3317100
2010-07-08,52.02000045776367,52.290000915527344,51.68000030517578,52.220001220703125,38.63215637207031,2170900
2010-07-09,55.45000076293945,55.65999984741211,54.58000183105469,54.689998626708984,40.459442138671875,18243500
2010-07-12,54.599998474121094,55.29999923706055,54.54999923706055,55.02000045776367,40.703582763671875,9753700
2010-07-13,55.290000915527344,55.959999084472656,55.27000045776367,55.880001068115234,41.33979797363281,9211500
2010-07-14,55.810001373291016,55.91999816894531,55.060001373291016,55.20000076293945,40.83674621582031,73235200
2010-07-15,54.959999084472656,55.11000061035156,54.290000915527344,55.0,40.68879699707031,7620800
2010-07-16,54.54999923706055,54.97999954223633,53.54999923706055,53.70000076293945,39.72705078125,4447300
2010-07-19,53.90999984741211,53.90999984741211,53.0,53.31999969482422,39.44593811035156,4106400
2010-07-20,52.75,53.540000915527344,52.54999923706055,53.5,39.57909393310547,3828800
2010-07-21,53.79999923706055,54.0099983215332,52.349998474121094,52.470001220703125,38.817100524902344,5506700
2010-07-22,52.97999954223633,53.25,52.63999938964844,52.90999984741211,39.14261245727539,4908200
2010-07-23,52.72999954223633,53.13999938964844,52.5099983215332,52.75,39.269161224365234,3474300
2010-07-26,52.54999923706055,53.15999984741211,52.54999923706055,52.81999969482422,39.3212890625,4283300
2010-07-27,53.0,53.54999923706055,52.97999954223633,53.470001220703125,39.805171966552734,4093100
2010-07-28,53.52000045776367,54.040000915527344,52.150001525878906,52.970001220703125,39.432945251464844,4770600
2010-07-29,53.43000030517578,53.849998474121094,52.45000076293945,52.970001220703125,39.432945251464844,3565500
2010-07-30,52.68000030517578,53.33000183105469,52.43000030517578,53.08000183105469,39.51484680175781,3509900
2010-08-02,53.7400016784668,53.7400016784668,52.959999084472656,53.2599983215332,39.64883804321289,2626700
2010-08-03,53.09000015258789,53.54999923706055,53.0,53.31999969482422,39.69349670410156,2165300
2010-08-04,53.65999984741211,54.29999923706055,53.45000076293945,54.25,40.38584518432617,3722400
2010-08-05,54.11000061035156,54.310001373291016,53.650001525878906,53.7400016784668,40.006168365478516,1514700
2010-08-06,53.439998626708984,53.560001373291016,52.63999938964844,53.560001373291016,39.872161865234375,2107900
2010-08-09,53.540000915527344,54.2400016784668,53.52000045776367,54.20000076293945,40.34859085083008,1540100
2010-08-10,53.650001525878906,54.470001220703125,53.59000015258789,54.15999984741211,40.31882858276367,1773400
2010-08-11,53.56999969482422,53.70000076293945,52.41999816894531,52.43000030517578,39.03095245361328,1797000
2010-08-12,52.029998779296875,53.060001373291016,51.75,52.970001220703125,39.432945251464844,2713500
2010-08-13,52.15999984741211,53.83000183105469,52.15999984741211,53.41999816894531,39.76793670654297,2389100
2010-08-16,53.029998779296875,53.61000061035156,52.7400016784668,53.52000045776367,39.84237289428711,1962100
2010-08-17,53.959999084472656,54.84000015258789,53.959999084472656,54.54999923706055,40.60915756225586,2473400
2010-08-18,54.439998626708984,54.79999923706055,53.90999984741211,54.400001525878906,40.497493743896484,2291700
2010-08-19,54.16999816894531,54.16999816894531,53.2599983215332,53.31999969482422,39.69349670410156,2295600
2010-08-20,52.90999984741211,53.540000915527344,52.90999984741211,53.5099983215332,39.83493423461914,1722900
2010-08-23,53.79999923706055,53.869998931884766,53.369998931884766,53.47999954223633,39.81261444091797,1514600
2010-08-24,52.970001220703125,53.20000076293945,52.41999816894531,52.880001068115234,39.365943908691406,2883900
2010-08-25,52.91999816894531,53.529998779296875,52.349998474121094,53.38999938964844,39.745601654052734,2734000
2010-08-26,53.65999984741211,53.70000076293945,53.119998931884766,53.439998626708984,39.782840728759766,2275700
2010-08-27,53.7400016784668,54.34000015258789,53.0,54.34000015258789,40.45282745361328,2298900
2010-08-30,54.310001373291016,54.33000183105469,53.380001068115234,53.43000030517578,39.775394439697266,2136800
2010-08-31,53.349998474121094,53.540000915527344,52.75,53.470001220703125,39.805171966552734,5040700
2010-09-01,53.97999954223633,54.72999954223633,53.7599983215332,54.619998931884766,40.661277770996094,4521300
2010-09-02,54.72999954223633,54.810001373291016,54.40999984741211,54.529998779296875,40.594268798828125,2794000
2010-09-03,54.9900016784668,55.27000045776367,54.5,55.2400016784668,41.122825622558594,3222500
2010-09-07,54.97999954223633,55.04999923706055,54.150001525878906,54.20000076293945,40.34859085083008,1927300
2010-09-08,54.34000015258789,55.27000045776367,54.34000015258789,55.029998779296875,40.966495513916016,2168400
2010-09-09,55.56999969482422,55.970001220703125,55.2599983215332,55.630001068115234,41.41315460205078,1940900
2010-09-10,55.58000183105469,55.83000183105469,55.40999984741211,55.54999923706055,41.35359573364258,1876500
2010-09-13,56.0,56.709999084472656,55.849998474121094,56.68000030517578,42.19481658935547,2312800
2010-09-14,57.0,57.5,56.45000076293945,57.36000061035156,42.70103073120117,2414400
2010-09-15,57.0,57.869998931884766,56.70000076293945,57.709999084472656,42.96158981323242,1602600
2010-09-16,57.470001220703125,57.900001525878906,57.29999923706055,57.790000915527344,43.021148681640625,2370500
2010-09-17,57.97999954223633,58.36000061035156,57.540000915527344,57.900001525878906,43.1030387878418,3902600
2010-09-20,57.95000076293945,58.939998626708984,57.790000915527344,58.79999923706055,43.77302932739258,1405300
2010-09-21,58.900001525878906,59.13999938964844,58.40999984741211,58.709999084472656,43.70601272583008,1670700
2010-09-22,58.54999923706055,58.86000061035156,57.529998779296875,57.630001068115234,42.902042388916016,2140200
2010-09-23,57.36000061035156,57.689998626708984,56.849998474121094,56.849998474121094,42.32136154174805,1986000
2010-09-24,57.380001068115234,58.540000915527344,57.310001373291016,58.04999923706055,43.21470642089844,2054600
2010-09-27,57.869998931884766,58.279998779296875,57.529998779296875,57.56999969482422,42.85736083984375,1210700
2010-09-28,57.7599983215332,58.560001373291016,57.279998779296875,58.41999816894531,43.49013900756836,1519800
2010-09-29,57.790000915527344,58.060001373291016,57.5,57.7400016784668,43.228111267089844,2210300
2010-09-30,58.029998779296875,58.970001220703125,58.029998779296875,58.25,43.60993576049805,3516000
2010-10-01,58.68000030517578,58.86000061035156,57.650001525878906,58.189998626708984,43.56500244140625,1633200
2010-10-04,58.08000183105469,58.470001220703125,57.75,58.099998474121094,43.497615814208984,1235000
2010-10-05,58.36000061035156,59.56999969482422,57.75,59.5,44.5457649230957,2253600
2010-10-06,59.29999923706055,59.459999084472656,58.93000030517578,59.099998474121094,44.24627685546875,1289800
2010-10-07,59.29999923706055,59.4900016784668,58.70000076293945,59.0099983215332,44.17891311645508,1271400
2010-10-08,58.90999984741211,59.119998931884766,58.619998931884766,58.90999984741211,44.10405349731445,1465200
2010-10-11,58.869998931884766,59.349998474121094,58.779998779296875,59.18000030517578,44.30617904663086,736400
2010-10-12,58.849998474121094,59.75,58.65999984741211,59.689998626708984,44.688018798828125,1545200
2010-10-13,59.75,60.0,59.58000183105469,59.689998626708984,44.688018798828125,1855200
2010-10-14,59.630001068115234,60.189998626708984,59.47999954223633,59.7400016784668,44.725440979003906,2076800
2010-10-15,59.959999084472656,60.040000915527344,59.58000183105469,59.66999816894531,44.67302322387695,1639200
2010-10-18,59.880001068115234,60.400001525878906,59.56999969482422,60.400001525878906,45.219581604003906,1394400
2010-10-19,59.959999084472656,60.599998474121094,59.189998626708984,59.40999984741211,44.4783821105957,1886500
2010-10-20,59.59000015258789,60.84000015258789,59.47999954223633,60.56999969482422,45.34684371948242,2035500
2010-10-21,60.79999923706055,60.9900016784668,60.18000030517578,60.43000030517578,45.24201583862305,1895800
2010-10-22,60.630001068115234,61.0,60.25,60.380001068115234,45.20458221435547,1382700
2010-10-25,60.720001220703125,61.09000015258789,60.560001373291016,60.720001220703125,45.45913314819336,1685000
2010-10-26,60.63999938964844,61.380001068115234,60.41999816894531,61.2599983215332,45.86341094970703,1947800
2010-10-27,60.7400016784668,60.90999984741211,59.880001068115234,60.45000076293945,45.25699996948242,2306500
2010-10-28,61.0,61.150001525878906,59.27000045776367,59.689998626708984,44.688018798828125,2046900
2010-10-29,59.83000183105469,59.83000183105469,59.25,59.41999816894531,44.485870361328125,1390700
2010-11-01,59.810001373291016,60.939998626708984,59.66999816894531,60.29999923706055,45.144683837890625,1423800
2010-11-02,60.619998931884766,60.970001220703125,60.470001220703125,60.56999969482422,45.34684371948242,1386600
2010-11-03,60.68000030517578,60.90999984741211,59.91999816894531,60.540000915527344,45.324378967285156,1635600
2010-11-04,61.16999816894531,62.40999984741211,61.0,62.2599983215332,46.61208724975586,2010900
2010-11-05,62.08000183105469,62.4900016784668,61.5099983215332,61.880001068115234,46.32758712768555,1576700
2010-11-08,61.72999954223633,61.779998779296875,60.849998474121094,61.11000061035156,45.7511100769043,1202400
2010-11-09,61.099998474121094,61.20000076293945,60.029998779296875,60.2400016784668,45.099788665771484,2102700
2010-11-10,60.16999816894531,61.099998474121094,60.13999938964844,61.08000183105469,45.728660583496094,2166900
2010-11-11,60.779998779296875,60.83000183105469,60.119998931884766,60.15999984741211,45.03989028930664,2008400
2010-11-12,60.0,60.34000015258789,59.790000915527344,59.79999923706055,44.770362854003906,1374100
2010-11-15,59.97999954223633,60.650001525878906,59.93000030517578,60.06999969482422,44.97249984741211,1168000
2010-11-16,59.84000015258789,60.0,58.7599983215332,58.88999938964844,44.08906936645508,2122700
2010-11-17,58.84000015258789,59.20000076293945,58.650001525878906,58.9900016784668,44.163944244384766,1511200
2010-11-18,59.54999923706055,60.43000030517578,59.34000015258789,60.27000045776367,45.12223434448242,1789300
2010-11-19,60.16999816894531,60.529998779296875,59.83000183105469,60.45000076293945,45.25699996948242,1828600
2010-11-22,60.0,60.22999954223633,59.75,60.13999938964844,45.02489471435547,1195000
2010-11-23,59.25,59.68000030517578,58.720001220703125,58.77000045776367,43.999237060546875,2499500
2010-11-24,59.09000015258789,59.689998626708984,58.81999969482422,59.68000030517578,44.68053436279297,1171400
2010-11-26,59.02000045776367,59.310001373291016,58.900001525878906,58.90999984741211,44.10405349731445,539100
2010-11-29,58.4900016784668,59.400001525878906,58.36000061035156,59.27000045776367,44.373565673828125,1392100
2010-11-30,58.93000030517578,59.279998779296875,58.43000030517578,58.52000045776367,43.812076568603516,2652000
2010-12-01,59.310001373291016,59.619998931884766,58.900001525878906,59.47999954223633,44.53078079223633,1527500
2010-12-02,59.54999923706055,60.16999816894531,59.47999954223633,59.84000015258789,44.80030822753906,2135100
2010-12-03,59.689998626708984,59.810001373291016,59.119998931884766,59.43000030517578,44.493350982666016,1510700
2010-12-06,59.29999923706055,59.40999984741211,59.02000045776367,59.060001373291016,44.21635055541992,1606800
2010-12-07,59.58000183105469,59.70000076293945,59.11000061035156,59.2400016784668,44.351112365722656,2168800
2010-12-08,59.189998626708984,59.560001373291016,59.029998779296875,59.400001525878906,44.470890045166016,2021400
2010-12-09,59.58000183105469,59.68000030517578,59.060001373291016,59.5,44.5457649230957,2000700
2010-12-10,59.66999816894531,60.380001068115234,59.61000061035156,60.279998779296875,45.12971878051758,2297600
2010-12-13,60.52000045776367,61.58000183105469,60.5,60.95000076293945,45.63132858276367,2689500
2010-12-14,60.779998779296875,61.4900016784668,60.619998931884766,60.68000030517578,45.67649459838867,1953800
2010-12-15,60.439998626708984,61.349998474121094,60.400001525878906,60.779998779296875,45.75178146362305,2353400
2010-12-16,60.959999084472656,61.4900016784668,60.7400016784668,61.4900016784668,46.28622055053711,2232400
2010-12-17,61.47999954223633,61.59000015258789,60.97999954223633,61.04999923706055,45.95500946044922,2623300
2010-12-20,61.5,61.599998474121094,60.290000915527344,60.959999084472656,45.88725280761719,3027500
2010-12-21,61.060001373291016,62.029998779296875,60.81999969482422,61.79999923706055,46.51955795288086,3636800
2010-12-22,61.709999084472656,62.279998779296875,61.709999084472656,62.13999938964844,46.77549743652344,1342200
2010-12-23,61.91999816894531,62.290000915527344,61.91999816894531,62.130001068115234,46.76796340942383,1027900
2010-12-27,61.790000915527344,62.20000076293945,61.790000915527344,62.060001373291016,46.715274810791016,747200
2010-12-28,62.13999938964844,62.33000183105469,61.939998626708984,62.290000915527344,46.888404846191406,885200
2010-12-29,62.290000915527344,62.52000045776367,62.0,62.279998779296875,46.88087463378906,1334900
2010-12-30,62.22999954223633,62.630001068115234,62.0,62.369998931884766,46.948631286621094,1054300
2010-12-31,62.189998626708984,62.54999923706055,62.0,62.25,46.85829162597656,1367600
2011-01-03,62.72999954223633,62.83000183105469,62.09000015258789,62.2400016784668,46.850765228271484,1818000
2011-01-04,62.11000061035156,62.66999816894531,61.939998626708984,62.20000076293945,46.820655822753906,1598700
2011-01-05,62.0099983215332,62.47999954223633,61.79999923706055,61.9900016784668,46.6625862121582,1870800
2011-01-06,61.86000061035156,62.060001373291016,61.599998474121094,61.720001220703125,46.4593505859375,1434700
2011-01-07,61.529998779296875,61.83000183105469,60.83000183105469,61.2599983215332,46.11308288574219,1424500
2011-01-10,60.95000076293945,61.25,60.2400016784668,60.459999084472656,45.51089859008789,1561700
2011-01-11,60.689998626708984,61.22999954223633,60.52000045776367,60.7400016784668,45.72166442871094,1400900
2011-01-12,61.060001373291016,61.599998474121094,60.7599983215332,60.849998474121094,45.80447006225586,1563400
2011-01-13,60.75,60.88999938964844,60.459999084472656,60.869998931884766,45.819496154785156,1152100
2011-01-14,60.72999954223633,60.900001525878906,60.40999984741211,60.790000915527344,45.759307861328125,1972800
2011-01-18,60.869998931884766,61.040000915527344,60.599998474121094,60.65999984741211,45.66143798828125,2006900
2011-01-19,60.630001068115234,60.790000915527344,60.22999954223633,60.56999969482422,45.59369659423828,1409900
2011-01-20,60.349998474121094,61.119998931884766,60.349998474121094,60.709999084472656,45.69906997680664,1448800
2011-01-21,60.0,60.5099983215332,59.54999923706055,60.5099983215332,45.54853439331055,2027900
2011-01-24,60.369998931884766,60.849998474121094,60.15999984741211,60.70000076293945,45.69154357910156,1899100
2011-01-25,60.77000045776367,62.29999923706055,60.459999084472656,62.130001068115234,46.76796340942383,2778600
2011-01-26,62.279998779296875,62.68000030517578,61.93000030517578,62.45000076293945,47.008853912353516,1299400
2011-01-27,62.650001525878906,63.290000915527344,62.189998626708984,63.189998626708984,47.565887451171875,1611600
2011-01-28,63.18000030517578,63.290000915527344,61.11000061035156,61.16999816894531,46.04533386230469,2101000
2011-01-31,61.790000915527344,62.2400016784668,61.33000183105469,61.59000015258789,46.36148452758789,1688100
2011-02-01,62.20000076293945,62.41999816894531,61.400001525878906,62.15999984741211,46.790550231933594,1954000
2011-02-02,62.029998779296875,62.709999084472656,61.93000030517578,62.5,47.046485900878906,1983400
2011-02-03,61.97999954223633,63.349998474121094,61.630001068115234,63.290000915527344,47.64115524291992,2247500
2011-02-04,63.20000076293945,63.45000076293945,62.869998931884766,63.060001373291016,47.468021392822266,1329000
2011-02-07,62.68000030517578,63.27000045776367,62.68000030517578,62.83000183105469,47.29489517211914,1677500
2011-02-08,62.959999084472656,64.29000091552734,62.83000183105469,64.2699966430664,48.37883758544922,1935500
2011-02-09,63.939998626708984,64.44000244140625,63.619998931884766,64.08000183105469,48.23583221435547,1735400
2011-02-10,63.77000045776367,64.05000305175781,63.40999984741211,63.75,47.98740768432617,1110100
2011-02-11,63.630001068115234,63.70000076293945,63.25,63.439998626708984,47.754066467285156,1424100
2011-02-14,63.25,63.52000045776367,62.22999954223633,62.5,47.046485900878906,2090200
2011-02-15,62.31999969482422,62.849998474121094,62.0,62.380001068115234,46.956153869628906,1580500
2011-02-16,62.459999084472656,63.099998474121094,62.15999984741211,62.880001068115234,47.3325309753418,1160000
2011-02-17,62.66999816894531,63.650001525878906,62.66999816894531,63.34000015258789,47.67878723144531,1362100
2011-02-18,63.619998931884766,65.79000091552734,63.20000076293945,65.73999786376953,49.48538589477539,3593200
2011-02-22,65.02999877929688,65.69999694824219,63.959999084472656,64.83999633789062,48.80790710449219,4117300
2011-02-23,64.63999938964844,64.98999786376953,64.13999938964844,64.29000091552734,48.39390182495117,3786900
2011-02-24,64.0199966430664,64.25,61.72999954223633,62.63999938964844,47.151878356933594,3913600
2011-02-25,62.77000045776367,63.459999084472656,62.45000076293945,63.279998779296875,47.63363265991211,1736200
2011-02-28,63.2400016784668,63.540000915527344,62.88999938964844,63.25,47.611045837402344,1974100
2011-03-01,63.25,63.33000183105469,62.56999969482422,62.58000183105469,47.10670471191406,2804200
2011-03-02,62.40999984741211,62.40999984741211,61.349998474121094,61.529998779296875,46.316322326660156,2145300
2011-03-03,62.060001373291016,63.290000915527344,62.0,62.7400016784668,47.22715377807617,3077700
2011-03-04,62.619998931884766,62.7400016784668,61.93000030517578,62.689998626708984,47.18950271606445,2488400
2011-03-07,62.599998474121094,62.65999984741211,61.880001068115234,62.11000061035156,46.7529182434082,2044200
2011-03-08,62.31999969482422,63.029998779296875,62.220001220703125,62.59000015258789,47.11423110961914,1442000
2011-03-09,62.349998474121094,62.5,61.939998626708984,62.279998779296875,46.88087463378906,856800
2011-03-10,61.75,61.970001220703125,61.02000045776367,61.04999923706055,45.95500946044922,1793100
2011-03-11,60.63999938964844,61.52000045776367,59.54999923706055,61.38999938964844,46.2109489440918,1789600
2011-03-14,60.75,61.650001525878906,60.7400016784668,61.09000015258789,45.98512649536133,1323700
2011-03-15,59.70000076293945,60.47999954223633,59.54999923706055,60.150001525878906,45.27753829956055,1842800
2011-03-16,59.9900016784668,60.97999954223633,59.86000061035156,60.290000915527344,45.38292694091797,3550600
2011-03-17,60.86000061035156,61.220001220703125,60.41999816894531,60.810001373291016,45.77436065673828,2111600
2011-03-18,61.290000915527344,61.90999984741211,60.720001220703125,60.83000183105469,45.78942108154297,2494700
2011-03-21,61.38999938964844,62.130001068115234,61.150001525878906,62.09000015258789,46.73786544799805,1939400
2011-03-22,62.02000045776367,62.5,61.72999954223633,61.75,46.4819221496582,2738600
2011-03-23,61.560001373291016,62.0099983215332,61.0,61.75,46.4819221496582,1703200
2011-03-24,62.0,62.189998626708984,61.470001220703125,62.13999938964844,46.77549743652344,1569400
2011-03-25,62.29999923706055,62.790000915527344,61.72999954223633,62.369998931884766,46.948631286621094,1852600
2011-03-28,62.540000915527344,63.529998779296875,62.150001525878906,63.189998626708984,47.565887451171875,1739100
2011-03-29,63.40999984741211,64.23999786376953,63.04999923706055,64.01000213623047,48.18313217163086,2000100
2011-03-30,64.2300033569336,64.23999786376953,63.75,64.16999816894531,48.553897857666016,1754400
2011-03-31,63.79999923706055,65.23999786376953,63.7400016784668,64.69999694824219,48.95490264892578,4065300
2011-04-01,65.0999984741211,65.87999725341797,64.9000015258789,65.83999633789062,49.81748580932617,2312800
2011-04-04,66.0,67.37000274658203,66.0,66.95999908447266,50.66493225097656,3240700
2011-04-05,66.37999725341797,67.16000366210938,66.05999755859375,66.43000030517578,50.26389694213867,3052300
2011-04-06,66.63999938964844,66.77999877929688,66.0999984741211,66.4800033569336,50.301727294921875,2078200
2011-04-07,66.13999938964844,66.66999816894531,65.69999694824219,65.80999755859375,49.794769287109375,1965800
2011-04-08,66.05000305175781,66.23999786376953,65.5199966430664,65.79000091552734,49.7796516418457,1629700
2011-04-11,65.72000122070312,66.6500015258789,65.72000122070312,66.62000274658203,50.407676696777344,2039600
2011-04-12,66.16999816894531,66.91999816894531,66.0,66.61000061035156,50.40010452270508,2736300
2011-04-13,66.79000091552734,66.8499984741211,66.23999786376953,66.4000015258789,50.24119567871094,2348400
2011-04-14,66.0,66.56999969482422,65.68000030517578,66.19999694824219,50.089874267578125,3527900
2011-04-15,65.87999725341797,66.12000274658203,65.68000030517578,65.87999725341797,49.847747802734375,3498400
2011-04-18,65.13999938964844,65.25,64.33000183105469,64.8499984741211,49.06837844848633,2508700
2011-04-19,65.08000183105469,65.0999984741211,64.12000274658203,64.4800033569336,48.7884407043457,1885100
2011-04-20,65.02999877929688,65.19000244140625,64.0999984741211,64.31999969482422,48.66737747192383,2465600
2011-04-21,64.81999969482422,65.54000091552734,64.54000091552734,65.31999969482422,49.42403030395508,2015600
2011-04-25,65.16999816894531,65.55999755859375,64.9000015258789,65.44999694824219,49.52239227294922,1458700
2011-04-26,65.30000305175781,65.75,65.2300033569336,65.37000274658203,49.461856842041016,1700000
2011-04-27,65.66000366210938,66.41999816894531,65.44000244140625,66.19000244140625,50.08230972290039,2093800
2011-04-28,66.31999969482422,67.37000274658203,66.19000244140625,67.27999877929688,50.907066345214844,2441500
2011-04-29,67.29000091552734,67.81999969482422,67.16000366210938,67.25,50.88434982299805,2456400
2011-05-02,67.73999786376953,67.80999755859375,66.63999938964844,66.80000305175781,50.54386901855469,1776500
2011-05-03,66.56999969482422,67.55000305175781,66.55000305175781,67.51000213623047,51.08108901977539,1621500
2011-05-04,67.66000366210938,67.7699966430664,66.25,66.47000122070312,50.29416275024414,1871400
2011-05-05,66.3499984741211,67.94999694824219,66.3499984741211,66.80000305175781,50.54386901855469,2693600
2011-05-06,67.37000274658203,67.86000061035156,66.9800033569336,67.23999786376953,50.876792907714844,1599200
2011-05-09,67.30000305175781,67.5,66.68000030517578,67.36000061035156,50.96759033203125,1388000
2011-05-10,67.4800033569336,68.47000122070312,67.25,68.44999694824219,51.792320251464844,1678100
2011-05-11,68.13999938964844,68.66999816894531,67.54000091552734,67.91000366210938,51.38373565673828,1749700
2011-05-12,67.52999877929688,68.58000183105469,67.33999633789062,68.48999786376953,51.82257843017578,1378300
2011-05-13,68.41000366210938,68.7300033569336,67.6500015258789,67.80000305175781,51.300506591796875,1239900
2011-05-16,67.62999725341797,68.30999755859375,67.33999633789062,67.62999725341797,51.171871185302734,1163800
2011-05-17,67.54000091552734,68.66999816894531,66.98999786376953,68.58999633789062,51.898231506347656,1815100
2011-05-18,68.54000091552734,69.3499984741211,68.37999725341797,69.3499984741211,52.47330093383789,1764800
2011-05-19,69.83000183105469,69.83000183105469,68.8499984741211,69.19999694824219,52.35980224609375,1808000
2011-05-20,69.16000366210938,69.2699966430664,68.56999969482422,68.61000061035156,51.913394927978516,1519100
2011-05-23,68.0199966430664,68.37000274658203,67.81999969482422,67.88999938964844,51.36861038208008,1360000
2011-05-24,67.93000030517578,68.13999938964844,67.55000305175781,67.77999877929688,51.28538513183594,2101700
2011-05-25,67.62000274658203,67.95999908447266,67.23999786376953,67.62000274658203,51.16429901123047,1588000
2011-05-26,67.33000183105469,67.81999969482422,67.0999984741211,67.6500015258789,51.18700408935547,1774700
2011-05-27,67.91999816894531,68.63999938964844,67.72000122070312,68.58000183105469,51.890689849853516,2432800
2011-05-31,69.13999938964844,69.2300033569336,68.62999725341797,68.81999969482422,52.072265625,2101900
2011-06-01,68.72000122070312,69.26000213623047,67.8499984741211,67.95999908447266,51.421573638916016,2676100
2011-06-02,67.87000274658203,68.44000244140625,67.63999938964844,68.3499984741211,51.7166633605957,1181300
2011-06-03,67.62000274658203,68.70999908447266,67.5,68.0999984741211,51.52750015258789,1756600
2011-06-06,67.95999908447266,68.4000015258789,67.08000183105469,67.23999786376953,50.876792907714844,1421500
2011-06-07,67.52999877929688,67.91999816894531,67.2699966430664,67.30999755859375,50.929744720458984,1385000
2011-06-08,67.30000305175781,67.31999969482422,66.23999786376953,66.27999877929688,50.15040588378906,1917500
2011-06-09,66.43000030517578,66.97000122070312,65.91000366210938,66.83000183105469,50.56654739379883,1219800
2011-06-10,66.43000030517578,66.45999908447266,65.58999633789062,65.98999786376953,49.93098449707031,1919600
2011-06-13,66.19999694824219,66.2300033569336,65.52999877929688,65.73999786376953,49.741817474365234,1591200
2011-06-14,66.19999694824219,66.19999694824219,65.3499984741211,65.73999786376953,49.741817474365234,2028500
2011-06-15,65.31999969482422,65.38999938964844,64.11000061035156,64.25,48.61442184448242,2679800
2011-06-16,64.16999816894531,65.12000274658203,64.16999816894531,64.76000213623047,49.000308990478516,2385100
2011-06-17,65.06999969482422,65.41000366210938,64.2300033569336,64.30999755859375,48.659812927246094,2803100
2011-06-20,64.01000213623047,64.75,63.5,64.48999786376953,48.79601287841797,2048400
2011-06-21,64.77999877929688,65.23999786376953,64.30000305175781,64.8499984741211,49.06837844848633,2292800
2011-06-22,64.63999938964844,65.4000015258789,64.62000274658203,64.79000091552734,49.023006439208984,1797500
2011-06-23,64.12999725341797,64.68000030517578,63.5,64.4800033569336,48.7884407043457,1519700
2011-06-24,64.41999816894531,64.56999969482422,63.77000045776367,63.95000076293945,48.38742446899414,2049300
2011-06-27,63.81999969482422,65.08000183105469,63.81999969482422,64.7300033569336,48.97760772705078,1213500
2011-06-28,64.66999816894531,64.81999969482422,64.43000030517578,64.70999908447266,49.228660583496094,1737200
2011-06-29,65.05000305175781,66.13999938964844,64.94999694824219,66.08000183105469,50.2708854675293,2331500
2011-06-30,66.23999786376953,66.25,65.54000091552734,65.81999969482422,50.07310104370117,1529300
2011-07-01,65.68000030517578,66.3499984741211,65.61000061035156,66.26000213623047,50.40784454345703,1856800
2011-07-05,66.26000213623047,66.27999877929688,65.1500015258789,65.30000305175781,49.67750549316406,1647000
2011-07-06,65.30000305175781,65.4000015258789,64.91999816894531,65.29000091552734,49.66991424560547,1147100
2011-07-07,65.88999938964844,66.20999908447266,65.44999694824219,66.16000366210938,50.331756591796875,1023900
2011-07-08,65.45999908447266,65.73999786376953,65.0,65.63999938964844,49.9361572265625,1277500
2011-07-11,64.83000183105469,65.16999816894531,64.37000274658203,64.48999786376953,49.0612907409668,1085500
2011-07-12,64.25,65.62999725341797,64.0999984741211,64.81999969482422,49.31233215332031,2006500
2011-07-13,64.94000244140625,65.72000122070312,64.86000061035156,65.0199966430664,49.464481353759766,1219200
2011-07-14,65.31999969482422,65.5199966430664,64.68000030517578,64.7699966430664,49.27429962158203,1656800
2011-07-15,64.80000305175781,64.95999908447266,63.939998626708984,64.56999969482422,49.12214279174805,1373000
2011-07-18,64.41000366210938,64.41000366210938,63.5,63.689998626708984,48.45267868041992,2104600
2011-07-19,63.869998931884766,64.01000213623047,63.349998474121094,63.869998931884766,48.58961486816406,1592400
2011-07-20,63.93000030517578,63.9900016784668,63.369998931884766,63.72999954223633,48.48311996459961,1171500
2011-07-21,64.16999816894531,65.63999938964844,64.12000274658203,65.26000213623047,49.647071838378906,2191300
2011-07-22,66.25,66.25,65.29000091552734,65.77999877929688,50.04269027709961,1169200
2011-07-25,65.04000091552734,65.81999969482422,64.91999816894531,65.48999786376953,49.822044372558594,1348700
2011-07-26,65.36000061035156,66.5,65.2699966430664,65.87999725341797,50.11874771118164,2026900
2011-07-27,67.5,68.68000030517578,67.44999694824219,68.37999725341797,52.0206298828125,5591900
2011-07-28,67.83999633789062,69.12999725341797,67.0,67.12999725341797,51.0696907043457,2796100
2011-07-29,66.97000122070312,67.33000183105469,66.47000122070312,66.9800033569336,50.95556640625,2522500
2011-08-01,67.70999908447266,67.87000274658203,65.80000305175781,66.20999908447266,50.36980056762695,1960300
2011-08-02,65.95999908447266,67.06999969482422,65.87999725341797,66.5,50.590423583984375,3928600
2011-08-03,66.4000015258789,67.0,66.05000305175781,66.88999938964844,50.88711929321289,2932600
2011-08-04,65.08000183105469,66.05999755859375,64.0999984741211,64.1500015258789,48.802635192871094,3979400
2011-08-05,65.0999984741211,65.12999725341797,62.439998626708984,63.18000030517578,48.06471252441406,4215600
2011-08-08,61.79999923706055,62.380001068115234,58.939998626708984,58.97999954223633,44.86952209472656,5876500
2011-08-09,60.15999984741211,63.33000183105469,59.099998474121094,63.25,48.11794662475586,4493400
2011-08-10,62.20000076293945,62.2599983215332,59.16999816894531,59.349998474121094,45.1509895324707,3722400
2011-08-11,60.02000045776367,64.4000015258789,59.5,63.41999816894531,48.24727249145508,5465600
2011-08-12,63.779998779296875,63.779998779296875,62.119998931884766,62.72999954223633,47.722347259521484,2438400
2011-08-15,63.31999969482422,64.20999908447266,63.04999923706055,64.19000244140625,48.83306884765625,1740000
2011-08-16,63.29999923706055,63.59000015258789,62.720001220703125,63.29999923706055,48.15599060058594,2264100
2011-08-17,63.560001373291016,64.08999633789062,63.41999816894531,63.939998626708984,48.642887115478516,1581400
2011-08-18,62.099998474121094,62.720001220703125,60.720001220703125,61.06999969482422,46.459503173828125,3289600
2011-08-19,60.47999954223633,61.060001373291016,59.880001068115234,59.97999954223633,45.63026809692383,4760000
2011-08-22,61.41999816894531,61.68000030517578,59.779998779296875,59.900001525878906,45.56941223144531,2565500
2011-08-23,60.0,61.970001220703125,59.7400016784668,61.970001220703125,47.14419174194336,2577300
2011-08-24,61.81999969482422,63.119998931884766,61.529998779296875,62.59000015258789,47.6158447265625,2510400
2011-08-25,63.31999969482422,63.689998626708984,60.959999084472656,61.38999938964844,46.70293426513672,2789100
2011-08-26,61.04999923706055,62.68000030517578,59.5,62.400001525878906,47.47129821777344,2444500
2011-08-29,63.220001220703125,64.72000122070312,63.18000030517578,64.70999908447266,49.228660583496094,2694700
2011-08-30,64.45999908447266,64.75,63.779998779296875,64.16000366210938,48.81025695800781,1551800
2011-08-31,64.62999725341797,64.83000183105469,64.01000213623047,64.58000183105469,49.129764556884766,1655000
2011-09-01,64.44000244140625,64.8499984741211,63.630001068115234,63.720001220703125,48.47550964355469,1591700
2011-09-02,62.5099983215332,63.810001373291016,62.18000030517578,62.220001220703125,47.334381103515625,1984800
2011-09-06,60.439998626708984,61.66999816894531,60.209999084472656,61.4900016784668,46.77901840209961,1759900
2011-09-07,62.459999084472656,64.23999786376953,62.16999816894531,64.19000244140625,48.83306884765625,1787000
2011-09-08,63.560001373291016,64.48999786376953,63.2599983215332,63.849998474121094,48.57440185546875,1574500
2011-09-09,63.06999969482422,63.4900016784668,61.54999923706055,61.599998474121094,46.862701416015625,2988600
2011-09-12,60.849998474121094,61.880001068115234,60.209999084472656,61.849998474121094,47.05289077758789,2245400
2011-09-13,62.060001373291016,62.290000915527344,61.02000045776367,61.529998779296875,46.8094367980957,1406800
2011-09-14,61.91999816894531,62.0099983215332,60.59000015258789,61.31999969482422,46.64968490600586,2859900
2011-09-15,62.18000030517578,62.45000076293945,61.27000045776367,61.83000183105469,47.03768539428711,2013500
2011-09-16,62.22999954223633,62.88999938964844,61.709999084472656,62.86000061035156,47.821258544921875,2390300
2011-09-19,61.880001068115234,62.68000030517578,61.619998931884766,62.400001525878906,47.47129821777344,1681900
2011-09-20,62.5099983215332,64.05000305175781,62.5099983215332,63.2400016784668,48.1103401184082,1711400
2011-09-21,63.04999923706055,63.400001525878906,60.209999084472656,60.2400016784668,45.82807540893555,2791400
2011-09-22,58.900001525878906,60.13999938964844,58.77000045776367,59.52000045776367,45.28032684326172,3462900
2011-09-23,58.97999954223633,60.470001220703125,58.97999954223633,59.70000076293945,45.417259216308594,2561500
2011-09-26,60.41999816894531,61.349998474121094,59.65999984741211,61.2400016784668,46.58883285522461,1855300
2011-09-27,62.060001373291016,62.52000045776367,60.369998931884766,60.77000045776367,46.23127746582031,3159300
2011-09-28,60.59000015258789,61.060001373291016,60.040000915527344,60.15999984741211,46.032325744628906,4036400
2011-09-29,61.18000030517578,61.72999954223633,60.40999984741211,61.720001220703125,47.22599411010742,3798800
2011-09-30,60.650001525878906,61.77000045776367,60.529998779296875,60.599998474121094,46.368995666503906,2761100
2011-10-03,60.349998474121094,61.27000045776367,59.08000183105469,59.11000061035156,45.22890853881836,2687100
2011-10-04,58.22999954223633,59.7599983215332,56.900001525878906,59.59000015258789,45.5961799621582,3900000
2011-10-05,59.7400016784668,61.2599983215332,59.13999938964844,61.040000915527344,46.7056770324707,2446100
2011-10-06,60.75,61.630001068115234,60.040000915527344,61.56999969482422,47.111202239990234,2480800
2011-10-07,61.970001220703125,62.0099983215332,60.20000076293945,60.34000015258789,46.170066833496094,2054300
2011-10-10,61.439998626708984,62.709999084472656,61.27000045776367,62.68000030517578,47.96055221557617,1839000
2011-10-11,62.02000045776367,63.209999084472656,61.81999969482422,62.72999954223633,47.998802185058594,2127200
2011-10-12,63.20000076293945,63.63999938964844,62.650001525878906,62.790000915527344,48.044708251953125,2350200
2011-10-13,62.11000061035156,62.689998626708984,61.650001525878906,62.40999984741211,47.75395584106445,1467000
2011-10-14,63.220001220703125,63.34000015258789,62.04999923706055,63.150001525878906,48.320159912109375,1231300
2011-10-17,62.68000030517578,62.68000030517578,61.56999969482422,61.66999816894531,47.18772506713867,1566500
2011-10-18,61.72999954223633,64.5199966430664,61.599998474121094,64.02999877929688,48.99352264404297,2651900
2011-10-19,64.19000244140625,66.8499984741211,64.02999877929688,65.94000244140625,50.45499038696289,3837700
2011-10-20,65.73999786376953,68.18000030517578,65.61000061035156,67.97000122070312,52.00826644897461,3926700
2011-10-21,68.72000122070312,70.33999633789062,68.72000122070312,70.19000244140625,53.706939697265625,4402700
2011-10-24,70.26000213623047,71.58000183105469,70.12000274658203,70.56999969482422,53.9976921081543,2866500
2011-10-25,69.37000274658203,70.5,68.58999633789062,69.0,52.79638671875,3006500
2011-10-26,72.12000274658203,73.23999786376953,70.3499984741211,71.0,54.32672119140625,3649000
2011-10-27,71.51000213623047,73.76000213623047,70.87000274658203,73.33000183105469,56.10955047607422,4595200
2011-10-28,72.1500015258789,73.41000366210938,71.44999694824219,72.86000061035156,55.749935150146484,2606800
2011-10-31,71.5999984741211,73.3499984741211,71.5999984741211,72.1500015258789,55.2066535949707,2879900
2011-11-01,69.95999908447266,71.12999725341797,69.25,69.41999816894531,53.11774826049805,3038900
2011-11-02,71.12999725341797,72.19999694824219,70.72000122070312,71.80000305175781,54.93886184692383,2981200
2011-11-03,72.04000091552734,72.80000305175781,71.22000122070312,72.69000244140625,55.619842529296875,2129500
2011-11-04,71.69000244140625,72.31999969482422,71.44999694824219,72.04000091552734,55.12248992919922,1838700
2011-11-07,71.79000091552734,72.27999877929688,71.33999633789062,72.2300033569336,55.267852783203125,1773300
2011-11-08,72.43000030517578,72.86000061035156,71.58999633789062,72.7300033569336,55.650474548339844,1754100
2011-11-09,71.20999908447266,71.45999908447266,70.11000061035156,70.26000213623047,53.76050567626953,2893100
2011-11-10,70.91000366210938,71.12000274658203,69.91999816894531,70.41999816894531,53.88291549682617,2000500
2011-11-11,71.04000091552734,71.62000274658203,70.98999786376953,71.23999786376953,54.51034164428711,1632300
2011-11-14,70.80999755859375,71.0999984741211,70.08000183105469,70.30000305175781,53.79110336303711,1496800
2011-11-15,70.29000091552734,70.83999633789062,69.83999633789062,70.33000183105469,53.81404495239258,1717600
2011-11-16,69.33999633789062,69.81999969482422,68.63999938964844,68.75,52.60511016845703,2529000
2011-11-17,68.63999938964844,68.81999969482422,66.66000366210938,67.08999633789062,51.334930419921875,3243000
2011-11-18,67.4800033569336,68.23999786376953,67.4800033569336,67.87999725341797,51.939388275146484,2759100
2011-11-21,67.11000061035156,67.27999877929688,65.75,66.3499984741211,50.76869583129883,3181500
2011-11-22,66.30999755859375,66.37999725341797,65.72000122070312,65.80000305175781,50.34787368774414,3365800
2011-11-23,65.41000366210938,65.61000061035156,64.55999755859375,64.56999969482422,49.40670394897461,2300200
2011-11-25,64.2699966430664,65.3499984741211,64.08999633789062,64.93000030517578,49.682159423828125,1164500
2011-11-28,66.6500015258789,66.7699966430664,65.58000183105469,66.2300033569336,50.6768798828125,2992100
2011-11-29,66.27999877929688,66.4800033569336,65.88999938964844,66.0199966430664,50.51618957519531,1639300
2011-11-30,67.86000061035156,69.66000366210938,67.29000091552734,69.52999877929688,53.2019157409668,2690200
2011-12-01,69.36000061035156,69.4800033569336,68.44000244140625,68.5999984741211,52.49032211303711,1941400
2011-12-02,68.91000366210938,69.87000274658203,68.23999786376953,68.37999725341797,52.32196807861328,2223500
2011-12-05,69.19000244140625,69.93000030517578,68.5999984741211,69.19000244140625,52.94178009033203,1589100
2011-12-06,69.63999938964844,70.69999694824219,68.9000015258789,70.23999786376953,53.74518966674805,2401600
2011-12-07,69.70999908447266,70.58000183105469,69.30999755859375,70.29000091552734,53.78343963623047,2144200
2011-12-08,70.23999786376953,70.33000183105469,68.54000091552734,68.68000030517578,52.55154037475586,2034700
2011-12-09,69.18000030517578,69.55999755859375,68.7699966430664,69.37000274658203,53.07948684692383,2195700
2011-12-12,68.73999786376953,69.01000213623047,68.05000305175781,68.41000366210938,52.34495162963867,2000500
2011-12-13,68.9800033569336,68.9800033569336,66.7300033569336,67.16000366210938,51.388484954833984,1679200
2011-12-14,66.63999938964844,67.95999908447266,66.44000244140625,67.26000213623047,51.465003967285156,2355400
2011-12-15,67.9800033569336,67.9800033569336,66.83000183105469,66.91999816894531,51.204856872558594,2024900
2011-12-16,67.43000030517578,67.54000091552734,66.44000244140625,66.73999786376953,51.06710433959961,2797600
2011-12-19,66.68000030517578,67.27999877929688,66.25,66.29000091552734,50.7227897644043,2227600
2011-12-20,67.27999877929688,68.47000122070312,67.2699966430664,68.05999755859375,52.077125549316406,2373500
2011-12-21,68.12999725341797,69.33000183105469,67.98999786376953,69.26000213623047,52.99534225463867,1567600
2011-12-22,69.0999984741211,69.97000122070312,69.01000213623047,69.95999908447266,53.530941009521484,1460000
2011-12-23,70.20999908447266,70.54000091552734,69.95999908447266,70.47000122070312,53.92119216918945,673600
2011-12-27,70.29000091552734,70.80999755859375,70.16999816894531,70.58999633789062,54.013004302978516,650000
2011-12-28,70.55000305175781,70.55000305175781,69.80000305175781,69.97000122070312,53.538612365722656,1136000
2011-12-29,70.02999877929688,70.66999816894531,70.02999877929688,70.56999969482422,53.9976921081543,1260400
2011-12-30,70.66999816894531,70.8499984741211,70.0999984741211,70.12000274658203,53.65337371826172,886200
2012-01-03,71.20999908447266,71.55000305175781,70.16999816894531,70.33000183105469,53.81404495239258,1465200
2012-01-04,69.95999908447266,70.30999755859375,69.41000366210938,69.66000366210938,53.3013916015625,1436900
2012-01-05,69.27999877929688,69.9000015258789,68.63999938964844,69.86000061035156,53.45442581176758,2145200
2012-01-06,69.98999786376953,70.27999877929688,69.1500015258789,70.02999877929688,53.58450698852539,1472500
2012-01-09,70.0,70.44999694824219,69.55999755859375,70.3499984741211,53.82936096191406,1852800
2012-01-10,70.61000061035156,71.0,70.02999877929688,70.80000305175781,54.53805160522461,2235000
2012-01-11,70.36000061035156,70.62000274658203,69.55000305175781,69.73999786376953,53.72150802612305,1851600
2012-01-12,70.0199966430664,70.47000122070312,69.41999816894531,70.08999633789062,53.99110794067383,1406900
2012-01-13,69.37999725341797,69.8499984741211,68.80000305175781,69.76000213623047,53.73692321777344,1471600
2012-01-17,70.4800033569336,70.77999877929688,69.69000244140625,69.95999908447266,53.8909912109375,1570300
2012-01-18,69.8499984741211,70.11000061035156,69.30999755859375,70.08999633789062,53.99110794067383,2124400
2012-01-19,70.27999877929688,71.06999969482422,69.80999755859375,70.93000030517578,54.63818359375,2100600
2012-01-20,71.08000183105469,73.05999755859375,70.91999816894531,72.66999816894531,55.978511810302734,4149200
2012-01-23,72.4800033569336,72.69000244140625,71.22000122070312,71.80000305175781,55.30838394165039,1698100
2012-01-24,71.2300033569336,71.31999969482422,70.61000061035156,71.08999633789062,54.76144790649414,1882200
2012-01-25,70.7699966430664,71.7300033569336,70.2699966430664,71.66999816894531,55.20819854736328,1917000
2012-01-26,71.75,71.79000091552734,70.76000213623047,71.25,54.884674072265625,2134100
2012-01-27,70.72000122070312,70.72000122070312,68.69000244140625,69.45999908447266,53.5058479309082,3697400
2012-01-30,69.0199966430664,69.31999969482422,68.52999877929688,68.9800033569336,53.13610076904297,2023300
2012-01-31,69.4000015258789,70.11000061035156,68.87000274658203,69.5999984741211,53.61368179321289,2777800
2012-02-01,71.13999938964844,72.87000274658203,71.13999938964844,72.5,55.84758377075195,3806500
2012-02-02,72.66999816894531,72.66999816894531,72.12000274658203,72.4800033569336,55.83219528198242,1857100
2012-02-03,72.81999969482422,74.26000213623047,72.44999694824219,74.20999908447266,57.164817810058594,3341400
2012-02-06,73.58000183105469,73.6500015258789,72.73999786376953,72.9800033569336,56.217342376708984,1747500
2012-02-07,72.4800033569336,74.5,72.44999694824219,74.19999694824219,57.1570930480957,1821100
2012-02-08,74.19000244140625,74.23999786376953,73.13999938964844,73.5999984741211,56.694915771484375,1369300
2012-02-09,73.5199966430664,73.87000274658203,73.2699966430664,73.56999969482422,56.67179489135742,1188800
2012-02-10,72.70999908447266,73.31999969482422,72.55999755859375,73.08000183105469,56.29436111450195,1190500
2012-02-13,73.62000274658203,74.06999969482422,73.30000305175781,73.94000244140625,56.95680236816406,1128900
2012-02-14,73.73999786376953,73.73999786376953,73.05000305175781,73.5999984741211,56.694915771484375,1217300
2012-02-15,73.9000015258789,73.94000244140625,72.83000183105469,72.94000244140625,56.18651580810547,1282400
2012-02-16,73.05999755859375,73.43000030517578,72.87000274658203,73.19999694824219,56.38681411743164,1716400
2012-02-17,73.55000305175781,73.79000091552734,73.26000213623047,73.58000183105469,56.679500579833984,1314000
2012-02-21,73.7699966430664,74.05000305175781,73.30000305175781,73.98999786376953,56.995323181152344,1232100
2012-02-22,73.97000122070312,74.12000274658203,72.70999908447266,72.79000091552734,56.07096862792969,1185000
2012-02-23,72.87000274658203,73.56999969482422,72.86000061035156,73.3499984741211,56.50234603881836,1377700
2012-02-24,73.5999984741211,73.9000015258789,73.0199966430664,73.12999725341797,56.33287048339844,980900
2012-02-27,72.51000213623047,73.12000274658203,72.30999755859375,72.83000183105469,56.10177230834961,1542900
2012-02-28,73.01000213623047,73.01000213623047,71.72000122070312,72.0999984741211,55.53947067260742,1653900
2012-02-29,72.11000061035156,72.4000015258789,71.5,71.70999908447266,55.2390251159668,1913100
2012-03-01,71.58000183105469,72.87999725341797,71.58000183105469,72.41000366210938,55.778228759765625,1783800
2012-03-02,72.2300033569336,72.55000305175781,71.87000274658203,72.44999694824219,55.80906677246094,1468400
2012-03-05,72.1500015258789,72.8499984741211,71.9000015258789,72.7699966430664,56.05555725097656,1171300
2012-03-06,72.11000061035156,72.81999969482422,71.37000274658203,71.62000274658203,55.16968536376953,1926400
2012-03-07,71.62000274658203,72.0,71.11000061035156,71.54000091552734,55.10807800292969,1479200
2012-03-08,71.94999694824219,71.94999694824219,71.05000305175781,71.48999786376953,55.069557189941406,1760100
2012-03-09,71.47000122070312,71.69999694824219,71.33999633789062,71.68000030517578,55.2159309387207,2472500
2012-03-12,71.61000061035156,72.3499984741211,71.55000305175781,71.81999969482422,55.323768615722656,1266000
2012-03-13,72.56999969482422,73.05000305175781,72.0,72.63999938964844,55.95541763305664,2548000
2012-03-14,72.19999694824219,73.52999877929688,72.19999694824219,73.3499984741211,56.50234603881836,1834900
2012-03-15,73.1500015258789,73.80999755859375,72.80999755859375,73.37000274658203,56.517757415771484,2090500
2012-03-16,73.31999969482422,73.4000015258789,72.2300033569336,72.2699966430664,55.670413970947266,2317500
2012-03-19,71.94999694824219,73.5,71.94999694824219,73.23999786376953,56.41761779785156,2188400
2012-03-20,73.0,74.02999877929688,72.66000366210938,73.94000244140625,56.95680236816406,1949800
2012-03-21,74.16000366210938,74.2699966430664,73.41999816894531,73.66000366210938,56.74113464355469,1727000
2012-03-22,73.16000366210938,73.70999908447266,72.6500015258789,72.83999633789062,56.10947799682617,1816900
2012-03-23,72.8499984741211,73.18000030517578,72.5199966430664,72.75,56.0401725769043,1094800
2012-03-26,73.16000366210938,74.16000366210938,73.02999877929688,74.16000366210938,57.12629699707031,1559300
2012-03-27,74.08999633789062,74.2699966430664,73.41000366210938,73.44000244140625,56.5716667175293,1288900
2012-03-28,73.2300033569336,73.45999908447266,72.58000183105469,73.33999633789062,56.85850143432617,1489800
2012-03-29,72.87000274658203,73.19000244140625,72.55000305175781,73.0999984741211,56.67244338989258,1052400
2012-03-30,73.47000122070312,73.72000122070312,72.94999694824219,73.19999694824219,56.75,1387300
2012-04-02,73.26000213623047,74.55999755859375,73.08000183105469,74.19999694824219,57.52524948120117,1519800
2012-04-03,73.98999786376953,74.33999633789062,72.98999786376953,73.5199966430664,56.998046875,1934900
2012-04-04,72.83000183105469,73.73999786376953,72.77999877929688,73.43000030517578,56.92830276489258,1307500
2012-04-05,73.11000061035156,73.52999877929688,72.94000244140625,73.18000030517578,56.73448944091797,785400
2012-04-09,72.44999694824219,72.55000305175781,71.97000122070312,72.25,56.01347351074219,1104400
2012-04-10,72.13999938964844,72.27999877929688,71.4000015258789,71.55999755859375,55.47854995727539,1954200
2012-04-11,72.33000183105469,72.33000183105469,71.44999694824219,72.11000061035156,55.904945373535156,1177200
2012-04-12,72.08999633789062,73.02999877929688,71.70999908447266,73.0199966430664,56.61042404174805,1207300
2012-04-13,72.83999633789062,72.95999908447266,71.55999755859375,71.55999755859375,55.47854995727539,1452100
2012-04-16,71.72000122070312,72.66999816894531,71.66999816894531,72.44000244140625,56.16078567504883,1335600
2012-04-17,72.86000061035156,73.08000183105469,72.2300033569336,72.95999908447266,56.56391525268555,1279300
2012-04-18,72.5199966430664,72.68000030517578,72.12000274658203,72.3499984741211,56.09098815917969,1663500
2012-04-19,72.66999816894531,74.98999786376953,72.66999816894531,74.83999633789062,58.02141189575195,3129200
2012-04-20,74.87999725341797,75.4800033569336,74.83999633789062,75.30000305175781,58.37805938720703,2936000
2012-04-23,74.69999694824219,74.83999633789062,74.33000183105469,74.5,57.75785827636719,1657600
2012-04-24,74.56999969482422,75.5,74.30000305175781,75.23999786376953,58.3315544128418,1968600
2012-04-25,75.5999984741211,76.05999755859375,74.2300033569336,75.94999694824219,58.88196563720703,2594400
2012-04-26,75.37999725341797,77.02999877929688,75.33000183105469,76.95999908447266,59.66501998901367,1668800
2012-04-27,77.19000244140625,77.19000244140625,75.9000015258789,76.36000061035156,59.1998405456543,1390700
2012-04-30,76.30000305175781,76.6500015258789,75.76000213623047,75.97000122070312,58.89749526977539,1376300
2012-05-01,76.56999969482422,77.30000305175781,76.37999725341797,76.76000213623047,59.50996017456055,1876700
2012-05-02,76.51000213623047,76.9800033569336,76.13999938964844,76.83000183105469,59.5642204284668,1170300
2012-05-03,77.3499984741211,77.41999816894531,76.68000030517578,77.0,59.696014404296875,1450900
2012-05-04,76.87000274658203,77.1500015258789,76.12999725341797,76.44000244140625,59.261878967285156,1406800
2012-05-07,75.93000030517578,76.5199966430664,74.9000015258789,76.44999694824219,59.26960372924805,1351600
2012-05-08,75.88999938964844,76.41999816894531,75.23999786376953,75.81999969482422,58.78119659423828,1571100
2012-05-09,73.55999755859375,75.83999633789062,73.4800033569336,75.2699966430664,58.35478210449219,1889000
2012-05-10,75.77999877929688,76.45999908447266,75.51000213623047,75.95999908447266,58.88972091674805,1257000
2012-05-11,75.36000061035156,76.45999908447266,75.04000091552734,76.2699966430664,59.13007354736328,1482500
2012-05-14,75.55000305175781,75.94999694824219,75.2699966430664,75.4800033569336,58.517616271972656,1574400
2012-05-15,75.31999969482422,76.05999755859375,75.18000030517578,75.66000366210938,58.657161712646484,1746200
2012-05-16,75.80000305175781,76.25,75.0999984741211,75.26000213623047,58.34703063964844,1747800
2012-05-17,75.2300033569336,75.30000305175781,73.41000366210938,73.41999816894531,56.92055130004883,1739300
2012-05-18,74.25,74.25,71.83000183105469,72.0199966430664,55.83517074584961,2287800
2012-05-21,72.30999755859375,73.05999755859375,71.9800033569336,72.72000122070312,56.37784957885742,1842100
2012-05-22,72.91999816894531,73.4800033569336,72.23999786376953,72.52999877929688,56.230567932128906,2116300
2012-05-23,72.20999908447266,73.05999755859375,71.44999694824219,72.87000274658203,56.4941520690918,1775900
2012-05-24,73.04000091552734,73.30000305175781,72.25,73.23999786376953,56.781009674072266,1098200
2012-05-25,73.13999938964844,73.88999938964844,73.06999969482422,73.18000030517578,56.73448944091797,1377400
2012-05-29,73.41999816894531,73.66999816894531,72.91000366210938,73.43000030517578,56.92830276489258,1252700
2012-05-30,72.97000122070312,72.97000122070312,71.87999725341797,71.94000244140625,55.77314758300781,1415700
2012-05-31,71.98999786376953,72.80999755859375,71.45999908447266,72.33000183105469,56.075496673583984,1884400
2012-06-01,71.37000274658203,71.80000305175781,70.20999908447266,70.22000122070312,54.43968200683594,1795800
2012-06-04,70.31999969482422,70.45999908447266,69.79000091552734,70.0,54.26912307739258,1290100
2012-06-05,69.86000061035156,70.69999694824219,69.5199966430664,70.33999633789062,54.532718658447266,1581000
2012-06-06,70.91999816894531,72.33000183105469,70.6500015258789,72.33000183105469,56.075496673583984,2226000
2012-06-07,73.16999816894531,73.4800033569336,72.37000274658203,72.55000305175781,56.24606704711914,1855000
2012-06-08,72.25,72.8499984741211,71.70999908447266,72.8499984741211,56.478633880615234,1173000
2012-06-11,73.33999633789062,73.3499984741211,71.30000305175781,71.36000061035156,55.3234977722168,1240000
2012-06-12,71.4800033569336,72.12999725341797,71.31999969482422,72.08999633789062,55.88943099975586,1179400
2012-06-13,71.73999786376953,71.97000122070312,71.0199966430664,71.2300033569336,55.22270965576172,975100
2012-06-14,71.45999908447266,72.86000061035156,71.43000030517578,72.61000061035156,56.29255676269531,1476800
2012-06-15,72.98999786376953,73.12000274658203,72.37000274658203,72.75,56.401126861572266,1727900
2012-06-18,72.41999816894531,72.88999938964844,71.93000030517578,72.2699966430664,56.02898025512695,855100
2012-06-19,72.63999938964844,73.22000122070312,72.47000122070312,73.08999633789062,56.66471481323242,1294000
2012-06-20,73.19000244140625,73.63999938964844,72.63999938964844,72.98999786376953,56.5871696472168,1154600
2012-06-21,73.38999938964844,73.62999725341797,71.36000061035156,71.41000366210938,55.36224365234375,1318200
2012-06-22,71.61000061035156,72.62999725341797,71.52999877929688,72.27999877929688,56.03673553466797,1515300
2012-06-25,71.31999969482422,71.52999877929688,70.63999938964844,70.7300033569336,54.83505630493164,1380300
2012-06-26,70.9800033569336,71.61000061035156,70.73999786376953,71.26000213623047,55.245948791503906,1599100
2012-06-27,71.51000213623047,71.94999694824219,71.01000213623047,71.80999755859375,55.672367095947266,1006300
2012-06-28,71.33000183105469,72.3499984741211,70.88999938964844,72.30000305175781,56.052242279052734,1204100
2012-06-29,73.8499984741211,74.1500015258789,73.2300033569336,74.12999725341797,57.47100067138672,2129300
2012-07-02,74.30000305175781,74.8499984741211,73.86000061035156,74.44000244140625,57.71131896972656,1076500
2012-07-03,74.2300033569336,74.9800033569336,73.97000122070312,74.93000030517578,58.09120559692383,574600
2012-07-05,74.81999969482422,74.81999969482422,73.48999786376953,73.5199966430664,56.998046875,1612100
2012-07-06,72.77999877929688,72.94000244140625,72.30999755859375,72.52999877929688,56.230567932128906,1364000
2012-07-09,72.52999877929688,72.70999908447266,72.0,72.33000183105469,56.075496673583984,998400
2012-07-10,72.41999816894531,72.83000183105469,71.23999786376953,71.26000213623047,55.245948791503906,2098300
2012-07-11,70.94999694824219,71.04000091552734,70.0999984741211,70.27999877929688,54.48618698120117,3424400
2012-07-12,69.95999908447266,71.9000015258789,69.83999633789062,71.5199966430664,55.44750213623047,2674300
2012-07-13,71.76000213623047,72.87000274658203,71.5999984741211,72.80999755859375,56.4476432800293,2116600
2012-07-16,72.51000213623047,72.66000366210938,72.05000305175781,72.20999908447266,55.98246765136719,965000
2012-07-17,72.41000366210938,72.63999938964844,71.20999908447266,72.0,55.81965637207031,2068100
2012-07-18,71.6500015258789,72.55000305175781,71.36000061035156,72.19999694824219,55.974735260009766,1254700
2012-07-19,72.13999938964844,72.6500015258789,71.5,71.63999938964844,55.54055404663086,1806200
2012-07-20,71.16000366210938,71.29000091552734,70.44999694824219,70.77999877929688,54.87382888793945,1809400
2012-07-23,69.70999908447266,70.04000091552734,69.48999786376953,69.88999938964844,54.18383026123047,2426900
2012-07-24,70.05000305175781,70.12999725341797,68.9800033569336,69.16999816894531,53.625640869140625,2097200
2012-07-25,71.19999694824219,72.7699966430664,70.61000061035156,72.30999755859375,56.05998229980469,3278800
2012-07-26,73.0199966430664,73.54000091552734,72.12000274658203,72.23999786376953,56.00572204589844,1763500
2012-07-27,72.5,74.0,72.25,73.55999755859375,57.41853713989258,2058000
2012-07-30,73.30000305175781,73.80000305175781,72.94000244140625,73.55000305175781,57.41075134277344,1214800
2012-07-31,73.36000061035156,73.81999969482422,73.11000061035156,73.5,57.37171173095703,2415200
2012-08-01,73.66000366210938,74.26000213623047,72.98999786376953,73.11000061035156,57.06729507446289,1545000
2012-08-02,72.52999877929688,72.94000244140625,71.86000061035156,72.55999755859375,56.637969970703125,1452000
2012-08-03,73.45999908447266,74.05999755859375,73.43000030517578,73.66000366210938,57.496620178222656,1683100
2012-08-06,73.7699966430664,74.31999969482422,73.55999755859375,73.69000244140625,57.520015716552734,1208900
2012-08-07,73.79000091552734,73.97000122070312,73.04000091552734,73.20999908447266,57.145355224609375,1916000
2012-08-08,72.80000305175781,73.75,72.80000305175781,73.30000305175781,57.21562194824219,1701700
2012-08-09,73.16999816894531,73.37999725341797,72.87000274658203,73.12000274658203,57.07510757446289,1296900
2012-08-10,72.54000091552734,72.83999633789062,72.33999633789062,72.73999786376953,56.77848815917969,1131600
2012-08-13,72.48999786376953,72.72000122070312,72.0999984741211,72.44999694824219,56.55209732055664,1014900
2012-08-14,72.68000030517578,72.88999938964844,72.12000274658203,72.30999755859375,56.442832946777344,805900
2012-08-15,72.37000274658203,73.54000091552734,72.36000061035156,72.91000366210938,56.91119384765625,939600
2012-08-16,72.8499984741211,73.27999877929688,72.62999725341797,73.20999908447266,57.145355224609375,898100
2012-08-17,73.5,73.83000183105469,72.86000061035156,73.45999908447266,57.34049987792969,1495000
2012-08-20,73.20999908447266,74.12000274658203,73.20999908447266,74.08999633789062,57.83224105834961,1350600
2012-08-21,74.12000274658203,74.29000091552734,73.4800033569336,74.12999725341797,57.86347579956055,2153100
2012-08-22,74.0199966430664,74.5,73.86000061035156,74.30000305175781,57.99616241455078,1470500
2012-08-23,74.22000122070312,74.2699966430664,73.87999725341797,74.12000274658203,57.85566329956055,1486300
2012-08-24,73.83000183105469,74.66000366210938,73.83000183105469,74.25,57.95712661743164,1506100
2012-08-27,74.30000305175781,74.38999938964844,73.8499984741211,73.91000366210938,57.69172668457031,956100
2012-08-28,73.62000274658203,74.19999694824219,73.41999816894531,73.87000274658203,57.660526275634766,1189300
2012-08-29,73.9000015258789,73.94000244140625,73.41000366210938,73.63999938964844,57.480995178222656,798900
2012-08-30,73.1500015258789,73.75,73.1500015258789,73.5199966430664,57.387325286865234,974000
2012-08-31,73.9000015258789,74.30000305175781,73.47000122070312,73.7300033569336,57.55123519897461,1167200
2012-09-04,73.61000061035156,74.70999908447266,73.61000061035156,74.58999633789062,58.22252655029297,1294300
2012-09-05,74.70999908447266,74.81999969482422,74.16999816894531,74.33000183105469,58.01959228515625,2040000
2012-09-06,74.66999816894531,75.12999725341797,74.66999816894531,75.12999725341797,58.644020080566406,1609500
2012-09-07,75.38999938964844,75.43000030517578,74.94999694824219,75.06999969482422,58.597225189208984,1183000
2012-09-10,75.12000274658203,75.2300033569336,74.68000030517578,74.80999755859375,58.394264221191406,2025000
2012-09-11,74.55999755859375,75.12999725341797,74.45999908447266,75.08999633789062,58.61280822753906,1810600
2012-09-12,75.19999694824219,75.70999908447266,74.86000061035156,75.55000305175781,58.971885681152344,1601800
2012-09-13,75.44000244140625,77.05000305175781,75.05000305175781,77.04000091552734,60.13492202758789,1932100
2012-09-14,76.27999877929688,77.8499984741211,76.27999877929688,77.02999877929688,60.12710189819336,1775900
2012-09-17,76.91999816894531,77.01000213623047,76.19000244140625,76.38999938964844,59.62754821777344,1243900
2012-09-18,76.44999694824219,77.08999633789062,76.08999633789062,76.8499984741211,59.98659133911133,1046200
2012-09-19,76.87999725341797,77.0,76.19000244140625,76.19999694824219,59.47925567626953,1275000
2012-09-20,75.76000213623047,76.41000366210938,75.25,76.31999969482422,59.572914123535156,1520400
2012-09-21,76.69000244140625,76.72000122070312,75.91000366210938,75.93000030517578,59.26848220825195,1828300
2012-09-24,75.80999755859375,76.30999755859375,75.51000213623047,76.08000183105469,59.38558578491211,1354400
2012-09-25,76.37999725341797,76.66999816894531,75.25,75.55000305175781,58.971885681152344,2633300
2012-09-26,75.37999725341797,75.97000122070312,74.98999786376953,75.20999908447266,59.08974075317383,1641700
2012-09-27,75.51000213623047,75.66999816894531,75.04000091552734,75.52999877929688,59.34114456176758,939400
2012-09-28,75.2300033569336,75.91000366210938,74.81999969482422,75.5999984741211,59.396148681640625,1415100
2012-10-01,75.81999969482422,77.16999816894531,75.75,76.94000244140625,60.44892883300781,2129900
2012-10-02,77.08999633789062,77.27999877929688,76.77999877929688,77.05999755859375,60.54319381713867,1734300
2012-10-03,77.29000091552734,77.54000091552734,76.91000366210938,77.36000061035156,60.77892303466797,1719200
2012-10-04,77.79000091552734,78.3499984741211,77.52999877929688,77.86000061035156,61.17173385620117,1468300
2012-10-05,78.18000030517578,78.58999633789062,77.95999908447266,78.12999725341797,61.38386917114258,1336400
2012-10-08,78.05000305175781,78.25,77.80000305175781,78.06999969482422,61.33671569824219,656800
2012-10-09,78.05999755859375,78.25,77.36000061035156,77.44000244140625,60.841766357421875,1164900
2012-10-10,77.51000213623047,77.81999969482422,77.3499984741211,77.54000091552734,60.920318603515625,978800
2012-10-11,77.81999969482422,78.12999725341797,77.29000091552734,77.94999694824219,61.242462158203125,1073800
2012-10-12,77.9000015258789,78.1500015258789,76.95999908447266,77.01000213623047,60.50392532348633,958100
2012-10-15,77.31999969482422,77.7300033569336,77.12999725341797,77.66999816894531,61.022457122802734,752800
2012-10-16,78.06999969482422,78.93000030517578,77.95999908447266,78.69999694824219,61.83167266845703,1018100
2012-10-17,78.87999725341797,79.3499984741211,78.69000244140625,79.29000091552734,62.29523468017578,922500
2012-10-18,80.04000091552734,82.04000091552734,79.80000305175781,81.69999694824219,64.18868255615234,3023500
2012-10-19,81.63999938964844,82.06999969482422,80.13999938964844,80.5199966430664,63.26157760620117,1657800
2012-10-22,79.1500015258789,81.11000061035156,79.1500015258789,80.88999938964844,63.55229949951172,1367200
2012-10-23,79.69999694824219,80.4000015258789,79.25,80.25,63.04948425292969,2821400
2012-10-24,80.3499984741211,81.8499984741211,79.56999969482422,79.73999786376953,62.64878845214844,2632300
2012-10-25,79.98999786376953,80.63999938964844,79.30000305175781,80.01000213623047,62.860939025878906,1848700
2012-10-26,79.93000030517578,79.9800033569336,78.79000091552734,79.3499984741211,62.342369079589844,1570300
2012-10-31,78.80000305175781,79.37000274658203,78.31999969482422,78.6500015258789,61.79239273071289,2377300
2012-11-01,79.05000305175781,79.55999755859375,77.87999725341797,78.33000183105469,61.540985107421875,1960700
2012-11-02,78.51000213623047,78.61000061035156,76.94000244140625,77.5,60.88889694213867,2188200
2012-11-05,77.69999694824219,77.95999908447266,76.80000305175781,77.93000030517578,61.226715087890625,1413200
2012-11-06,77.91999816894531,79.20999908447266,77.5999984741211,79.04000091552734,62.09880828857422,1601900
2012-11-07,78.0199966430664,78.48999786376953,77.36000061035156,77.87999725341797,61.18745803833008,2194700
2012-11-08,77.93000030517578,78.62999725341797,77.54000091552734,78.0199966430664,61.297454833984375,1671600
2012-11-09,77.73999786376953,78.87000274658203,77.41000366210938,78.1500015258789,61.399593353271484,1328000
2012-11-12,77.93000030517578,78.16000366210938,77.20999908447266,77.55000305175781,60.92818069458008,1143500
2012-11-13,77.23999786376953,77.91999816894531,76.8499984741211,76.87000274658203,60.393917083740234,1138900
2012-11-14,76.87000274658203,77.19999694824219,75.94999694824219,76.0999984741211,59.78895568847656,1213000
2012-11-15,76.12000274658203,77.4000015258789,75.95999908447266,76.7300033569336,60.283931732177734,1753200
2012-11-16,76.75,77.4000015258789,76.02999877929688,77.30000305175781,60.731746673583984,1158800
2012-11-19,77.8499984741211,78.86000061035156,77.52999877929688,78.19999694824219,61.43887710571289,1604200
2012-11-20,78.19999694824219,78.69999694824219,77.79000091552734,78.63999938964844,61.78455352783203,1336400
2012-11-21,78.5,78.73999786376953,77.91000366210938,78.72000122070312,61.84741973876953,1008300
2012-11-23,79.05000305175781,79.83999633789062,79.0,79.80000305175781,62.69593811035156,410700
2012-11-26,79.22000122070312,79.41000366210938,78.55999755859375,78.9800033569336,62.05168151855469,1027900
2012-11-27,77.58000183105469,79.11000061035156,77.58000183105469,78.41999816894531,61.61171340942383,1056400
2012-11-28,78.13999938964844,79.12000274658203,77.86000061035156,78.98999786376953,62.05952453613281,1400600
2012-11-29,79.22000122070312,79.83999633789062,78.9800033569336,79.62000274658203,62.55451583862305,1133200
2012-11-30,79.5,79.58000183105469,78.81999969482422,79.2300033569336,62.24810028076172,1373300
2012-12-03,79.37999725341797,79.91000366210938,79.16999816894531,79.2300033569336,62.24810028076172,1019100
2012-12-04,79.37000274658203,79.73999786376953,79.16999816894531,79.37000274658203,62.35809326171875,1485500
2012-12-05,79.55999755859375,80.45999908447266,79.52999877929688,80.30999755859375,63.09660720825195,1799200
2012-12-06,80.33999633789062,80.58999633789062,80.08000183105469,80.55000305175781,63.2851676940918,1310000
2012-12-07,80.76000213623047,81.19999694824219,80.41999816894531,80.97000122070312,63.615142822265625,1377500
2012-12-10,80.76000213623047,81.19000244140625,80.37999725341797,80.81999969482422,63.49728012084961,1310200
2012-12-11,80.93000030517578,80.98999786376953,79.69000244140625,79.91000366210938,62.782352447509766,2273500
2012-12-12,80.26000213623047,81.43000030517578,80.12000274658203,80.87999725341797,63.544437408447266,2021700
2012-12-13,80.54000091552734,80.69000244140625,79.63999938964844,79.76000213623047,63.046451568603516,1389200
2012-12-14,79.4800033569336,79.73999786376953,78.98999786376953,79.31999969482422,62.69862747192383,1369000
2012-12-17,80.0199966430664,81.37000274658203,79.97000122070312,80.9000015258789,63.94757843017578,1822300
2012-12-18,81.05999755859375,81.48999786376953,80.4800033569336,81.33999633789062,64.29534149169922,1960800
2012-12-19,81.6500015258789,81.87000274658203,80.94000244140625,80.98999786376953,64.0186996459961,1685300
2012-12-20,80.9000015258789,81.70999908447266,80.68000030517578,81.63999938964844,64.53247833251953,1298900
2012-12-21,81.3499984741211,81.63999938964844,80.01000213623047,80.06999969482422,63.2914924621582,2635400
2012-12-24,79.81999969482422,80.33000183105469,79.7300033569336,80.05000305175781,63.27569580078125,472500
2012-12-26,80.13999938964844,80.4000015258789,79.69000244140625,80.0,63.23615646362305,787600
2012-12-27,80.11000061035156,80.27999877929688,78.80000305175781,79.62000274658203,62.9357795715332,1068300
2012-12-28,79.11000061035156,79.62000274658203,78.87999725341797,78.97000122070312,62.4220085144043,966800
2012-12-31,78.80999755859375,79.83000183105469,78.44999694824219,79.80000305175781,63.07807540893555,1133800
2013-01-02,81.19999694824219,81.79000091552734,80.55999755859375,81.79000091552734,64.65109252929688,1668900
2013-01-03,81.83999633789062,82.29000091552734,81.63999938964844,82.22000122070312,64.99100494384766,1396200
2013-01-04,82.2300033569336,82.38999938964844,81.75,82.31999969482422,65.07000732421875,1995200
2013-01-07,81.9000015258789,82.22000122070312,80.97000122070312,81.31999969482422,64.279541015625,1249000
2013-01-08,81.0,81.2300033569336,79.79000091552734,79.98999786376953,63.22826385498047,2192300
2013-01-09,80.19999694824219,80.80999755859375,80.12999725341797,80.63999938964844,63.742034912109375,1281200
2013-01-10,81.02999877929688,82.11000061035156,80.83999633789062,82.04000091552734,64.84868621826172,2347200
2013-01-11,82.08000183105469,82.80000305175781,81.9000015258789,82.76000213623047,65.41781616210938,1177600
2013-01-14,82.63999938964844,83.16999816894531,82.38999938964844,83.02999877929688,65.63121795654297,892800
2013-01-15,82.51000213623047,83.52999877929688,82.33000183105469,83.41999816894531,65.93952178955078,1195600
2013-01-16,83.0999984741211,83.25,82.76000213623047,82.94000244140625,65.56007385253906,1113500
2013-01-17,83.13999938964844,83.47000122070312,82.70999908447266,83.2300033569336,65.7893295288086,962100
2013-01-18,83.01000213623047,83.3499984741211,82.66000366210938,83.23999786376953,65.7972412109375,1436700
2013-01-22,83.73999786376953,84.8499984741211,83.66000366210938,84.8499984741211,67.0698471069336,1990100
2013-01-23,84.51000213623047,84.80000305175781,84.16999816894531,84.6500015258789,66.91175842285156,1017400
2013-01-24,84.86000061035156,85.41999816894531,84.69999694824219,85.30999755859375,67.43345642089844,1671500
2013-01-25,85.62000274658203,85.72000122070312,84.80999755859375,85.33999633789062,67.45716857910156,1229200
2013-01-28,85.58999633789062,85.58999633789062,84.58000183105469,84.66000366210938,66.9196548461914,1090800
2013-01-29,84.58000183105469,85.4800033569336,84.58000183105469,84.94000244140625,67.14097595214844,1590800
2013-01-30,84.30999755859375,84.51000213623047,82.94000244140625,83.9000015258789,66.31893920898438,2793700
2013-01-31,84.0,85.36000061035156,84.0,85.33000183105469,67.44925689697266,3704300
2013-02-01,86.08999633789062,86.66000366210938,85.27999877929688,85.58999633789062,67.65480041503906,2173800
2013-02-04,84.97000122070312,85.22000122070312,84.48999786376953,84.5,66.79319763183594,1927100
2013-02-05,84.55000305175781,85.81999969482422,83.33000183105469,85.66000366210938,67.7101058959961,2620200
2013-02-06,85.1500015258789,85.66999816894531,84.97000122070312,85.61000061035156,67.67058563232422,2368300
2013-02-07,85.6500015258789,85.81999969482422,84.76000213623047,85.23999786376953,67.37812042236328,1905900
2013-02-08,85.0999984741211,86.2300033569336,85.01000213623047,86.19999694824219,68.13697052001953,1796900
2013-02-11,85.93000030517578,86.7699966430664,85.55999755859375,86.41000366210938,68.30297088623047,1333900
2013-02-12,86.33999633789062,86.95999908447266,86.0999984741211,86.81999969482422,68.62702178955078,875500
2013-02-13,86.88999938964844,86.9800033569336,86.25,86.66000366210938,68.50056457519531,839700
2013-02-14,86.12999725341797,86.69999694824219,86.12000274658203,86.44000244140625,68.32667541503906,1201400
2013-02-15,86.66000366210938,86.75,86.08000183105469,86.5,68.37410736083984,1052700
2013-02-19,86.70999908447266,87.08999633789062,86.41000366210938,86.94999694824219,68.72981262207031,1224900
2013-02-20,87.05000305175781,87.41000366210938,85.94999694824219,85.97000122070312,67.95516967773438,1658400
2013-02-21,85.94000244140625,86.47000122070312,85.72000122070312,86.1500015258789,68.09745025634766,2008600
2013-02-22,86.55000305175781,86.87000274658203,86.44999694824219,86.69000244140625,68.52426147460938,1222700
2013-02-25,86.8499984741211,86.9000015258789,84.41000366210938,84.41999816894531,66.7299575805664,1373100
2013-02-26,84.77999877929688,85.3499984741211,84.5999984741211,85.02999877929688,67.21214294433594,1575900
2013-02-27,84.73999786376953,85.80000305175781,84.69999694824219,85.7699966430664,67.79707336425781,1383600
2013-02-28,85.5999984741211,86.16000366210938,85.38999938964844,85.38999938964844,67.49669647216797,1285200
2013-03-01,85.13999938964844,85.70999908447266,84.70999908447266,85.66999816894531,67.7180404663086,1030100
2013-03-04,85.3499984741211,85.86000061035156,85.19000244140625,85.77999877929688,67.80498504638672,977300
2013-03-05,86.13999938964844,87.08999633789062,86.13999938964844,86.75,68.57170867919922,814800
2013-03-06,87.12000274658203,87.33999633789062,86.5199966430664,86.66000366210938,68.50056457519531,1160600
2013-03-07,86.68000030517578,87.0,86.55999755859375,86.62000274658203,68.46894836425781,874300
2013-03-08,87.0,87.23999786376953,86.58000183105469,86.9800033569336,68.75350952148438,1302000
2013-03-11,86.9000015258789,87.3499984741211,86.63999938964844,87.33999633789062,69.03807067871094,1099700
2013-03-12,87.36000061035156,88.5199966430664,87.23999786376953,88.04000091552734,69.5914077758789,1952900
2013-03-13,87.9800033569336,88.6500015258789,87.83000183105469,88.5999984741211,70.0340347290039,937700
2013-03-14,88.70999908447266,89.05999755859375,88.58999633789062,89.05999755859375,70.39765167236328,951500
2013-03-15,88.77999877929688,88.91000366210938,88.26000213623047,88.26000213623047,69.76530456542969,2131000
2013-03-18,87.51000213623047,88.36000061035156,87.45999908447266,87.70999908447266,69.3305435180664,972600
2013-03-19,87.7699966430664,88.1500015258789,87.31999969482422,87.73999786376953,69.35425567626953,1327700
2013-03-20,88.2699966430664,88.68000030517578,88.05999755859375,88.44999694824219,69.91547393798828,935500
2013-03-21,88.05999755859375,88.55999755859375,87.61000061035156,87.69000244140625,69.31475067138672,844000
2013-03-22,87.98999786376953,88.31999969482422,87.81999969482422,88.31999969482422,69.81271362304688,1088800
2013-03-25,88.63999938964844,88.9800033569336,88.05000305175781,88.47000122070312,69.9312973022461,986500
2013-03-26,88.08000183105469,88.37999725341797,87.66999816894531,88.29000091552734,70.17768859863281,1367600
2013-03-27,87.83999633789062,88.45999908447266,87.63999938964844,88.33999633789062,70.2174301147461,954900
2013-03-28,88.45999908447266,89.05000305175781,87.9800033569336,88.97000122070312,70.71819305419922,1490200
2013-04-01,89.0999984741211,89.30000305175781,88.45999908447266,88.69999694824219,70.50357818603516,718000
2013-04-02,89.22000122070312,89.51000213623047,88.58999633789062,88.94999694824219,70.7022933959961,1190700
2013-04-03,89.0199966430664,89.33999633789062,87.86000061035156,88.01000213623047,69.95514678955078,1236100
2013-04-04,88.1500015258789,89.19999694824219,88.1500015258789,89.05999755859375,70.78971099853516,1804600
2013-04-05,88.12000274658203,89.04000091552734,88.01000213623047,88.9800033569336,70.72615814208984,1802800
2013-04-08,88.91999816894531,90.06999969482422,88.83999633789062,90.04000091552734,71.56868743896484,1370700
2013-04-09,90.5,91.16999816894531,90.13999938964844,90.52999877929688,71.95816802978516,1298500
2013-04-10,90.58999633789062,91.04000091552734,90.1500015258789,90.94000244140625,72.2840805053711,1150000
2013-04-11,91.20999908447266,92.27999877929688,91.11000061035156,91.91000366210938,73.0550765991211,1531500
2013-04-12,91.69999694824219,91.98999786376953,91.19000244140625,91.98999786376953,73.11863708496094,1070900
2013-04-15,91.76000213623047,91.76000213623047,88.76000213623047,88.80999755859375,70.59102630615234,2243400
2013-04-16,89.56999969482422,89.97000122070312,89.01000213623047,89.87000274658203,71.43355560302734,1335500
2013-04-17,89.43000030517578,89.55999755859375,88.52999877929688,88.91000366210938,70.67051696777344,1515900
2013-04-18,89.2300033569336,89.36000061035156,88.13999938964844,88.33999633789062,70.2174301147461,1016700
2013-04-19,88.23999786376953,89.16999816894531,88.08999633789062,89.02999877929688,70.76588439941406,1412000
2013-04-22,89.08999633789062,89.55999755859375,88.37000274658203,89.2699966430664,70.9566650390625,1213700
2013-04-23,90.47000122070312,91.75,89.7300033569336,90.0,71.5368881225586,2281400
2013-04-24,90.23999786376953,90.41000366210938,89.29000091552734,89.54000091552734,71.1712646484375,1845400
2013-04-25,89.87999725341797,90.02999877929688,89.30000305175781,89.5,71.13945770263672,1663500
2013-04-26,89.56999969482422,89.83000183105469,88.9000015258789,88.94000244140625,70.69434356689453,1306700
2013-04-29,89.08999633789062,89.3499984741211,88.62000274658203,88.91999816894531,70.678466796875,1272000
2013-04-30,88.95999908447266,89.13999938964844,88.58999633789062,89.13999938964844,70.85330200195312,1477600
2013-05-01,88.77999877929688,89.33999633789062,88.19999694824219,88.30000305175781,70.18565368652344,1236800
2013-05-02,88.5,88.69000244140625,88.18000030517578,88.6500015258789,70.4638442993164,975200
2013-05-03,89.41999816894531,89.95999908447266,89.33000183105469,89.9000015258789,71.4574203491211,1782000
2013-05-06,90.13999938964844,90.94000244140625,89.72000122070312,90.68000030517578,72.07735443115234,1505200
2013-05-07,90.69999694824219,91.52999877929688,90.45999908447266,91.38999938964844,72.6417236328125,1416700
2013-05-08,91.44000244140625,92.2699966430664,91.30000305175781,92.26000213623047,73.333251953125,1223600
2013-05-09,92.19999694824219,92.44000244140625,91.4000015258789,91.77999877929688,72.95172882080078,1903900
2013-05-10,91.70999908447266,91.9000015258789,90.95999908447266,91.5999984741211,72.80864715576172,1245000
2013-05-13,91.41999816894531,91.62000274658203,91.05000305175781,91.41999816894531,72.66557312011719,919700
2013-05-14,91.41000366210938,92.69000244140625,91.38999938964844,92.62000274658203,73.61941528320312,1061900
2013-05-15,92.44999694824219,92.66999816894531,91.70999908447266,92.66999816894531,73.65914916992188,1567300
2013-05-16,92.66999816894531,93.05000305175781,91.91000366210938,92.11000061035156,73.21405792236328,1523400
2013-05-17,92.41999816894531,92.80999755859375,91.25,91.6500015258789,72.848388671875,3063800
2013-05-20,91.45999908447266,91.9000015258789,90.80000305175781,91.04000091552734,72.36353302001953,1387600
2013-05-21,90.94999694824219,91.36000061035156,89.91000366210938,90.01000213623047,71.54486083984375,1564400
2013-05-22,89.91999816894531,90.56999969482422,89.2300033569336,89.55000305175781,71.17919158935547,2512700
2013-05-23,89.05999755859375,89.7300033569336,88.63999938964844,89.11000061035156,70.82948303222656,2179200
2013-05-24,88.7699966430664,89.81999969482422,88.4800033569336,89.77999877929688,71.36202239990234,1412600
2013-05-28,90.62999725341797,90.83000183105469,89.1500015258789,89.51000213623047,71.14742279052734,1766300
2013-05-29,89.04000091552734,89.48999786376953,88.5999984741211,89.12000274658203,70.83741760253906,1432500
2013-05-30,89.45999908447266,90.37999725341797,89.11000061035156,90.0999984741211,71.61637115478516,988000
2013-05-31,90.44000244140625,90.83000183105469,89.66999816894531,89.68000030517578,71.28254699707031,2116500
2013-06-03,89.6500015258789,89.76000213623047,88.2300033569336,88.58000183105469,70.408203125,2267900
2013-06-04,88.55999755859375,89.31999969482422,88.29000091552734,88.79000091552734,70.57510375976562,1416800
2013-06-05,88.69999694824219,88.69999694824219,87.79000091552734,87.8499984741211,69.82794952392578,1623900
2013-06-06,87.87999725341797,89.01000213623047,87.43000030517578,89.01000213623047,70.74998474121094,1518800
2013-06-07,89.80999755859375,89.9000015258789,88.83999633789062,89.87999725341797,71.44151306152344,2708100
2013-06-10,89.91999816894531,90.30999755859375,89.51000213623047,90.2300033569336,71.7197036743164,1411100
2013-06-11,89.41000366210938,90.0999984741211,89.19999694824219,89.43000030517578,71.08382415771484,1425200
2013-06-12,89.80000305175781,90.16999816894531,88.22000122070312,88.31999969482422,70.2015151977539,1061300
2013-06-13,88.25,89.81999969482422,87.81999969482422,89.77999877929688,71.36202239990234,1139600
2013-06-14,89.68000030517578,89.97000122070312,88.5199966430664,88.55000305175781,70.38434600830078,1193100
2013-06-17,89.12999725341797,89.63999938964844,88.76000213623047,89.51000213623047,71.14742279052734,1338500
2013-06-18,89.62999725341797,90.19999694824219,89.51000213623047,90.16000366210938,71.66407012939453,913800
2013-06-19,90.19999694824219,90.31999969482422,88.48999786376953,88.51000213623047,70.35254669189453,1438600
2013-06-20,87.70999908447266,88.08000183105469,86.33999633789062,86.4800033569336,68.73900604248047,2775700
2013-06-21,86.94999694824219,87.0999984741211,85.77999877929688,86.1500015258789,68.4767074584961,3006200
2013-06-24,85.44999694824219,86.3499984741211,84.7300033569336,85.79000091552734,68.1905517578125,2071600
2013-06-25,86.26000213623047,86.69000244140625,85.87999725341797,86.37999725341797,68.65947723388672,1634100
2013-06-26,87.52999877929688,88.86000061035156,87.30000305175781,88.5999984741211,70.4240951538086,2174200
2013-06-27,88.7699966430664,89.55000305175781,88.52999877929688,89.5199966430664,71.15534210205078,1670900
2013-06-28,89.23999786376953,89.94999694824219,88.69999694824219,89.4800033569336,71.12357330322266,1511100
2013-07-01,89.87000274658203,90.41999816894531,89.58999633789062,89.7699966430664,71.35407257080078,1064700
2013-07-02,89.72000122070312,90.27999877929688,88.80999755859375,88.9800033569336,70.72615814208984,1185000
2013-07-03,88.63999938964844,89.25,88.38999938964844,89.0,70.74205780029297,593300
2013-07-05,89.80999755859375,90.12000274658203,89.0199966430664,90.12000274658203,71.63227081298828,964800
2013-07-08,90.33999633789062,91.55000305175781,90.33999633789062,91.47000122070312,72.705322265625,1278100
2013-07-09,92.19999694824219,92.44999694824219,91.68000030517578,92.37999725341797,73.42861938476562,1363800
2013-07-10,92.25,92.3499984741211,91.0,91.75,72.92787170410156,1288000
2013-07-11,92.95999908447266,92.95999908447266,91.87999725341797,92.2699966430664,73.3412094116211,1458200
2013-07-12,92.27999877929688,93.56999969482422,92.27999877929688,93.5,74.31888580322266,1350500
2013-07-15,93.62999725341797,93.95999908447266,93.13999938964844,93.7300033569336,74.50170135498047,1126700
2013-07-16,93.83999633789062,94.30999755859375,93.06999969482422,93.22000122070312,74.0963134765625,1077800
2013-07-17,93.51000213623047,94.29000091552734,93.44000244140625,94.2300033569336,74.89913177490234,1422300
2013-07-18,94.3499984741211,95.26000213623047,94.19000244140625,95.26000213623047,75.71781921386719,1094000
2013-07-19,94.77999877929688,94.9800033569336,94.0199966430664,94.73999786376953,75.70980072021484,977900
2013-07-22,94.5,95.5999984741211,94.44999694824219,95.58000183105469,76.381103515625,1102000
2013-07-23,95.55999755859375,95.58000183105469,93.08999633789062,93.2300033569336,74.503173828125,2063800
2013-07-24,93.81999969482422,94.88999938964844,91.68000030517578,91.87999725341797,73.42432403564453,2175000
2013-07-25,91.55999755859375,92.45999908447266,91.02999877929688,92.43000030517578,73.86383819580078,1447300
2013-07-26,92.16000366210938,92.45999908447266,91.37999725341797,92.33000183105469,73.78390502929688,1451400
2013-07-29,92.4000015258789,92.4000015258789,91.61000061035156,91.79000091552734,73.35240173339844,1027400
2013-07-30,92.16000366210938,92.5199966430664,91.05999755859375,91.33000183105469,72.98480224609375,888700
2013-07-31,91.66999816894531,91.94999694824219,91.22000122070312,91.37999725341797,73.02473449707031,1249300
2013-08-01,92.16999816894531,92.62999725341797,91.95999908447266,92.33000183105469,73.78390502929688,850500
2013-08-02,92.19999694824219,92.31999969482422,91.69999694824219,91.94999694824219,73.48023986816406,1335100
2013-08-05,91.93000030517578,92.2699966430664,90.69000244140625,90.95999908447266,72.6891098022461,1323200
2013-08-06,90.94999694824219,90.94999694824219,89.5999984741211,90.0999984741211,72.00186157226562,1986400
2013-08-07,89.98999786376953,90.16999816894531,89.22000122070312,89.7699966430664,71.73812866210938,1215700
2013-08-08,90.11000061035156,90.5,89.56999969482422,89.87000274658203,71.81804656982422,1053400
2013-08-09,89.81999969482422,90.19000244140625,89.2699966430664,89.73999786376953,71.71415710449219,1221600
2013-08-12,89.48999786376953,90.2699966430664,89.05000305175781,89.81999969482422,71.7780990600586,855600
2013-08-13,89.87000274658203,90.58999633789062,89.18000030517578,90.3499984741211,72.2016372680664,1269200
2013-08-14,90.19000244140625,90.75,90.08000183105469,90.54000091552734,72.35347747802734,1169300
2013-08-15,89.63999938964844,89.98999786376953,88.8499984741211,89.63999938964844,71.63423919677734,1385300
2013-08-16,89.72000122070312,90.51000213623047,89.44000244140625,89.55000305175781,71.56231689453125,1239600
2013-08-19,89.2699966430664,89.55000305175781,88.87000274658203,88.87000274658203,71.01895141601562,908900
2013-08-20,88.93000030517578,89.81999969482422,88.69000244140625,89.44000244140625,71.47444152832031,773100
2013-08-21,89.22000122070312,90.33000183105469,88.72000122070312,89.36000061035156,71.41049194335938,1246300
2013-08-22,89.27999877929688,90.8499984741211,89.12999725341797,90.5999984741211,72.40142059326172,767200
2013-08-23,90.58999633789062,90.77999877929688,89.83999633789062,90.44000244140625,72.27355194091797,680800
2013-08-26,90.44000244140625,90.51000213623047,89.66999816894531,89.76000213623047,71.73015594482422,885700
2013-08-27,88.77999877929688,89.26000213623047,88.41000366210938,88.44999694824219,70.68328094482422,1033900
2013-08-28,88.16999816894531,88.47000122070312,87.68000030517578,87.94000244140625,70.27574157714844,1720600
2013-08-29,87.86000061035156,88.93000030517578,87.66999816894531,88.26000213623047,70.5314712524414,763400
2013-08-30,88.31999969482422,88.41000366210938,87.4000015258789,87.72000122070312,70.09991455078125,1211000
2013-09-03,88.69000244140625,89.19999694824219,87.8499984741211,88.27999877929688,70.54741668701172,1232200
2013-09-04,88.37000274658203,88.88999938964844,88.0,88.2300033569336,70.50749969482422,1478300
2013-09-05,88.18000030517578,88.69999694824219,88.08999633789062,88.19000244140625,70.47551727294922,1093800
2013-09-06,88.44000244140625,88.9000015258789,87.11000061035156,88.19000244140625,70.47551727294922,950200
2013-09-09,88.37999725341797,89.66999816894531,88.29000091552734,89.5,71.5223617553711,1026500
2013-09-10,90.04000091552734,90.16999816894531,89.30000305175781,90.01000213623047,71.92997741699219,871600
2013-09-11,89.94999694824219,92.2300033569336,89.9000015258789,92.22000122070312,73.69601440429688,1818200
2013-09-12,92.08000183105469,92.08000183105469,90.9000015258789,91.05000305175781,72.76106262207031,1247500
2013-09-13,91.4000015258789,91.94999694824219,91.16000366210938,91.66999816894531,73.25648498535156,962700
2013-09-16,92.98999786376953,92.98999786376953,92.11000061035156,92.4000015258789,73.83985137939453,922400
2013-09-17,92.44999694824219,92.87999725341797,92.33000183105469,92.80000305175781,74.15950775146484,844500
2013-09-18,92.91999816894531,94.41000366210938,92.61000061035156,94.3499984741211,75.39813995361328,1171200
2013-09-19,94.51000213623047,95.4800033569336,94.5,95.3499984741211,76.19731140136719,1367500
2013-09-20,95.44000244140625,95.9000015258789,94.86000061035156,94.98999786376953,75.90961456298828,1828600
2013-09-23,94.88999938964844,95.20999908447266,94.13999938964844,94.33000183105469,75.38220977783203,1386800
2013-09-24,94.12000274658203,95.5,94.12000274658203,94.66000366210938,75.64588928222656,1160500
2013-09-25,94.76000213623047,95.4800033569336,94.55999755859375,95.2699966430664,76.13339233398438,1111800
2013-09-26,95.19999694824219,95.19999694824219,94.22000122070312,94.66999816894531,76.06109619140625,942100
2013-09-27,94.41000366210938,94.5999984741211,94.0,94.31999969482422,75.77984619140625,755300
2013-09-30,93.3499984741211,93.88999938964844,92.91999816894531,93.55999755859375,75.16921997070312,1232600
2013-10-01,93.7300033569336,94.48999786376953,93.56999969482422,94.0199966430664,75.53883361816406,797400
2013-10-02,93.69000244140625,94.12999725341797,93.16000366210938,94.12999725341797,75.62721252441406,963200
2013-10-03,93.70999908447266,94.0,92.16999816894531,92.29000091552734,74.1489028930664,1446200
2013-10-04,92.29000091552734,92.9000015258789,92.02999877929688,92.87999725341797,74.6229019165039,921600
2013-10-07,92.37000274658203,92.94000244140625,91.91000366210938,92.47000122070312,74.29354095458984,891700
2013-10-08,92.52999877929688,92.66999816894531,91.12000274658203,91.16000366210938,73.24101257324219,1044100
2013-10-09,91.62000274658203,91.86000061035156,90.5199966430664,91.01000213623047,73.1205062866211,1000900
2013-10-10,91.87000274658203,93.19000244140625,91.86000061035156,93.16999816894531,74.8559341430664,883900
2013-10-11,93.01000213623047,94.16999816894531,92.62999725341797,94.0999984741211,75.60308837890625,698500
2013-10-14,93.66999816894531,94.55999755859375,93.48999786376953,94.5,75.92446899414062,725100
2013-10-15,94.05000305175781,94.66999816894531,93.76000213623047,93.79000091552734,75.35404968261719,822000
2013-10-16,94.27999877929688,96.04000091552734,94.20999908447266,95.75,76.92876434326172,1245200
2013-10-17,95.37999725341797,96.98999786376953,95.12999725341797,96.9000015258789,77.85271453857422,874100
2013-10-18,96.52999877929688,96.98999786376953,96.05999755859375,96.97000122070312,77.90896606445312,1431800
2013-10-21,97.08000183105469,97.68000030517578,97.05000305175781,97.4800033569336,78.3187026977539,1068400
2013-10-22,97.9800033569336,98.38999938964844,97.69000244140625,97.80000305175781,78.57583618164062,1690300
2013-10-23,95.33000183105469,98.06999969482422,95.33000183105469,96.29000091552734,77.36263275146484,1728400
2013-10-24,96.77999877929688,97.08000183105469,96.56999969482422,96.73999786376953,77.72415161132812,946500
2013-10-25,97.0,97.23999786376953,95.9800033569336,96.13999938964844,77.24211120605469,1049000
2013-10-28,96.06999969482422,96.25,95.68000030517578,95.81999969482422,76.9850082397461,1285000
2013-10-29,96.20999908447266,96.56999969482422,95.91999816894531,96.38999938964844,77.44296264648438,909000
2013-10-30,96.6500015258789,96.79000091552734,95.86000061035156,96.23999786376953,77.32247924804688,1348700
2013-10-31,96.20999908447266,96.31999969482422,95.43000030517578,95.44000244140625,76.6797103881836,1161700
2013-11-01,95.44000244140625,96.08000183105469,95.08999633789062,95.86000061035156,77.01713562011719,1321700
2013-11-04,96.08000183105469,96.56999969482422,95.95999908447266,96.4800033569336,77.5152587890625,1174800
2013-11-05,96.4000015258789,96.69000244140625,95.91000366210938,96.61000061035156,77.61972045898438,845000
2013-11-06,97.01000213623047,97.80999755859375,96.66000366210938,97.77999877929688,78.55973052978516,942000
2013-11-07,97.55000305175781,98.0,97.30000305175781,97.4000015258789,78.25443267822266,2037900
2013-11-08,97.5199966430664,98.33999633789062,97.19000244140625,98.27999877929688,78.96144104003906,1485700
2013-11-11,98.37000274658203,98.94999694824219,98.2699966430664,98.5199966430664,79.15426635742188,1146300
2013-11-12,98.20999908447266,98.36000061035156,95.86000061035156,96.41000366210938,77.45906829833984,2667500
2013-11-13,96.19999694824219,97.4000015258789,96.19000244140625,97.30000305175781,78.17407989501953,1597500
2013-11-14,97.58000183105469,98.37000274658203,97.25,98.30000305175781,78.97754669189453,843400
2013-11-15,98.30000305175781,98.72000122070312,98.08000183105469,98.69999694824219,79.29888916015625,1019800
2013-11-18,98.75,99.4000015258789,98.2699966430664,98.43000030517578,79.08193969726562,884000
2013-11-19,98.2699966430664,98.77999877929688,98.0999984741211,98.55000305175781,79.17839813232422,1033300
2013-11-20,98.95999908447266,99.0199966430664,97.58000183105469,97.8499984741211,78.6159896850586,922800
2013-11-21,98.29000091552734,101.87999725341797,98.16000366210938,101.52999877929688,81.57261657714844,2750100
2013-11-22,101.45999908447266,102.7699966430664,101.1500015258789,102.58999633789062,82.42426300048828,1684000
2013-11-25,102.91000366210938,102.91999816894531,102.26000213623047,102.45999908447266,82.3198013305664,863400
2013-11-26,102.2699966430664,103.22000122070312,102.0199966430664,102.62000274658203,82.44835662841797,1340000
2013-11-27,102.66000366210938,103.55999755859375,102.5,103.1500015258789,82.87419128417969,1121700
2013-11-29,103.31999969482422,104.06999969482422,102.61000061035156,102.77999877929688,82.57689666748047,617000
2013-12-02,102.58999633789062,102.81999969482422,101.62999725341797,101.79000091552734,81.781494140625,1417900
2013-12-03,101.41000366210938,101.93000030517578,100.56999969482422,101.4000015258789,81.46818542480469,1424200
2013-12-04,101.22000122070312,102.27999877929688,100.16999816894531,101.05000305175781,81.18698120117188,1001600
2013-12-05,100.63999938964844,100.94999694824219,99.69999694824219,100.08999633789062,80.4156723022461,1080700
2013-12-06,101.08000183105469,102.1500015258789,101.01000213623047,101.94999694824219,81.9100570678711,1031100
2013-12-09,102.01000213623047,102.30000305175781,101.23999786376953,101.5999984741211,81.62886810302734,1063000
2013-12-10,101.25,101.70999908447266,101.12000274658203,101.25,81.34761047363281,921400
2013-12-11,101.13999938964844,101.3499984741211,99.69000244140625,99.9000015258789,80.26303100585938,1321900
2013-12-12,99.83000183105469,100.26000213623047,99.47000122070312,99.56999969482422,79.99789428710938,1461300
2013-12-13,99.69000244140625,100.01000213623047,99.18000030517578,99.26000213623047,79.74884033203125,1121000
2013-12-16,99.30000305175781,99.95999908447266,99.0,99.19999694824219,79.70064544677734,1156200
2013-12-17,99.61000061035156,99.66000366210938,98.76000213623047,98.80000305175781,79.37925720214844,1233300
2013-12-18,98.98999786376953,100.05999755859375,98.22000122070312,100.04000091552734,80.37550354003906,1757200
2013-12-19,99.8499984741211,100.41999816894531,99.62999725341797,100.36000061035156,80.6325912475586,1811200
2013-12-20,100.41999816894531,101.55000305175781,100.29000091552734,101.19000244140625,81.29945373535156,1362600
2013-12-23,101.83000183105469,101.91000366210938,101.13999938964844,101.75,81.74937438964844,904100
2013-12-24,101.5999984741211,102.06999969482422,101.3499984741211,102.06999969482422,82.0064697265625,492200
2013-12-26,102.16000366210938,102.8499984741211,101.94999694824219,102.69000244140625,82.50459289550781,586200
2013-12-27,102.87999725341797,102.87999725341797,102.31999969482422,102.62000274658203,82.44835662841797,527700
2013-12-30,102.63999938964844,103.20999908447266,102.61000061035156,102.91999816894531,82.68940734863281,518900
2013-12-31,103.16000366210938,103.76000213623047,103.05999755859375,103.52999877929688,83.17949676513672,686400
2014-01-02,102.77999877929688,103.38999938964844,101.33000183105469,101.69999694824219,81.70921325683594,1112600
2014-01-03,101.91000366210938,102.1500015258789,101.2300033569336,101.44000244140625,81.50031280517578,1120800
2014-01-06,102.41999816894531,102.5199966430664,100.73999786376953,101.08999633789062,81.21913146972656,1304100
2014-01-07,101.01000213623047,101.36000061035156,100.16999816894531,100.2699966430664,80.5602798461914,2214100
2014-01-08,100.11000061035156,100.36000061035156,98.52999877929688,99.02999877929688,79.56404113769531,2781700
2014-01-09,99.31999969482422,99.45999908447266,98.1500015258789,98.9000015258789,79.4596176147461,2097000
2014-01-10,99.19000244140625,99.2699966430664,97.8499984741211,98.66999816894531,79.27481079101562,2760900
2014-01-13,98.33999633789062,98.68000030517578,96.70999908447266,96.91999816894531,78.36915588378906,2459200
2014-01-14,96.87000274658203,98.05000305175781,96.7300033569336,97.69999694824219,78.99989318847656,1878300
2014-01-15,98.13999938964844,98.61000061035156,97.66000366210938,97.98999786376953,79.23439025878906,1583900
2014-01-16,97.79000091552734,98.16000366210938,97.1500015258789,97.30000305175781,78.67644500732422,1564900
2014-01-17,97.31999969482422,97.72000122070312,96.83999633789062,97.0999984741211,78.51473236083984,4253700
2014-01-21,97.27999877929688,97.55999755859375,96.01000213623047,96.37000274658203,77.92445373535156,2649000
2014-01-22,96.61000061035156,96.98999786376953,95.97000122070312,96.01000213623047,77.63334655761719,1615500
2014-01-23,96.23999786376953,96.23999786376953,94.01000213623047,94.18000030517578,76.15362548828125,2879500
2014-01-24,94.18000030517578,94.18000030517578,92.19000244140625,92.19000244140625,74.54451751708984,2526500
2014-01-27,92.0199966430664,93.80000305175781,92.0,93.05000305175781,75.2398910522461,3022500
2014-01-28,93.19000244140625,94.8499984741211,93.11000061035156,94.56999969482422,76.46897888183594,2603200
2014-01-29,93.88999938964844,94.52999877929688,92.88999938964844,94.02999877929688,76.03233337402344,3466700
2014-01-30,94.63999938964844,95.37000274658203,94.04000091552734,95.13999938964844,76.92985534667969,2339300
2014-01-31,93.73999786376953,94.44999694824219,93.5199966430664,93.80999755859375,75.85440063476562,2871400
2014-02-03,93.44000244140625,93.87999725341797,92.26000213623047,92.5999984741211,74.87601470947266,3813700
2014-02-04,93.20999908447266,93.62999725341797,92.58999633789062,92.83999633789062,75.07007598876953,2569000
2014-02-05,92.54000091552734,93.56999969482422,92.5199966430664,93.25,75.40161895751953,2561300
2014-02-06,93.38999938964844,94.19000244140625,93.02999877929688,93.48999786376953,75.59564971923828,2986500
2014-02-07,94.08000183105469,94.6500015258789,93.6500015258789,94.5999984741211,76.49324035644531,2124700
2014-02-10,94.19000244140625,95.02999877929688,93.93000030517578,95.02999877929688,76.84090423583984,1712500
2014-02-11,95.33000183105469,96.8499984741211,95.22000122070312,96.80999755859375,78.28022766113281,2353900
2014-02-12,96.19999694824219,96.55999755859375,95.62000274658203,95.70999908447266,77.3907699584961,1676800
2014-02-13,95.0,96.19999694824219,94.94999694824219,96.13999938964844,77.73847961425781,1339900
2014-02-14,96.13999938964844,96.98999786376953,96.0,96.97000122070312,78.40960693359375,1426200
2014-02-18,97.0999984741211,97.5999984741211,96.83999633789062,97.45999908447266,78.8058090209961,1450400
2014-02-19,97.2699966430664,97.87000274658203,96.63999938964844,96.66999816894531,78.16703796386719,1517300
2014-02-20,96.5999984741211,97.27999877929688,95.88999938964844,96.77999877929688,78.25595092773438,1579200
2014-02-21,97.08000183105469,97.8499984741211,96.66999816894531,97.19000244140625,78.5875015258789,1264100
2014-02-24,97.0999984741211,97.86000061035156,96.77999877929688,96.79000091552734,78.2640609741211,1409700
2014-02-25,96.7300033569336,96.91000366210938,96.33999633789062,96.52999877929688,78.05382537841797,1268500
2014-02-26,96.37999725341797,96.80000305175781,95.97000122070312,96.0999984741211,77.70611572265625,1126600
2014-02-27,96.0199966430664,96.9800033569336,95.95999908447266,96.76000213623047,78.23979949951172,1250200
2014-02-28,97.0,98.0999984741211,96.8499984741211,97.87000274658203,79.1373519897461,1780000
2014-03-03,96.72000122070312,97.01000213623047,95.8499984741211,96.41999816894531,77.9648666381836,1376200
2014-03-04,97.44000244140625,97.5999984741211,97.05000305175781,97.47000122070312,78.81389617919922,1918600
2014-03-05,97.52999877929688,97.93000030517578,97.16000366210938,97.66000366210938,78.96754455566406,1172400
2014-03-06,97.77999877929688,98.56999969482422,97.4800033569336,98.1500015258789,79.36373901367188,1331100
2014-03-07,98.44000244140625,98.76000213623047,97.55000305175781,97.7699966430664,79.05646514892578,1789800
2014-03-10,97.48999786376953,98.11000061035156,97.37000274658203,97.80000305175781,79.08075714111328,1744400
2014-03-11,98.0999984741211,98.31999969482422,97.16999816894531,97.33999633789062,78.7087631225586,814400
2014-03-12,97.05999755859375,97.61000061035156,96.61000061035156,97.51000213623047,78.84625244140625,1149100
2014-03-13,97.93000030517578,97.93000030517578,97.0,97.55000305175781,78.87860870361328,2275600
2014-03-14,97.37000274658203,98.0199966430664,97.22000122070312,97.77999877929688,79.06455993652344,1647900
2014-03-17,98.18000030517578,98.87999725341797,97.91000366210938,98.77999877929688,79.8731460571289,1269900
2014-03-18,98.93000030517578,99.2300033569336,98.62000274658203,99.19999694824219,80.2127685546875,1433000
2014-03-19,99.26000213623047,99.56999969482422,97.80999755859375,98.16999816894531,79.37989807128906,1273100
2014-03-20,97.91999816894531,98.58000183105469,97.41999816894531,98.41000366210938,79.57398223876953,1861800
2014-03-21,98.62000274658203,100.58999633789062,98.0,99.26000213623047,80.26129150390625,2472600
2014-03-24,99.55000305175781,99.75,98.62999725341797,99.06999969482422,80.1076431274414,1793200
2014-03-25,99.33999633789062,99.55999755859375,98.88999938964844,99.12999725341797,80.15618133544922,1273600
2014-03-26,95.0,99.0999984741211,95.0,97.69000244140625,79.49699401855469,1176200
2014-03-27,97.56999969482422,97.81999969482422,97.13999938964844,97.58999633789062,79.4156494140625,1571000
2014-03-28,98.06999969482422,98.20999908447266,97.56999969482422,97.88999938964844,79.65977478027344,935400
2014-03-31,98.66000366210938,99.11000061035156,98.51000213623047,99.05999755859375,80.61186981201172,1222400
2014-04-01,99.30000305175781,99.52999877929688,98.4800033569336,99.08000183105469,80.628173828125,1361600
2014-04-02,98.98999786376953,99.33000183105469,98.55999755859375,98.81999969482422,80.41656494140625,1694900
2014-04-03,99.05000305175781,99.4800033569336,98.69000244140625,98.9800033569336,80.54679870605469,1419500
2014-04-04,99.30999755859375,99.62000274658203,98.36000061035156,98.38999938964844,80.0666732788086,1221400
2014-04-07,98.44000244140625,98.72000122070312,97.56999969482422,97.61000061035156,79.43190002441406,922000
2014-04-08,97.62999725341797,98.05000305175781,97.55000305175781,97.79000091552734,79.57837677001953,1052900
2014-04-09,98.08999633789062,99.1500015258789,97.5999984741211,99.12000274658203,80.66071319580078,955100
2014-04-10,99.19999694824219,99.72000122070312,98.58999633789062,98.58999633789062,80.22940826416016,1566800
2014-04-11,98.9800033569336,99.9800033569336,98.33000183105469,99.30999755859375,80.81532287597656,2127200
2014-04-14,99.83000183105469,100.30000305175781,98.81999969482422,99.51000213623047,80.97808837890625,1136500
2014-04-15,99.5,100.11000061035156,99.05000305175781,100.11000061035156,81.46632385253906,1675500
2014-04-16,100.98999786376953,101.37999725341797,100.45999908447266,101.37000274658203,82.49169158935547,1092100
2014-04-17,101.26000213623047,102.02999877929688,100.88999938964844,100.94000244140625,82.14175415039062,1008600
2014-04-21,101.0,101.19999694824219,100.56999969482422,100.80999755859375,82.03594970703125,966500
2014-04-22,100.91999816894531,101.3499984741211,100.62999725341797,101.04000091552734,82.22314453125,1223700
2014-04-23,101.04000091552734,101.9000015258789,100.8499984741211,101.4800033569336,82.58119201660156,1090400
2014-04-24,101.81999969482422,102.1500015258789,101.41000366210938,102.12000274658203,83.10202026367188,1338800
2014-04-25,102.12000274658203,102.22000122070312,101.3499984741211,101.58999633789062,82.67070007324219,1383100
2014-04-28,102.08999633789062,102.58000183105469,101.08999633789062,101.44000244140625,82.54866790771484,1536500
2014-04-29,101.97000122070312,102.69000244140625,101.48999786376953,102.58999633789062,83.48448181152344,1142900
2014-04-30,102.6500015258789,102.66000366210938,100.86000061035156,102.31999969482422,83.26477813720703,1538600
2014-05-01,102.16999816894531,102.75,101.79000091552734,102.01000213623047,83.01249694824219,1533100
2014-05-02,101.7699966430664,102.79000091552734,101.76000213623047,102.05999755859375,83.0531997680664,1053000
2014-05-05,101.94999694824219,102.37999725341797,101.16999816894531,102.19999694824219,83.16710662841797,784700
2014-05-06,101.98999786376953,102.37999725341797,101.69999694824219,101.87999725341797,82.90670776367188,1276600
2014-05-07,102.2699966430664,103.38999938964844,101.8499984741211,103.16999816894531,83.95647430419922,1630400
2014-05-08,102.91999816894531,103.30000305175781,102.06999969482422,102.12000274658203,83.10202026367188,1407500
2014-05-09,101.9800033569336,102.73999786376953,101.8499984741211,102.66000366210938,83.54145050048828,1124500
2014-05-12,103.05999755859375,103.23999786376953,102.7300033569336,102.97000122070312,83.79373931884766,821700
2014-05-13,103.02999877929688,103.5,102.68000030517578,103.44999694824219,84.184326171875,654100
2014-05-14,103.25,103.5,102.4000015258789,102.69999694824219,83.57398223876953,1047600
2014-05-15,102.33000183105469,102.6500015258789,101.77999877929688,102.29000091552734,83.2403335571289,1083900
2014-05-16,102.16999816894531,102.55000305175781,101.72000122070312,102.45999908447266,83.37869262695312,795100
2014-05-19,102.1500015258789,103.02999877929688,102.08000183105469,102.87000274658203,83.71233367919922,708000
2014-05-20,102.87000274658203,103.0,102.22000122070312,102.66999816894531,83.54960632324219,712700
2014-05-21,103.08999633789062,103.43000030517578,102.7300033569336,103.08999633789062,83.891357421875,758400
2014-05-22,103.22000122070312,103.44999694824219,102.86000061035156,102.94000244140625,83.76930236816406,667600
2014-05-23,103.20999908447266,103.23999786376953,102.47000122070312,102.91000366210938,83.7448959350586,750500
2014-05-27,103.4000015258789,103.62000274658203,103.08999633789062,103.3499984741211,84.10294342041016,808400
2014-05-28,103.31999969482422,103.5,102.56999969482422,103.06999969482422,83.87508392333984,965000
2014-05-29,103.29000091552734,103.75,102.79000091552734,103.55000305175781,84.26569366455078,856300
2014-05-30,103.58999633789062,103.80000305175781,103.2300033569336,103.70999908447266,84.3958969116211,1198200
2014-06-02,103.81999969482422,104.05000305175781,103.44000244140625,103.54000091552734,84.25753784179688,720500
2014-06-03,103.41999816894531,103.55999755859375,102.66000366210938,102.8499984741211,83.69605255126953,890600
2014-06-04,102.88999938964844,104.29000091552734,102.75,104.16000366210938,84.7620849609375,1014100
2014-06-05,104.4800033569336,104.54000091552734,103.83000183105469,104.51000213623047,85.04692077636719,1080500
2014-06-06,104.58000183105469,105.01000213623047,104.52999877929688,104.91999816894531,85.38056945800781,1010600
2014-06-09,105.25,105.25,104.63999938964844,104.98999786376953,85.4375228881836,768300
2014-06-10,104.55999755859375,105.08999633789062,104.55999755859375,104.9800033569336,85.42939758300781,664000
2014-06-11,104.4800033569336,104.79000091552734,103.95999908447266,104.19999694824219,84.79464721679688,874600
2014-06-12,104.27999877929688,104.66999816894531,103.66999816894531,103.75,84.4284439086914,745000
2014-06-13,103.8499984741211,104.12999725341797,103.63999938964844,103.9000015258789,84.55049133300781,754700
2014-06-16,104.05999755859375,104.06999969482422,103.27999877929688,103.62999725341797,84.3307876586914,907900
2014-06-17,103.06999969482422,104.55999755859375,102.9800033569336,104.44999694824219,84.99807739257812,771000
2014-06-18,104.44999694824219,104.94999694824219,103.87999725341797,104.80999755859375,85.29106903076172,799900
2014-06-19,104.79000091552734,105.58000183105469,104.58999633789062,105.31999969482422,85.7060775756836,940900
2014-06-20,105.9800033569336,108.62000274658203,104.93000030517578,105.02999877929688,85.4700698852539,1301700
2014-06-23,105.19000244140625,105.44999694824219,104.72000122070312,105.02999877929688,85.4700698852539,605200
2014-06-24,104.69000244140625,105.47000122070312,104.37000274658203,104.45999908447266,85.0062255859375,711400
2014-06-25,104.19999694824219,104.5,103.8499984741211,104.20999908447266,84.80278015136719,923800
2014-06-26,104.27999877929688,104.27999877929688,103.2300033569336,103.4000015258789,84.14360809326172,805500
2014-06-27,103.29000091552734,103.83000183105469,103.04000091552734,103.38999938964844,84.13549041748047,1146200
2014-06-30,103.33000183105469,103.93000030517578,103.30000305175781,103.69999694824219,84.38777923583984,797700
2014-07-01,104.16999816894531,105.05000305175781,104.08999633789062,104.80000305175781,85.28289794921875,905700
2014-07-02,104.87999725341797,105.26000213623047,104.37999725341797,104.4000015258789,84.95740509033203,981800
2014-07-03,104.76000213623047,105.18000030517578,104.5199966430664,105.1500015258789,85.5677261352539,440700
2014-07-07,104.6500015258789,105.31999969482422,104.4000015258789,105.19999694824219,85.60842895507812,805700
2014-07-08,105.3499984741211,105.3499984741211,104.38999938964844,104.44999694824219,84.99807739257812,1322000
2014-07-09,104.77999877929688,104.87999725341797,104.19999694824219,104.66999816894531,85.1771011352539,1042500
2014-07-10,103.37000274658203,104.2699966430664,103.37000274658203,104.26000213623047,84.84346771240234,1150700
2014-07-11,104.22000122070312,104.66999816894531,103.73999786376953,104.5999984741211,85.12016296386719,1156700
2014-07-14,105.22000122070312,105.66000366210938,104.75,104.79000091552734,85.27476501464844,1144400
2014-07-15,105.06999969482422,105.31999969482422,104.80999755859375,105.11000061035156,85.53515625,1159300
2014-07-16,105.47000122070312,105.47000122070312,104.5,104.66000366210938,85.16898345947266,795900
2014-07-17,104.36000061035156,104.97000122070312,103.2699966430664,103.30000305175781,84.06224822998047,836500
2014-07-18,103.22000122070312,104.11000061035156,103.12999725341797,104.08000183105469,84.6969985961914,1044900
2014-07-21,103.51000213623047,103.75,102.9800033569336,103.61000061035156,84.84437561035156,1952300
2014-07-22,103.4000015258789,103.4000015258789,102.4000015258789,103.30999755859375,84.59871673583984,1357200
2014-07-23,103.79000091552734,105.31999969482422,103.76000213623047,104.44000244140625,85.52408599853516,1519900
2014-07-24,104.62000274658203,105.02999877929688,104.19999694824219,104.79000091552734,85.8106689453125,1221900
2014-07-25,104.3499984741211,104.58000183105469,103.41000366210938,103.48999786376953,84.74610137939453,985600
2014-07-28,103.20999908447266,103.4800033569336,102.54000091552734,103.30999755859375,84.59871673583984,1188800
2014-07-29,103.45999908447266,103.66000366210938,102.66999816894531,102.68000030517578,84.08283233642578,1432000
2014-07-30,102.69999694824219,102.87999725341797,101.5199966430664,101.83999633789062,83.39497375488281,1809800
2014-07-31,101.44000244140625,101.80999755859375,100.06999969482422,100.0999984741211,81.97013854980469,2101800
2014-08-01,99.77999877929688,100.7300033569336,99.69999694824219,100.20999908447266,82.06021881103516,1717200
2014-08-04,100.19999694824219,100.37000274658203,99.62999725341797,100.0999984741211,81.97013854980469,2639900
2014-08-05,99.83999633789062,100.37999725341797,99.5999984741211,99.94999694824219,81.84730529785156,2172900
2014-08-06,99.6500015258789,100.31999969482422,99.44999694824219,100.13999938964844,82.00289154052734,3316000
2014-08-07,100.54000091552734,100.54000091552734,99.69000244140625,99.9800033569336,81.87187194824219,2287600
2014-08-08,100.11000061035156,100.6500015258789,99.73999786376953,100.31999969482422,82.15027618408203,2436700
2014-08-11,100.3499984741211,100.7699966430664,99.94000244140625,100.43000030517578,82.24034881591797,1671900
2014-08-12,100.44000244140625,101.44000244140625,100.25,101.33999633789062,82.98551940917969,1480200
2014-08-13,101.81999969482422,102.2699966430664,101.33999633789062,102.20999908447266,83.69795989990234,1472400
2014-08-14,102.44999694824219,103.30999755859375,102.22000122070312,103.27999877929688,84.57418060302734,771000
2014-08-15,103.56999969482422,103.88999938964844,102.55000305175781,103.5,84.75430297851562,1338200
2014-08-18,103.86000061035156,104.30000305175781,103.80000305175781,104.20999908447266,85.33570861816406,912900
2014-08-19,104.52999877929688,104.62000274658203,104.16999816894531,104.2300033569336,85.35211944580078,911600
2014-08-20,104.0,104.5199966430664,103.70999908447266,104.37999725341797,85.4749526977539,1426500
2014-08-21,104.58999633789062,105.4800033569336,104.20999908447266,105.30000305175781,86.22830963134766,855200
2014-08-22,105.11000061035156,105.56999969482422,104.66999816894531,104.76000213623047,85.78611755371094,964600
2014-08-25,105.18000030517578,105.47000122070312,104.83999633789062,105.27999877929688,86.2119369506836,707700
2014-08-26,105.44999694824219,105.88999938964844,105.11000061035156,105.62000274658203,86.49034118652344,567300
2014-08-27,105.37999725341797,106.05000305175781,105.37999725341797,105.9000015258789,86.71963500976562,644300
2014-08-28,105.55999755859375,106.4000015258789,105.44999694824219,106.12000274658203,86.8997802734375,926300
2014-08-29,106.5199966430664,106.55000305175781,105.62999725341797,106.33000183105469,87.07177734375,800200
2014-09-02,106.66000366210938,107.06999969482422,106.23999786376953,106.62999725341797,87.3174057006836,594600
2014-09-03,107.0,107.26000213623047,106.18000030517578,106.43000030517578,87.15364837646484,842300
2014-09-04,106.7699966430664,107.0999984741211,105.77999877929688,105.8499984741211,86.67869567871094,1138800
2014-09-05,105.81999969482422,106.16000366210938,105.37000274658203,106.12999725341797,86.9079818725586,875500
2014-09-08,106.19999694824219,106.62999725341797,105.8499984741211,106.13999938964844,86.91619110107422,562000
2014-09-09,105.93000030517578,106.08999633789062,105.19999694824219,105.51000213623047,86.40027618408203,722400
2014-09-10,105.51000213623047,105.94999694824219,105.31999969482422,105.72000122070312,86.57222747802734,757700
2014-09-11,105.26000213623047,105.8499984741211,105.16000366210938,105.44000244140625,86.3429183959961,776600
2014-09-12,105.18000030517578,105.45999908447266,104.58000183105469,104.88999938964844,85.8925552368164,1053300
2014-09-15,104.69999694824219,105.93000030517578,104.69999694824219,105.66000366210938,86.52310943603516,1250400
2014-09-16,105.3499984741211,106.5199966430664,105.3499984741211,105.9000015258789,86.71963500976562,1729600
2014-09-17,106.1500015258789,106.5,105.7699966430664,106.0199966430664,86.81788635253906,1155900
2014-09-18,106.47000122070312,107.5999984741211,106.2300033569336,107.38999938964844,87.93975830078125,1246800
2014-09-19,107.81999969482422,107.94999694824219,106.91999816894531,107.0,87.62039184570312,1511400
2014-09-22,106.51000213623047,107.0999984741211,106.51000213623047,106.62000274658203,87.30924224853516,792200
2014-09-23,106.6500015258789,106.6500015258789,105.41000366210938,105.41999816894531,86.3265609741211,1265100
2014-09-24,105.45999908447266,106.80000305175781,105.23999786376953,106.58999633789062,87.28467559814453,1016800
2014-09-25,105.87999725341797,106.27999877929688,105.26000213623047,105.5,86.39208221435547,1167600
2014-09-26,104.86000061035156,106.12000274658203,104.6500015258789,105.81999969482422,87.19131469726562,1136400
2014-09-29,104.97000122070312,105.26000213623047,104.41000366210938,104.83999633789062,86.38384246826172,1263200
2014-09-30,104.33999633789062,105.22000122070312,104.0999984741211,104.87000274658203,86.40856170654297,1583100
2014-10-01,105.05999755859375,105.08999633789062,103.7699966430664,103.81999969482422,85.54338073730469,1347400
2014-10-02,103.91999816894531,105.0999984741211,103.5199966430664,104.62999725341797,86.21080017089844,1208100
2014-10-03,104.76000213623047,106.5999984741211,104.76000213623047,106.44000244140625,87.70218658447266,1700700
2014-10-06,106.97000122070312,107.11000061035156,106.01000213623047,106.19999694824219,87.50440979003906,1059600
2014-10-07,106.23999786376953,106.23999786376953,105.12999725341797,105.12999725341797,86.6227798461914,1199400
2014-10-08,105.38999938964844,106.81999969482422,105.38999938964844,106.75,87.95763397216797,1533800
2014-10-09,106.55000305175781,107.11000061035156,104.88999938964844,104.91999816894531,86.44975280761719,1683900
2014-10-10,105.11000061035156,106.41000366210938,104.9000015258789,104.9000015258789,86.43328094482422,1126700
2014-10-13,104.58999633789062,105.66000366210938,103.0999984741211,103.20999908447266,85.040771484375,2192600
2014-10-14,103.63999938964844,104.87999725341797,103.33000183105469,104.23999786376953,85.88947296142578,1341300
2014-10-15,103.12999725341797,103.44999694824219,101.23999786376953,103.11000061035156,84.95840454101562,2130500
2014-10-16,101.1500015258789,103.37999725341797,101.1500015258789,102.91999816894531,84.8018798828125,1823300
2014-10-17,103.55000305175781,105.01000213623047,103.55000305175781,104.61000061035156,86.19432067871094,1540000
2014-10-20,104.27999877929688,105.16000366210938,104.06999969482422,105.08999633789062,86.58983612060547,1340000
2014-10-21,105.3499984741211,106.69999694824219,105.27999877929688,106.69999694824219,87.9164047241211,1336900
2014-10-22,107.45999908447266,108.0,105.7699966430664,105.83999633789062,87.20780181884766,1950200
2014-10-23,106.8499984741211,106.87999725341797,105.0999984741211,105.4000015258789,86.84526062011719,2040300
2014-10-24,105.37999725341797,106.94999694824219,105.33000183105469,106.9000015258789,88.0811996459961,1184800
2014-10-27,106.5199966430664,108.29000091552734,106.5199966430664,108.16999816894531,89.12760925292969,1608500
2014-10-28,108.7300033569336,109.04000091552734,108.2300033569336,109.04000091552734,89.84449005126953,1314900
2014-10-29,108.87000274658203,109.22000122070312,107.75,108.37000274658203,89.29242706298828,1243700
2014-10-30,108.37000274658203,109.62000274658203,107.9800033569336,108.95999908447266,89.778564453125,1053000
2014-10-31,109.83000183105469,110.12999725341797,109.12000274658203,109.30000305175781,90.0587158203125,1720500
2014-11-03,109.47000122070312,109.69000244140625,108.51000213623047,108.80000305175781,89.64672088623047,1281800
2014-11-04,108.91999816894531,110.37999725341797,108.9000015258789,109.7300033569336,90.41300201416016,2090800
2014-11-05,110.70999908447266,110.70999908447266,109.37000274658203,110.5,91.04745483398438,1327700
2014-11-06,110.5,110.80000305175781,110.04000091552734,110.7300033569336,91.23696899414062,781100
2014-11-07,110.55000305175781,111.0999984741211,110.44000244140625,110.80999755859375,91.30287170410156,1007100
2014-11-10,110.9000015258789,111.51000213623047,110.54000091552734,111.51000213623047,91.8796615600586,1028500
2014-11-11,111.45999908447266,111.73999786376953,110.94999694824219,111.0199966430664,91.47592163085938,735000
2014-11-12,110.56999969482422,110.87000274658203,110.38999938964844,110.7699966430664,91.2698974609375,985800
2014-11-13,111.16999816894531,111.33000183105469,110.29000091552734,110.6500015258789,91.17105102539062,1265600
2014-11-14,110.52999877929688,111.56999969482422,110.38999938964844,110.62000274658203,91.14630889892578,1670600
2014-11-17,110.44999694824219,111.2300033569336,110.33999633789062,111.13999938964844,91.57477569580078,1097700
2014-11-18,110.72000122070312,111.76000213623047,110.72000122070312,111.2300033569336,91.64893341064453,1026200
2014-11-19,110.9800033569336,112.33000183105469,110.83999633789062,112.31999969482422,92.54705810546875,1949600
2014-11-20,111.44000244140625,112.93000030517578,111.44000244140625,112.68000030517578,92.84368896484375,1379200
2014-11-21,113.45999908447266,113.70999908447266,112.25,112.55999755859375,92.74481964111328,1614000
2014-11-24,113.05000305175781,113.43000030517578,112.80999755859375,113.38999938964844,93.4286880493164,1172800
2014-11-25,113.58999633789062,113.77999877929688,112.88999938964844,113.55000305175781,93.56053924560547,1691300
2014-11-26,113.80999755859375,114.11000061035156,113.41000366210938,114.02999877929688,93.95602416992188,1053100
2014-11-28,114.19999694824219,115.04000091552734,113.95999908447266,114.33999633789062,94.2114486694336,579900
2014-12-01,114.0,115.2300033569336,114.0,114.87000274658203,94.64813995361328,1461200
2014-12-02,114.83000183105469,115.0999984741211,114.44999694824219,114.9800033569336,94.73878479003906,1403400
2014-12-03,114.81999969482422,115.8499984741211,114.36000061035156,115.68000030517578,95.31554412841797,1907600
2014-12-04,116.08000183105469,116.37999725341797,115.52999877929688,116.12999725341797,95.68634796142578,1343700
2014-12-05,116.26000213623047,116.91999816894531,115.62000274658203,116.06999969482422,95.63691711425781,1242600
2014-12-08,116.33999633789062,117.88999938964844,116.11000061035156,117.58000183105469,96.88108825683594,1502600
2014-12-09,116.55999755859375,117.04000091552734,115.63999938964844,116.05999755859375,95.62864685058594,1278300
2014-12-10,115.30999755859375,116.79000091552734,114.80999755859375,114.87000274658203,94.64813995361328,1574900
2014-12-11,115.36000061035156,116.22000122070312,114.83999633789062,115.08999633789062,94.82941436767578,1463400
2014-12-12,114.37999725341797,115.41000366210938,113.25,113.31999969482422,93.37100219726562,1481400
2014-12-15,112.9000015258789,113.69000244140625,111.0999984741211,111.5999984741211,92.48428344726562,2259300
2014-12-16,111.4000015258789,113.08000183105469,110.73999786376953,110.73999786376953,91.77161407470703,1600100
2014-12-17,111.0199966430664,112.83999633789062,110.9000015258789,112.69000244140625,93.38758850097656,2034100
2014-12-18,113.66999816894531,114.54000091552734,113.2300033569336,114.54000091552734,94.92072296142578,1632900
2014-12-19,114.87999725341797,115.30000305175781,113.05000305175781,114.69999694824219,95.05331420898438,2486000
2014-12-22,114.69999694824219,115.55999755859375,114.63999938964844,115.33999633789062,95.58369445800781,1190300
2014-12-23,115.76000213623047,116.4800033569336,115.33000183105469,116.20999908447266,96.30465698242188,1185500
2014-12-24,116.27999877929688,116.76000213623047,115.62999725341797,116.02999877929688,96.15550231933594,465800
2014-12-26,116.2699966430664,116.66000366210938,115.88999938964844,116.20999908447266,96.30465698242188,569700
2014-12-29,116.05999755859375,117.4800033569336,116.0199966430664,116.47000122070312,96.52011108398438,690100
2014-12-30,116.38999938964844,116.75,115.62999725341797,116.2699966430664,96.35437774658203,667600
2014-12-31,116.4000015258789,116.66999816894531,114.87000274658203,114.87999725341797,95.20247650146484,869900
2015-01-02,115.37999725341797,115.7699966430664,113.5999984741211,114.44000244140625,94.83783721923828,854600
2015-01-05,114.70999908447266,114.70999908447266,112.26000213623047,112.56999969482422,93.28813934326172,1532300
2015-01-06,113.05999755859375,113.19999694824219,111.08999633789062,111.58000183105469,92.46772766113281,1768700
2015-01-07,112.5999984741211,113.2699966430664,111.86000061035156,113.16999816894531,93.78536224365234,1570300
2015-01-08,113.98999786376953,115.25,113.80000305175781,115.0,95.30191040039062,1348100
2015-01-09,114.58000183105469,115.02999877929688,113.20999908447266,113.37000274658203,93.95111846923828,1349000
2015-01-12,113.19000244140625,113.81999969482422,111.56999969482422,112.0,92.81576538085938,1211800
2015-01-13,113.13999938964844,114.2300033569336,111.63999938964844,112.16999816894531,92.95667266845703,1614300
2015-01-14,107.5,110.79000091552734,107.5,109.8499984741211,91.03406524658203,1742400
2015-01-15,110.47000122070312,111.23999786376953,109.58999633789062,109.81999969482422,91.0091781616211,1345700
2015-01-16,109.66000366210938,111.83000183105469,109.66000366210938,111.75,92.60860443115234,1466500
2015-01-20,112.13999938964844,112.37000274658203,109.83999633789062,110.47000122070312,91.5478515625,1393200
2015-01-21,110.31999969482422,111.06999969482422,109.55000305175781,110.54000091552734,91.60586547851562,1202800
2015-01-22,111.68000030517578,113.58000183105469,110.76000213623047,113.43000030517578,94.00083923339844,1840300
2015-01-23,113.48999786376953,113.70999908447266,112.61000061035156,112.87999725341797,93.5450210571289,1079700
2015-01-26,112.48999786376953,113.22000122070312,111.94000244140625,112.9000015258789,93.56163024902344,1181900
2015-01-27,112.4000015258789,112.47000122070312,111.29000091552734,111.30000305175781,92.23567962646484,1597200
2015-01-28,112.02999877929688,112.88999938964844,109.20999908447266,109.30000305175781,90.5782699584961,2010000
2015-01-29,109.58999633789062,110.20999908447266,108.43000030517578,110.12999725341797,91.26607513427734,1484400
2015-01-30,109.18000030517578,109.6500015258789,107.86000061035156,107.95999908447266,89.46780395507812,2187900
2015-02-02,107.9000015258789,109.44000244140625,107.2300033569336,109.30999755859375,90.58655548095703,1725900
2015-02-03,110.05000305175781,111.05999755859375,109.5199966430664,111.01000213623047,91.9953384399414,1260600
2015-02-04,110.8499984741211,112.30000305175781,110.43000030517578,111.62000274658203,92.50086975097656,1509000
2015-02-05,111.2300033569336,113.36000061035156,110.88999938964844,113.0999984741211,93.72738647460938,1383200
2015-02-06,113.51000213623047,113.83000183105469,112.68000030517578,112.87999725341797,93.5450210571289,1293900
2015-02-09,112.06999969482422,112.55999755859375,111.70999908447266,111.97000122070312,92.79093170166016,859700
2015-02-10,113.0,113.0,111.62999725341797,111.75,92.60860443115234,1213300
2015-02-11,111.97000122070312,112.80000305175781,111.66999816894531,112.45999908447266,93.1969985961914,780000
2015-02-12,112.52999877929688,113.05999755859375,112.30999755859375,112.95999908447266,93.611328125,812400
2015-02-13,112.4800033569336,113.44999694824219,112.33000183105469,113.05000305175781,93.6859359741211,608500
2015-02-17,113.55999755859375,114.3499984741211,112.94000244140625,113.91000366210938,94.39862060546875,1227900
2015-02-18,113.91000366210938,113.98999786376953,113.05000305175781,113.70999908447266,94.23289489746094,865400
2015-02-19,113.48999786376953,114.27999877929688,113.19999694824219,113.91999816894531,94.40689849853516,767000
2015-02-20,113.58000183105469,114.7300033569336,112.97000122070312,114.5,94.88755798339844,1242200
2015-02-23,114.23999786376953,114.31999969482422,113.1500015258789,113.55999755859375,94.10855865478516,1313100
2015-02-24,113.45999908447266,114.69000244140625,113.30999755859375,114.51000213623047,94.89585876464844,1407200
2015-02-25,114.04000091552734,114.93000030517578,114.04000091552734,114.2300033569336,94.66380310058594,1170800
2015-02-26,114.11000061035156,114.87999725341797,113.95999908447266,114.77999877929688,95.11961364746094,1083600
2015-02-27,115.01000213623047,115.0999984741211,113.98999786376953,114.01000213623047,94.48149108886719,1345800
2015-03-02,114.01000213623047,114.66999816894531,113.5999984741211,114.37000274658203,94.77983093261719,1239700
2015-03-03,113.8499984741211,114.47000122070312,113.18000030517578,113.83000183105469,94.33231353759766,1141600
2015-03-04,113.75,113.75,112.33999633789062,112.5999984741211,93.31304168701172,1285400
2015-03-05,112.5999984741211,113.33999633789062,112.41999816894531,113.19000244140625,93.80194091796875,827000
2015-03-06,113.08999633789062,113.80999755859375,111.80000305175781,111.9800033569336,92.79924011230469,1476400
2015-03-09,112.1500015258789,113.16999816894531,111.91999816894531,112.83000183105469,93.50361633300781,797400
2015-03-10,111.75,112.01000213623047,110.08000183105469,110.11000061035156,91.24951934814453,1127900
2015-03-11,110.11000061035156,111.16999816894531,110.11000061035156,110.81999969482422,91.83787536621094,879300
2015-03-12,111.5199966430664,112.80000305175781,111.41000366210938,112.69000244140625,93.38758850097656,902100
2015-03-13,112.52999877929688,112.66999816894531,111.1500015258789,111.73999786376953,92.60028839111328,1322200
2015-03-16,112.13999938964844,114.16000366210938,111.87999725341797,114.0,94.47320556640625,1266300
2015-03-17,113.33999633789062,113.81999969482422,112.69999694824219,113.36000061035156,93.94285583496094,1248400
2015-03-18,113.30000305175781,115.26000213623047,112.63999938964844,114.75,95.09473419189453,1559700
2015-03-19,114.68000030517578,115.05999755859375,113.41999816894531,113.68000030517578,94.2080078125,1554400
2015-03-20,113.62999725341797,114.13999938964844,113.41000366210938,113.54000091552734,94.09200286865234,3764500
2015-03-23,113.83000183105469,114.69999694824219,113.54000091552734,113.54000091552734,94.09200286865234,2442800
2015-03-24,113.12999725341797,113.69000244140625,112.33999633789062,112.3499984741211,93.1058120727539,1032600
2015-03-25,112.22000122070312,112.98999786376953,111.58999633789062,111.58999633789062,92.47599792480469,1171900
2015-03-26,110.83999633789062,111.87000274658203,110.83999633789062,111.26000213623047,92.20252990722656,1078200
2015-03-27,110.83999633789062,111.30000305175781,110.44000244140625,110.9000015258789,92.44426727294922,1225900
2015-03-30,111.41000366210938,112.72000122070312,111.25,112.20999908447266,93.5362548828125,961000
2015-03-31,111.23999786376953,112.01000213623047,110.68000030517578,111.48999786376953,92.93608856201172,1131200
2015-04-01,112.45999908447266,112.72000122070312,110.7300033569336,110.98999786376953,92.51927947998047,1417300
2015-04-02,110.94999694824219,111.52999877929688,110.62000274658203,111.19999694824219,92.6943359375,1170500
2015-04-06,110.41999816894531,111.81999969482422,110.13999938964844,111.26000213623047,92.74434661865234,965300
2015-04-07,111.2699966430664,111.88999938964844,111.12999725341797,111.3499984741211,92.81938934326172,1071900
2015-04-08,111.16000366210938,111.93000030517578,110.91000366210938,111.23999786376953,92.7276840209961,1346500
2015-04-09,111.20999908447266,111.97000122070312,110.97000122070312,111.76000213623047,93.16116333007812,893600
2015-04-10,111.79000091552734,112.12000274658203,111.48999786376953,111.9000015258789,93.27784729003906,657200
2015-04-13,111.6500015258789,112.58000183105469,111.6500015258789,111.94000244140625,93.31120300292969,739200
2015-04-14,111.4800033569336,111.98999786376953,110.86000061035156,111.91000366210938,93.28619384765625,1183500
2015-04-15,112.05999755859375,112.62999725341797,111.76000213623047,111.87000274658203,93.25285339355469,858400
2015-04-16,111.79000091552734,112.66000366210938,111.22000122070312,112.37000274658203,93.66964721679688,1166800
2015-04-17,111.5199966430664,111.70999908447266,109.76000213623047,110.13999938964844,91.81075286865234,1570000
2015-04-20,110.79000091552734,111.48999786376953,110.76000213623047,111.16000366210938,92.66100311279297,1043900
2015-04-21,111.22000122070312,111.33000183105469,108.80999755859375,109.01000213623047,90.8687973022461,2888200
2015-04-22,108.27999877929688,109.29000091552734,106.81999969482422,107.86000061035156,89.91019439697266,2567200
2015-04-23,107.58000183105469,108.61000061035156,107.44000244140625,108.30999755859375,90.2852783203125,1714400
2015-04-24,108.51000213623047,108.80999755859375,108.0,108.51000213623047,90.45201110839844,1404400
2015-04-27,108.93000030517578,108.9800033569336,107.6500015258789,107.87999725341797,89.92684173583984,1545400
2015-04-28,107.45999908447266,109.08000183105469,107.45999908447266,108.76000213623047,90.66043090820312,1315900
2015-04-29,108.56999969482422,108.87000274658203,107.7300033569336,108.04000091552734,90.06023406982422,1282800
2015-04-30,108.25,108.75,106.69999694824219,106.98999786376953,89.18494415283203,1450200
2015-05-01,107.37999725341797,107.87000274658203,107.01000213623047,107.62999725341797,89.71842956542969,798100
2015-05-04,107.68000030517578,108.02999877929688,107.27999877929688,107.44000244140625,89.5600814819336,1429900
2015-05-05,106.94999694824219,107.7300033569336,106.80000305175781,107.08000183105469,89.2599868774414,1265800
2015-05-06,107.37999725341797,107.5,106.2699966430664,106.91999816894531,89.12660217285156,1032100
2015-05-07,107.08999633789062,107.9800033569336,106.47000122070312,107.6500015258789,89.73514556884766,1218400
2015-05-08,108.4000015258789,108.80999755859375,108.08000183105469,108.77999877929688,90.67707061767578,888000
2015-05-11,108.38999938964844,108.77999877929688,107.94000244140625,108.27999877929688,90.26029968261719,950900
2015-05-12,107.7699966430664,107.87000274658203,106.6500015258789,107.05000305175781,89.23497009277344,1870800
2015-05-13,107.05000305175781,107.72000122070312,106.9000015258789,107.19999694824219,89.3600082397461,1326300
2015-05-14,107.75,108.62999725341797,107.51000213623047,108.58999633789062,90.51870727539062,1383600
2015-05-15,108.38999938964844,108.8499984741211,107.94000244140625,108.1500015258789,90.15191650390625,873000
2015-05-18,108.30999755859375,108.88999938964844,108.13999938964844,108.73999786376953,90.64370727539062,1162000
2015-05-19,109.0,109.16999816894531,108.4000015258789,108.94000244140625,90.81044006347656,973000
2015-05-20,108.86000061035156,109.29000091552734,108.37999725341797,109.11000061035156,90.95215606689453,830900
2015-05-21,108.83999633789062,109.16999816894531,108.51000213623047,108.9000015258789,90.77708435058594,1041600
2015-05-22,108.77999877929688,108.98999786376953,108.44999694824219,108.66000366210938,90.57705688476562,1552700
2015-05-26,108.30000305175781,108.5999984741211,106.66000366210938,106.77999877929688,89.00991821289062,2065000
2015-05-27,107.22000122070312,107.51000213623047,106.80999755859375,107.3499984741211,89.48505401611328,1211000
2015-05-28,106.97000122070312,107.66999816894531,106.66000366210938,107.58000183105469,89.6767578125,847700
2015-05-29,107.30999755859375,107.4800033569336,106.44000244140625,106.4800033569336,88.75984191894531,1177500
2015-06-01,106.81999969482422,106.9800033569336,106.01000213623047,106.37000274658203,88.66815185546875,995400
2015-06-02,106.08999633789062,106.75,105.81999969482422,106.37000274658203,88.66815185546875,910800
2015-06-03,106.9000015258789,107.05000305175781,106.30000305175781,106.87999725341797,89.09326171875,1107600
2015-06-04,106.0,106.88999938964844,105.68000030517578,105.80999755859375,88.20132446289062,1505700
2015-06-05,106.05999755859375,106.51000213623047,104.41999816894531,104.68000030517578,87.25938415527344,2081000
2015-06-08,104.61000061035156,105.05999755859375,103.2699966430664,103.30000305175781,86.10904693603516,1444700
2015-06-09,103.27999877929688,103.7699966430664,102.6500015258789,103.5199966430664,86.29244232177734,2682600
2015-06-10,104.18000030517578,105.56999969482422,104.02999877929688,105.05999755859375,87.57614135742188,1416100
2015-06-11,105.06999969482422,106.30000305175781,105.0,105.98999786376953,88.35138702392578,1013100
2015-06-12,105.58999633789062,105.93000030517578,105.08000183105469,105.4800033569336,87.92626190185547,828100
2015-06-15,104.4800033569336,105.91000366210938,104.30999755859375,105.43000030517578,87.88459777832031,1433300
2015-06-16,105.33000183105469,106.5199966430664,105.22000122070312,106.27999877929688,88.5931167602539,1169600
2015-06-17,106.54000091552734,106.83000183105469,105.62000274658203,106.33000183105469,88.63480377197266,978700
2015-06-18,106.16999816894531,107.8499984741211,106.16999816894531,107.66000366210938,89.74345397949219,1222700
2015-06-19,107.20999908447266,107.51000213623047,105.94999694824219,106.01000213623047,88.36805725097656,1364100
2015-06-22,106.4800033569336,106.7300033569336,105.81999969482422,106.12999725341797,88.46808624267578,876900
2015-06-23,106.48999786376953,107.22000122070312,105.91999816894531,106.41000366210938,88.70148468017578,849600
2015-06-24,106.18000030517578,106.26000213623047,105.22000122070312,105.2300033569336,87.71784973144531,1409700
2015-06-25,103.18000030517578,104.19999694824219,102.26000213623047,102.75,85.65055847167969,6178800
2015-06-26,101.75,103.9800033569336,99.55000305175781,103.47000122070312,86.81684875488281,2632900
2015-06-29,102.88999938964844,103.08000183105469,101.4800033569336,101.5999984741211,85.24784088134766,2367000
2015-06-30,102.6500015258789,102.7300033569336,101.5999984741211,101.68000030517578,85.3149642944336,1777400
2015-07-01,109.80000305175781,110.83999633789062,101.3499984741211,102.48999786376953,85.99459075927734,17646700
2015-07-02,100.79000091552734,105.56999969482422,100.06999969482422,103.73999786376953,87.04339599609375,5568400
2015-07-06,102.6500015258789,103.77999877929688,102.54000091552734,103.33000183105469,86.69939422607422,2979200
2015-07-07,103.56999969482422,104.58000183105469,102.5999984741211,104.45999908447266,87.64753723144531,3819900
2015-07-08,103.69999694824219,103.9800033569336,102.43000030517578,102.63999938964844,86.12042236328125,2794800
2015-07-09,104.16000366210938,104.2300033569336,102.91999816894531,103.48999786376953,86.8336410522461,3004100
2015-07-10,104.70999908447266,104.70999908447266,103.48999786376953,103.83999633789062,87.12732696533203,2404300
2015-07-13,104.80000305175781,104.95999908447266,103.83999633789062,104.2300033569336,87.45454406738281,1685500
2015-07-14,103.93000030517578,104.20999908447266,103.20999908447266,103.62999725341797,86.95110321044922,2703400
2015-07-15,103.55000305175781,104.11000061035156,102.62999725341797,103.77999877929688,87.07697296142578,3798900
2015-07-16,104.7300033569336,104.81999969482422,104.0,104.36000061035156,87.56362915039062,2759400
2015-07-17,104.43000030517578,104.43000030517578,103.36000061035156,104.13999938964844,87.37902069091797,1699900
2015-07-20,104.05999755859375,104.38999938964844,103.73999786376953,104.22000122070312,87.44613647460938,2123900
2015-07-21,104.31999969482422,104.51000213623047,103.20999908447266,103.87999725341797,87.1608657836914,3133800
2015-07-22,106.12999725341797,106.73999786376953,104.79000091552734,106.58999633789062,89.43470764160156,4582500
2015-07-23,106.5199966430664,107.12000274658203,105.33999633789062,106.44999694824219,89.31723022460938,3197500
2015-07-24,106.19000244140625,107.0999984741211,106.06999969482422,106.44000244140625,89.3088607788086,2060600
2015-07-27,106.12000274658203,108.01000213623047,106.0999984741211,107.0,89.77872467041016,3007100
2015-07-28,107.45999908447266,107.73999786376953,106.93000030517578,107.62000274658203,90.29891967773438,2554600
2015-07-29,107.5199966430664,108.41999816894531,107.11000061035156,107.98999786376953,90.60938262939453,1918200
2015-07-30,107.5999984741211,108.73999786376953,107.5999984741211,108.58999633789062,91.1128158569336,1531900
2015-07-31,109.97000122070312,110.19999694824219,108.56999969482422,108.7699966430664,91.26383209228516,4031400
2015-08-03,108.68000030517578,110.81999969482422,108.55000305175781,110.73999786376953,92.91677856445312,2660000
2015-08-04,110.62000274658203,111.18000030517578,110.2699966430664,110.37000274658203,92.60635375976562,2368600
2015-08-05,110.91999816894531,111.62999725341797,110.5,111.12999725341797,93.2439956665039,2394700
2015-08-06,111.27999877929688,111.31999969482422,109.70999908447266,110.13999938964844,92.41336059570312,1951700
2015-08-07,109.94000244140625,110.01000213623047,109.33999633789062,109.86000061035156,92.17839813232422,1466000
2015-08-10,110.5999984741211,111.04000091552734,109.8499984741211,110.11000061035156,92.38819885253906,1589800
2015-08-11,109.19999694824219,110.54000091552734,109.19999694824219,109.9800033569336,92.27909088134766,1799700
2015-08-12,109.31999969482422,109.38999938964844,107.80999755859375,109.12999725341797,91.5658950805664,1807200
2015-08-13,107.91999816894531,109.52999877929688,107.62000274658203,108.9800033569336,91.44005584716797,1516100
2015-08-14,109.19000244140625,109.72000122070312,108.79000091552734,109.66999816894531,92.01898193359375,1326200
2015-08-17,109.58000183105469,110.44999694824219,108.93000030517578,109.98999786376953,92.28749084472656,1391200
2015-08-18,109.79000091552734,110.54000091552734,109.48999786376953,110.4800033569336,92.69864654541016,1458600
2015-08-19,109.73999786376953,110.52999877929688,109.04000091552734,109.7300033569336,92.06935119628906,1917900
2015-08-20,108.7699966430664,109.06999969482422,107.44999694824219,107.5,90.19822692871094,2499100
2015-08-21,106.7300033569336,107.25,105.0199966430664,105.06999969482422,88.15934753417969,2685300
2015-08-24,99.77999877929688,103.75,96.0,101.31999969482422,85.0129165649414,5703900
2015-08-25,104.36000061035156,104.36000061035156,99.62000274658203,99.72000122070312,83.67039489746094,3455300
2015-08-26,101.66000366210938,102.25,99.56999969482422,101.8499984741211,85.45758819580078,3644400
2015-08-27,102.86000061035156,104.02999877929688,101.66999816894531,103.63999938964844,86.95950317382812,2837100
2015-08-28,103.3499984741211,103.73999786376953,101.73999786376953,102.70999908447266,86.1791763305664,2426600
2015-08-31,102.30999755859375,102.62999725341797,101.30000305175781,102.16000366210938,85.71771240234375,2197000
2015-09-01,100.37999725341797,101.0199966430664,99.22000122070312,99.72000122070312,83.67039489746094,3025600
2015-09-02,100.68000030517578,101.12000274658203,99.5,100.62999725341797,84.43392181396484,2130000
2015-09-03,101.06999969482422,101.97000122070312,100.98999786376953,101.66999816894531,85.3065414428711,2136300
2015-09-04,100.4000015258789,100.7300033569336,99.55000305175781,100.16000366210938,84.03959655761719,2508900
2015-09-08,101.47000122070312,102.11000061035156,100.58000183105469,101.97000122070312,85.55826568603516,1950400
2015-09-09,102.79000091552734,103.26000213623047,100.55999755859375,100.7300033569336,84.51786041259766,1837100
2015-09-10,100.7300033569336,101.48999786376953,100.33000183105469,100.73999786376953,84.52622985839844,1683300
2015-09-11,100.3499984741211,101.06999969482422,100.25,100.86000061035156,84.62694549560547,1591600
2015-09-14,101.05999755859375,101.05999755859375,99.9800033569336,100.20999908447266,84.08154296875,1650900
2015-09-15,100.41999816894531,101.62999725341797,99.94999694824219,101.30000305175781,84.99610900878906,1936600
2015-09-16,101.33000183105469,101.94999694824219,101.12999725341797,101.80999755859375,85.42402648925781,1405600
2015-09-17,101.91000366210938,102.87000274658203,101.37999725341797,101.55000305175781,85.20587921142578,2626500
2015-09-18,99.79000091552734,101.2300033569336,99.58999633789062,99.91999816894531,83.83821868896484,3566800
2015-09-21,100.62999725341797,101.95999908447266,100.2699966430664,101.68000030517578,85.3149642944336,2327500
2015-09-22,100.69999694824219,101.2699966430664,100.30999755859375,100.9800033569336,84.72762298583984,2647200
2015-09-23,100.87000274658203,102.1500015258789,100.55000305175781,101.33999633789062,85.0296859741211,2540500
2015-09-24,100.52999877929688,101.7699966430664,100.1500015258789,101.55000305175781,85.20587921142578,1989600
2015-09-25,102.88999938964844,104.23999786376953,102.41999816894531,103.41999816894531,86.7749252319336,2657600
2015-09-28,102.20999908447266,103.04000091552734,100.33000183105469,100.9000015258789,85.2125244140625,2657400
2015-09-29,100.83000183105469,101.79000091552734,100.11000061035156,101.58999633789062,85.7952651977539,2097800
2015-09-30,102.38999938964844,103.55000305175781,102.13999938964844,103.4000015258789,87.3238525390625,2993300
2015-10-01,103.2300033569336,103.33000183105469,100.94000244140625,102.29000091552734,86.38642883300781,3354300
2015-10-02,100.87999725341797,102.72000122070312,100.33999633789062,102.72000122070312,86.74956512451172,2019600
2015-10-05,103.47000122070312,104.6500015258789,103.41999816894531,104.33000183105469,88.1092300415039,2184600
2015-10-06,103.5999984741211,104.08999633789062,102.93000030517578,103.29000091552734,87.23096466064453,2078400
2015-10-07,103.91000366210938,104.9800033569336,103.4800033569336,104.9800033569336,88.65818786621094,2596600
2015-10-08,104.54000091552734,106.66000366210938,104.0,106.58000183105469,90.00943756103516,1964200
2015-10-09,106.41000366210938,107.2699966430664,106.22000122070312,106.47000122070312,89.91653442382812,3162700
2015-10-12,105.75,107.2699966430664,105.75,107.0199966430664,90.3810043334961,1144900
2015-10-13,106.55999755859375,107.37000274658203,106.08000183105469,106.44999694824219,89.899658203125,1443500
2015-10-14,106.29000091552734,106.73999786376953,105.4000015258789,105.55000305175781,89.13958740234375,1545700
2015-10-15,105.83000183105469,107.68000030517578,105.83000183105469,107.55000305175781,90.82862854003906,1584400
2015-10-16,108.58999633789062,109.19000244140625,107.87000274658203,108.94999694824219,92.01094818115234,2542800
2015-10-19,108.70999908447266,109.52999877929688,108.06999969482422,109.51000213623047,92.48387145996094,2175700
2015-10-20,109.72000122070312,111.44000244140625,109.55000305175781,111.05000305175781,93.78446960449219,3151500
2015-10-21,112.48999786376953,114.55999755859375,110.7699966430664,113.58000183105469,95.92111206054688,4115100
2015-10-22,113.98999786376953,115.94000244140625,113.69000244140625,115.11000061035156,97.21321105957031,3526700
2015-10-23,115.25,115.25,113.2300033569336,114.83000183105469,96.97676849365234,2369300
2015-10-26,115.13999938964844,116.2699966430664,114.86000061035156,115.2699966430664,97.34834289550781,2090900
2015-10-27,114.69000244140625,115.13999938964844,114.12000274658203,114.58000183105469,96.765625,1872800
2015-10-28,115.08999633789062,115.69999694824219,114.04000091552734,115.29000091552734,97.36524200439453,1377300
2015-10-29,115.58999633789062,116.01000213623047,114.87000274658203,115.27999877929688,97.3567886352539,1222400
2015-10-30,115.02999877929688,115.43000030517578,113.54000091552734,113.54000091552734,95.88734436035156,2405400
2015-11-02,113.91999816894531,114.3499984741211,113.22000122070312,114.06999969482422,96.33492279052734,2451400
2015-11-03,113.95999908447266,114.02999877929688,113.18000030517578,113.63999938964844,95.97177124023438,1953600
2015-11-04,113.61000061035156,113.91000366210938,112.66000366210938,112.95999908447266,95.39751434326172,1808800
2015-11-05,113.04000091552734,113.69999694824219,113.04000091552734,113.52999877929688,95.87887573242188,1755500
2015-11-06,114.58999633789062,114.58999633789062,112.20999908447266,113.02999877929688,95.45661163330078,1777200
2015-11-09,112.77999877929688,113.18000030517578,111.91999816894531,112.5199966430664,95.02591705322266,1443800
2015-11-10,112.45999908447266,113.58999633789062,112.37000274658203,113.55000305175781,95.8957748413086,1234700
2015-11-11,113.23999786376953,113.80999755859375,112.87999725341797,113.37000274658203,95.7437515258789,1572600
2015-11-12,112.9000015258789,113.22000122070312,111.41000366210938,111.43000030517578,94.10537719726562,1786200
2015-11-13,111.48999786376953,112.55000305175781,111.36000061035156,111.8499984741211,94.4600601196289,1734100
2015-11-16,111.70999908447266,113.76000213623047,111.6500015258789,113.76000213623047,96.07312774658203,1756100
2015-11-17,113.54000091552734,114.4800033569336,113.37999725341797,113.4800033569336,95.8366470336914,2208300
2015-11-18,113.41000366210938,115.41000366210938,113.41000366210938,115.33999633789062,97.407470703125,1173100
2015-11-19,114.9000015258789,115.86000061035156,114.9000015258789,115.56999969482422,97.60171508789062,1547100
2015-11-20,116.02999877929688,117.0,115.7300033569336,116.4800033569336,98.37023162841797,2154300
2015-11-23,116.63999938964844,116.91999816894531,115.95999908447266,116.04000091552734,97.9986343383789,2702800
2015-11-24,115.33000183105469,116.11000061035156,114.86000061035156,115.55999755859375,97.59325408935547,2060900
2015-11-25,115.56999969482422,115.73999786376953,114.87999725341797,115.05000305175781,97.16256713867188,1335100
2015-11-27,115.0,115.31999969482422,114.52999877929688,115.05999755859375,97.17098999023438,644700
2015-11-30,115.3499984741211,115.66999816894531,114.55999755859375,114.8499984741211,96.99365234375,2126500
2015-12-01,114.62999725341797,116.22000122070312,114.54000091552734,116.12999725341797,98.07466888427734,1879200
2015-12-02,115.83999633789062,116.4000015258789,115.19000244140625,115.37999725341797,97.44123840332031,1956400
2015-12-03,115.94999694824219,115.94999694824219,113.37999725341797,113.7699966430664,96.0815658569336,2208900
2015-12-04,114.08999633789062,117.9800033569336,114.0,117.66000366210938,99.3667984008789,2598800
2015-12-07,117.08000183105469,117.5199966430664,116.69000244140625,117.12999725341797,98.91915893554688,2654300
2015-12-08,116.58000183105469,116.58000183105469,115.37999725341797,115.94999694824219,97.92262268066406,2222300
2015-12-09,115.2300033569336,116.37000274658203,114.23999786376953,114.88999938964844,97.02743530273438,3025000
2015-12-10,115.12000274658203,115.55000305175781,113.6500015258789,114.7300033569336,96.89231872558594,2482600
2015-12-11,113.44999694824219,115.31999969482422,112.77999877929688,113.08000183105469,95.49884033203125,2390900
2015-12-14,113.4800033569336,115.0,112.83000183105469,114.0999984741211,96.3602523803711,3757400
2015-12-15,114.79000091552734,116.37000274658203,114.69999694824219,115.80000305175781,97.79595947265625,2752800
2015-12-16,116.58000183105469,117.4000015258789,115.41999816894531,116.9000015258789,98.72491455078125,2471800
2015-12-17,117.0199966430664,117.16000366210938,115.55000305175781,115.5999984741211,97.62706756591797,1674600
2015-12-18,115.31999969482422,115.68000030517578,113.69000244140625,113.69000244140625,96.01398468017578,3513500
2015-12-21,114.2699966430664,115.48999786376953,113.55000305175781,115.23999786376953,97.32303619384766,1924300
2015-12-22,115.5999984741211,117.44000244140625,115.47000122070312,117.2300033569336,99.0036392211914,1625300
2015-12-23,117.51000213623047,118.08000183105469,117.23999786376953,117.9800033569336,99.63703155517578,1360900
2015-12-24,117.69999694824219,118.77999877929688,117.62999725341797,118.19000244140625,99.81437683105469,568600
2015-12-28,117.94000244140625,118.3499984741211,117.45999908447266,118.26000213623047,99.87348937988281,924200
2015-12-29,118.37999725341797,119.54000091552734,117.7699966430664,119.47000122070312,101.47023010253906,1624200
2015-12-30,119.30999755859375,119.86000061035156,118.06999969482422,118.19999694824219,100.3915786743164,1720500
2015-12-31,117.70999908447266,118.04000091552734,116.7300033569336,116.8499984741211,99.2449722290039,1626200
2016-01-04,115.0199966430664,115.41000366210938,112.5199966430664,113.7300033569336,96.59504699707031,3094500
2016-01-05,114.2300033569336,115.41000366210938,113.7699966430664,114.87999725341797,97.5718002319336,2743300
2016-01-06,113.73999786376953,113.83999633789062,112.2300033569336,112.73999786376953,95.75419616699219,2288200
2016-01-07,110.66000366210938,112.91000366210938,110.41000366210938,111.58000183105469,94.76897430419922,3919600
2016-01-08,112.19999694824219,112.37999725341797,109.72000122070312,109.95999908447266,93.39303588867188,2271500
2016-01-11,110.29000091552734,110.79000091552734,108.93000030517578,110.29000091552734,93.67330932617188,2454900
2016-01-12,111.02999877929688,112.36000061035156,110.05999755859375,112.0999984741211,95.21061706542969,2913200
2016-01-13,113.26000213623047,113.7300033569336,109.94999694824219,110.05999755859375,93.47797393798828,4265200
2016-01-14,110.44000244140625,112.3499984741211,109.80999755859375,111.0199966430664,94.29334259033203,13089100
2016-01-15,111.0199966430664,111.0199966430664,111.0199966430664,111.0199966430664,94.29334259033203,6885700
2016-01-19,110.95999908447266,111.68000030517578,109.05000305175781,110.87000274658203,94.16594696044922,5347900
2016-01-20,110.0,111.5999984741211,108.19000244140625,110.69000244140625,94.01305389404297,6027400
2016-01-21,110.19000244140625,111.0999984741211,108.19000244140625,109.43000030517578,92.9428939819336,3970800
2016-01-22,109.69999694824219,110.97000122070312,109.4800033569336,110.04000091552734,93.46098327636719,2296000
2016-01-25,109.94999694824219,109.98999786376953,107.81999969482422,108.0,91.72831726074219,2985000
2016-01-26,108.51000213623047,109.76000213623047,108.0,108.58000183105469,92.22096252441406,2669500
2016-01-27,108.1500015258789,109.91000366210938,107.06999969482422,108.0999984741211,91.81327819824219,3433200
2016-01-28,108.55000305175781,109.83999633789062,108.41999816894531,109.5199966430664,93.01934051513672,3313800
2016-01-29,110.18000030517578,113.16999816894531,110.0,113.06999969482422,96.03448486328125,4205800
2016-02-01,112.2699966430664,113.72000122070312,111.83000183105469,113.27999877929688,96.2128677368164,2824100
2016-02-02,112.05000305175781,113.01000213623047,111.9000015258789,112.47000122070312,95.52487182617188,2200000
2016-02-03,113.18000030517578,113.20999908447266,110.56999969482422,112.83000183105469,95.83062744140625,2110100
2016-02-04,112.26000213623047,113.37999725341797,111.58000183105469,113.22000122070312,96.1618881225586,2777300
2016-02-05,113.0,113.33999633789062,111.77999877929688,112.25,95.33804321289062,2718400
2016-02-08,111.62999725341797,111.62999725341797,107.94000244140625,108.88999938964844,92.48426055908203,4743000
2016-02-09,106.81999969482422,111.2300033569336,106.81999969482422,110.58000183105469,93.91963195800781,2312300
2016-02-10,111.80999755859375,112.2699966430664,110.62000274658203,111.69000244140625,94.86238098144531,2431700
2016-02-11,109.69999694824219,111.47000122070312,109.36000061035156,110.83999633789062,94.14044952392578,2159700
2016-02-12,112.0,114.36000061035156,111.69999694824219,114.30999755859375,97.08765411376953,1884200
2016-02-16,115.23999786376953,116.44000244140625,114.0199966430664,115.66999816894531,98.24275207519531,2931800
2016-02-17,116.23999786376953,117.37000274658203,115.70999908447266,116.91000366210938,99.2959213256836,1864900
2016-02-18,116.91000366210938,117.47000122070312,115.83000183105469,116.36000061035156,98.82880401611328,2208000
2016-02-19,115.69000244140625,116.5199966430664,115.06999969482422,115.66999816894531,98.24275207519531,2102400
2016-02-22,116.83000183105469,117.68000030517578,116.12999725341797,117.08999633789062,99.44879150390625,1281500
2016-02-23,116.62999725341797,116.73999786376953,115.48999786376953,115.69999694824219,98.26823425292969,1316800
2016-02-24,114.58000183105469,116.5,114.58000183105469,116.18000030517578,98.6759262084961,1312100
2016-02-25,116.7300033569336,118.44000244140625,116.52999877929688,118.38999938964844,100.55294036865234,2264600
2016-02-26,119.23999786376953,119.86000061035156,117.4800033569336,117.51000213623047,99.80554962158203,1671200
2016-02-29,117.0,117.62999725341797,115.4800033569336,115.52999877929688,98.12386322021484,1842700
2016-03-01,116.0,117.70999908447266,115.30000305175781,117.70999908447266,99.97538757324219,1833200
2016-03-02,117.11000061035156,118.44999694824219,116.93000030517578,118.36000061035156,100.5274658203125,1251600
2016-03-03,118.5,118.5,117.04000091552734,117.83999633789062,100.08583068847656,1484000
2016-03-04,117.66000366210938,117.70999908447266,115.83000183105469,117.18000030517578,99.52525329589844,1851700
2016-03-07,116.51000213623047,117.37000274658203,115.5999984741211,117.3499984741211,99.66962432861328,1866900
2016-03-08,116.44999694824219,117.72000122070312,116.25,116.27999877929688,98.76087188720703,1273900
2016-03-09,117.0,117.80999755859375,116.44999694824219,117.77999877929688,100.03485107421875,1438700
2016-03-10,117.97000122070312,118.83999633789062,116.69000244140625,117.5999984741211,99.88196563720703,1689900
2016-03-11,118.75,119.98999786376953,118.02999877929688,119.94999694824219,101.8779067993164,1322700
2016-03-14,119.27999877929688,120.55000305175781,118.80000305175781,119.73999786376953,101.69953918457031,2149900
2016-03-15,118.36000061035156,120.0,115.5,119.5,101.4957275390625,1479000
2016-03-16,119.0,119.93000030517578,118.72000122070312,119.44999694824219,101.45325469970703,1719900
2016-03-17,119.5,121.48999786376953,119.08000183105469,120.98999786376953,102.76122283935547,1745800
2016-03-18,121.27999877929688,122.54000091552734,120.72000122070312,122.47000122070312,104.01823425292969,3715700
2016-03-21,121.95999908447266,122.2699966430664,120.83999633789062,121.38999938964844,103.10095977783203,1441600
2016-03-22,121.11000061035156,121.19000244140625,120.0,120.12000274658203,102.02229309082031,1678700
2016-03-23,120.0999984741211,120.2300033569336,118.9800033569336,119.58000183105469,101.56366729736328,1977200
2016-03-24,119.30999755859375,119.98999786376953,118.48999786376953,119.61000061035156,101.58914947509766,1303800
2016-03-28,119.61000061035156,119.98999786376953,118.97000122070312,119.22000122070312,101.25792694091797,1305200
2016-03-29,118.55000305175781,119.4800033569336,117.94999694824219,119.41999816894531,102.00100708007812,955700
2016-03-30,119.91000366210938,120.33000183105469,119.33999633789062,119.73999786376953,102.27430725097656,1122900
2016-03-31,119.56999969482422,120.01000213623047,119.1500015258789,119.1500015258789,101.7703628540039,1511900
2016-04-01,118.73999786376953,121.02999877929688,118.44999694824219,120.8499984741211,103.22240447998047,1500700
2016-04-04,123.0,123.13999938964844,120.30000305175781,120.58999633789062,103.0003433227539,2243700
2016-04-05,119.98999786376953,120.0,117.61000061035156,117.94999694824219,100.74541473388672,1927000
2016-04-06,117.98999786376953,119.31999969482422,117.54000091552734,119.19000244140625,101.80455780029297,1840700
2016-04-07,118.31999969482422,118.7699966430664,117.2300033569336,117.62999725341797,100.47209930419922,1388400
2016-04-08,118.51000213623047,119.27999877929688,118.1500015258789,118.80999755859375,101.47998046875,1455800
2016-04-11,118.83000183105469,120.08999633789062,118.56999969482422,118.56999969482422,101.27499389648438,2328900
2016-04-12,118.44000244140625,119.7300033569336,117.87999725341797,119.43000030517578,102.00952911376953,1504300
2016-04-13,120.12999725341797,120.68000030517578,119.16000366210938,120.51000213623047,102.93203735351562,1529000
2016-04-14,120.48999786376953,121.47000122070312,120.06999969482422,120.33999633789062,102.78681182861328,1525400
2016-04-15,120.73999786376953,121.43000030517578,120.27999877929688,120.55999755859375,102.9747085571289,1575000
2016-04-18,120.55000305175781,122.0199966430664,120.05999755859375,122.0199966430664,104.22174835205078,1479300
2016-04-19,122.61000061035156,123.16999816894531,121.77999877929688,122.0199966430664,104.22174835205078,1308400
2016-04-20,122.2300033569336,122.76000213623047,121.44999694824219,122.58999633789062,104.70861053466797,1565900
2016-04-21,121.95999908447266,122.54000091552734,117.87999725341797,118.06999969482422,100.8479232788086,3110200
2016-04-22,118.37999725341797,119.44999694824219,118.2300033569336,119.30000305175781,101.8985366821289,1618400
2016-04-25,119.5,119.5,118.2699966430664,119.05000305175781,101.68498229980469,1266600
2016-04-26,119.30999755859375,119.76000213623047,118.54000091552734,118.76000213623047,101.4372787475586,1347300
2016-04-27,118.91999816894531,119.16000366210938,117.58000183105469,118.4000015258789,101.12979125976562,1477700
2016-04-28,117.45999908447266,118.30999755859375,116.81999969482422,117.19000244140625,100.0962905883789,1810900
2016-04-29,117.0,117.95999908447266,116.6500015258789,117.86000061035156,100.66853332519531,2016200
2016-05-02,117.52999877929688,119.43000030517578,116.97000122070312,118.94999694824219,101.59955596923828,1826900
2016-05-03,118.01000213623047,118.62000274658203,117.55999755859375,118.26000213623047,101.01020812988281,1484800
2016-05-04,117.69000244140625,118.66999816894531,116.88999938964844,117.81999969482422,100.6343765258789,1789600
2016-05-05,119.62999725341797,122.62000274658203,119.4800033569336,122.45999908447266,104.59756469726562,3177400
2016-05-06,121.5999984741211,122.62999725341797,120.94999694824219,122.3499984741211,104.50361633300781,1929700
2016-05-09,121.80000305175781,123.05000305175781,121.5,122.9000015258789,104.973388671875,1243500
2016-05-10,123.23999786376953,125.27999877929688,122.9000015258789,125.22000122070312,106.95499420166016,1636200
2016-05-11,124.68000030517578,125.02999877929688,123.56999969482422,123.76000213623047,105.70796966552734,1733600
2016-05-12,124.02999877929688,125.81999969482422,123.91999816894531,125.37999725341797,107.09165954589844,1725300
2016-05-13,124.9800033569336,125.83999633789062,124.66000366210938,125.12000274658203,106.86958312988281,1510200
2016-05-16,124.91000366210938,125.7699966430664,124.63999938964844,125.29000091552734,107.01480102539062,1246100
2016-05-17,125.08999633789062,125.41000366210938,123.66000366210938,124.05999755859375,105.96420288085938,1348900
2016-05-18,123.79000091552734,126.05999755859375,123.20999908447266,125.62000274658203,107.296630859375,1637500
2016-05-19,124.94000244140625,125.05000305175781,124.08000183105469,124.8499984741211,106.63896942138672,954500
2016-05-20,125.52999877929688,126.62999725341797,125.0,125.75,107.4076919555664,1291000
2016-05-23,125.43000030517578,126.18000030517578,125.0,125.87999725341797,107.51871490478516,1286500
2016-05-24,126.25,128.05999755859375,126.05000305175781,127.05999755859375,108.52659606933594,1668800
2016-05-25,127.43000030517578,128.13999938964844,126.88999938964844,127.16999816894531,108.6205825805664,1761100
2016-05-26,127.5999984741211,127.76000213623047,126.05999755859375,126.37000274658203,107.93727111816406,1062200
2016-05-27,126.5999984741211,127.27999877929688,126.27999877929688,127.22000122070312,108.66325378417969,1240600
2016-05-31,127.41999816894531,127.5999984741211,126.0,126.61000061035156,108.14224243164062,1740400
2016-06-01,126.11000061035156,127.47000122070312,125.5199966430664,127.33000183105469,108.75723266601562,1286200
2016-06-02,127.25,127.80999755859375,126.66999816894531,127.80999755859375,109.1672134399414,991100
2016-06-03,127.25,128.0,125.91000366210938,127.55999755859375,108.95365142822266,1188800
2016-06-06,127.52999877929688,127.91999816894531,126.08000183105469,126.80000305175781,108.30453491210938,1543400
2016-06-07,127.0199966430664,127.37000274658203,126.33999633789062,126.4000015258789,107.96287536621094,1234200
2016-06-08,126.19999694824219,127.08000183105469,126.12000274658203,126.91999816894531,108.40702056884766,1140900
2016-06-09,126.4000015258789,126.7699966430664,125.95999908447266,126.5,108.04828643798828,870200
2016-06-10,125.7300033569336,126.61000061035156,125.38999938964844,125.80000305175781,107.45039367675781,936100
2016-06-13,125.83000183105469,126.44000244140625,124.3499984741211,124.48999786376953,106.33145904541016,1219900
2016-06-14,124.33000183105469,124.66000366210938,123.87999725341797,124.37999725341797,106.23751831054688,1415800
2016-06-15,124.93000030517578,125.44000244140625,124.0999984741211,124.25,106.12648010253906,1369500
2016-06-16,123.31999969482422,125.33999633789062,123.26000213623047,125.30000305175781,107.02334594726562,1440600
2016-06-17,125.27999877929688,125.27999877929688,123.72000122070312,123.93000030517578,105.8531494140625,2489500
2016-06-20,124.94999694824219,125.77999877929688,124.58000183105469,124.69999694824219,106.5108413696289,1311400
2016-06-21,125.33000183105469,125.83000183105469,124.7300033569336,125.4800033569336,107.17707061767578,1045600
2016-06-22,125.4800033569336,126.44000244140625,124.97000122070312,125.54000091552734,107.22834014892578,1224600
2016-06-23,126.94000244140625,128.77999877929688,126.4000015258789,128.63999938964844,109.87612915039062,1944300
2016-06-24,124.19000244140625,126.05000305175781,123.0,123.94000244140625,105.86170196533203,2523300
2016-06-27,122.75,122.95999908447266,121.08000183105469,121.83000183105469,104.05946350097656,1859600
2016-06-28,122.88999938964844,125.22000122070312,122.04000091552734,125.22000122070312,107.56420135498047,1762000
2016-06-29,126.19000244140625,127.80999755859375,125.61000061035156,127.76000213623047,109.7460708618164,1379200
2016-06-30,127.9000015258789,130.77000427246094,127.5199966430664,130.7100067138672,112.28012084960938,1799700
2016-07-01,131.0,131.0,129.83999633789062,130.32000732421875,111.94510650634766,1074500
2016-07-05,129.3300018310547,129.94000244140625,128.64999389648438,128.97999572753906,110.79402923583984,1180600
2016-07-06,128.5500030517578,129.52000427246094,128.07000732421875,129.33999633789062,111.10327911376953,1456600
2016-07-07,129.22000122070312,129.74000549316406,127.8499984741211,128.6300048828125,110.493408203125,1410500
2016-07-08,130.11000061035156,130.36000061035156,128.88999938964844,130.24000549316406,111.87639617919922,1112500
2016-07-11,129.5800018310547,130.57000732421875,129.1199951171875,129.9499969482422,111.62725830078125,1169600
2016-07-12,130.8000030517578,130.8000030517578,129.3699951171875,129.63999938964844,111.3609848022461,1755600
2016-07-13,130.1300048828125,130.1300048828125,129.3800048828125,129.5,111.24072265625,945200
2016-07-14,130.77999877929688,130.94000244140625,129.4499969482422,129.89999389648438,111.5843276977539,1938100
2016-07-15,130.55999755859375,130.55999755859375,129.32000732421875,129.57000732421875,111.30086517333984,1074700
2016-07-18,129.49000549316406,129.97999572753906,129.16000366210938,129.2899932861328,111.06034851074219,896600
2016-07-19,129.02000427246094,129.14999389648438,128.1199951171875,128.8300018310547,110.66519165039062,1178700
2016-07-20,129.33999633789062,129.60000610351562,128.2100067138672,128.2899932861328,110.2013168334961,1021500
2016-07-21,128.33999633789062,128.6300048828125,127.2300033569336,127.5999984741211,109.60865783691406,1584900
2016-07-22,127.94000244140625,128.6199951171875,127.43000030517578,128.49000549316406,110.3731460571289,939700
2016-07-25,128.42999267578125,128.61000061035156,127.54000091552734,127.94000244140625,109.90067291259766,1040000
2016-07-26,128.2899932861328,128.8300018310547,127.47000122070312,128.22000122070312,110.1412124633789,1185600
2016-07-27,127.31999969482422,128.02999877929688,127.04000091552734,127.18000030517578,109.24784851074219,1372000
2016-07-28,126.7699966430664,127.19999694824219,126.05999755859375,126.47000122070312,108.63794708251953,1456400
2016-07-29,126.0,126.5,125.23999786376953,125.26000213623047,107.59857940673828,1909000
2016-08-01,124.25,125.91000366210938,122.69999694824219,125.2699966430664,107.60714721679688,1969500
2016-08-02,125.05999755859375,125.31999969482422,124.66000366210938,125.02999877929688,107.40098571777344,1349000
2016-08-03,125.13999938964844,126.01000213623047,124.83000183105469,125.47000122070312,107.77896881103516,1450700
2016-08-04,125.7699966430664,126.11000061035156,125.1500015258789,125.44999694824219,107.76175689697266,1151500
2016-08-05,126.4800033569336,127.0,125.66999816894531,127.0,109.09323120117188,1767600
2016-08-08,127.23999786376953,127.4800033569336,126.66999816894531,127.08999633789062,109.17052459716797,1532600
2016-08-09,126.94999694824219,127.1500015258789,126.70999908447266,126.81999969482422,108.93859100341797,1011200
2016-08-10,126.70999908447266,126.97000122070312,126.19999694824219,126.22000122070312,108.42321014404297,1079900
2016-08-11,126.33000183105469,126.70999908447266,126.0,126.58999633789062,108.74102020263672,883800
2016-08-12,126.5,126.72000122070312,126.16999816894531,126.33000183105469,108.51768493652344,881200
2016-08-15,126.54000091552734,126.80999755859375,126.16000366210938,126.3499984741211,108.53487396240234,1191500
2016-08-16,125.94999694824219,126.5199966430664,125.81999969482422,126.06999969482422,108.2943344116211,881300
2016-08-17,126.05000305175781,126.29000091552734,125.51000213623047,126.08999633789062,108.3115463256836,1170900
2016-08-18,127.27999877929688,127.37999725341797,125.69000244140625,127.26000213623047,109.31658935546875,1599000
2016-08-19,126.80999755859375,127.33000183105469,126.0199966430664,126.4800033569336,108.64653778076172,1126300
2016-08-22,126.11000061035156,126.44000244140625,125.5999984741211,126.31999969482422,108.50908660888672,810200
2016-08-23,126.05000305175781,126.4800033569336,125.3499984741211,125.37999725341797,107.70165252685547,1196900
2016-08-24,125.13999938964844,125.44999694824219,124.9000015258789,125.26000213623047,107.59857940673828,794800
2016-08-25,125.16000366210938,126.47000122070312,125.02999877929688,126.05999755859375,108.2857666015625,939300
2016-08-26,126.30999755859375,126.97000122070312,125.26000213623047,125.91000366210938,108.15689849853516,987600
2016-08-29,126.0999984741211,127.3499984741211,126.0999984741211,127.08000183105469,109.16194915771484,1033700
2016-08-30,127.08000183105469,127.2699966430664,126.54000091552734,127.23999786376953,109.29940032958984,1188700
2016-08-31,127.22000122070312,127.5,126.5,126.93000030517578,109.03308868408203,1408300
2016-09-01,126.95999908447266,127.37000274658203,125.94999694824219,127.0999984741211,109.17910766601562,1219600
2016-09-02,127.5,128.33999633789062,127.16999816894531,127.80999755859375,109.78901672363281,1087200
2016-09-06,127.6500015258789,128.0800018310547,127.01000213623047,128.0399932861328,109.986572265625,1047200
2016-09-07,127.44000244140625,128.1300048828125,127.05000305175781,127.52999877929688,109.54850006103516,1263800
2016-09-08,127.37000274658203,127.55999755859375,126.43000030517578,126.51000213623047,108.67230224609375,1082700
2016-09-09,125.70999908447266,125.86000061035156,124.27999877929688,124.27999877929688,106.75675964355469,1720500
2016-09-12,124.0,126.58999633789062,123.63999938964844,126.30999755859375,108.50052642822266,1718200
2016-09-13,124.83999633789062,126.58000183105469,124.83999633789062,125.8499984741211,108.1053695678711,1839700
2016-09-14,125.87000274658203,125.9000015258789,124.37000274658203,124.6500015258789,107.0745620727539,1258500
2016-09-15,124.43000030517578,125.81999969482422,124.18000030517578,125.41999816894531,107.73600006103516,1188500
2016-09-16,124.79000091552734,125.47000122070312,123.87999725341797,124.70999908447266,107.12611389160156,1995200
2016-09-19,125.4000015258789,125.91000366210938,124.69999694824219,125.29000091552734,107.62434387207031,917700
2016-09-20,126.31999969482422,126.52999877929688,125.13999938964844,125.16000366210938,107.5126724243164,781100
2016-09-21,125.52999877929688,126.56999969482422,125.26000213623047,126.48999786376953,108.6551284790039,1449800
2016-09-22,126.93000030517578,127.54000091552734,126.69000244140625,127.44999694824219,109.47978973388672,953400
2016-09-23,126.41999816894531,126.66999816894531,125.4800033569336,125.4800033569336,107.78753662109375,1477500
2016-09-26,124.8499984741211,125.06999969482422,124.12000274658203,124.37999725341797,106.84263610839844,1451300
2016-09-27,124.45999908447266,125.87999725341797,124.2699966430664,125.27999877929688,107.61573028564453,1132400
2016-09-28,124.80000305175781,125.7300033569336,124.44999694824219,125.68000030517578,108.55722045898438,865300
2016-09-29,125.5,125.83999633789062,124.0199966430664,124.38999938964844,107.44300079345703,899200
2016-09-30,124.80000305175781,126.12000274658203,124.69000244140625,125.6500015258789,108.53132629394531,1646200
2016-10-03,125.44000244140625,125.52999877929688,123.81999969482422,124.20999908447266,107.28749084472656,1033200
2016-10-04,124.56999969482422,124.91000366210938,122.62999725341797,122.95999908447266,106.20780181884766,1585200
2016-10-05,123.69999694824219,123.9800033569336,122.75,123.16999816894531,106.38921356201172,1189800
2016-10-06,123.26000213623047,123.5,121.58000183105469,121.87999725341797,105.27495574951172,2307400
2016-10-07,122.51000213623047,125.08999633789062,122.51000213623047,124.43000030517578,107.47753143310547,2489700
2016-10-10,125.44000244140625,125.56999969482422,124.62000274658203,124.87999725341797,107.8662109375,945200
2016-10-11,124.47000122070312,124.73999786376953,123.3499984741211,123.73999786376953,106.88153839111328,1389600
2016-10-12,123.98999786376953,125.12000274658203,123.7300033569336,124.93000030517578,107.90941619873047,925900
2016-10-13,124.12999725341797,125.43000030517578,123.43000030517578,125.22000122070312,108.1598892211914,1211400
2016-10-14,126.0199966430664,126.62999725341797,125.6500015258789,125.8499984741211,108.70407104492188,1403400
2016-10-17,125.9000015258789,126.30999755859375,125.45999908447266,125.68000030517578,108.55722045898438,869600
2016-10-18,126.48999786376953,126.75,125.2300033569336,125.33999633789062,108.2635498046875,1491500
2016-10-19,125.70999908447266,126.30999755859375,125.33999633789062,126.02999877929688,108.85956573486328,915300
2016-10-20,125.63999938964844,125.63999938964844,122.91999816894531,123.02999877929688,106.26826477050781,2238800
2016-10-21,122.0,122.2699966430664,121.4800033569336,121.9000015258789,105.29222106933594,2094300
2016-10-24,122.5999984741211,123.2699966430664,122.02999877929688,122.27999877929688,105.62045288085938,1302200
2016-10-25,122.37000274658203,123.04000091552734,121.87999725341797,122.44999694824219,105.76729583740234,1508800
2016-10-26,124.36000061035156,127.19000244140625,123.56999969482422,127.0,109.69739532470703,3248600
2016-10-27,127.2699966430664,127.7300033569336,126.77999877929688,127.01000213623047,109.70603942871094,2114200
2016-10-28,127.37999725341797,128.55999755859375,126.23999786376953,127.51000213623047,110.13790130615234,2234500
2016-10-31,128.0399932861328,128.3699951171875,126.87999725341797,127.0,109.69739532470703,1615200
2016-11-01,127.25,127.44000244140625,124.80000305175781,125.48999786376953,108.39313507080078,1381400
2016-11-02,125.54000091552734,126.0,124.68000030517578,124.72000122070312,107.72799682617188,1227200
2016-11-03,125.13999938964844,125.83000183105469,124.26000213623047,124.44999694824219,107.49479675292969,1147000
2016-11-04,124.83999633789062,125.37999725341797,123.08000183105469,123.11000061035156,106.3373794555664,1565400
2016-11-07,124.58000183105469,124.95999908447266,123.98999786376953,124.5,107.53800201416016,1893200
2016-11-08,124.52999877929688,125.83999633789062,124.06999969482422,125.37999725341797,108.29811096191406,1846500
2016-11-09,124.69000244140625,126.33999633789062,123.5,125.8499984741211,108.70407104492188,2500400
2016-11-10,126.36000061035156,126.66999816894531,124.37999725341797,126.45999908447266,109.23095703125,3074500
2016-11-11,126.23999786376953,126.9800033569336,125.47000122070312,126.8499984741211,109.56783294677734,1781300
2016-11-14,127.41999816894531,127.93000030517578,126.44000244140625,126.9000015258789,109.61100769042969,1914100
2016-11-15,126.20999908447266,126.33999633789062,124.81999969482422,125.12000274658203,108.07351684570312,1962900
2016-11-16,124.62000274658203,125.58000183105469,124.0999984741211,125.41999816894531,108.33265686035156,2151400
2016-11-17,125.23999786376953,125.9800033569336,124.48999786376953,125.33999633789062,108.2635498046875,1263800
2016-11-18,125.62999725341797,126.7300033569336,125.0,126.30000305175781,109.09276580810547,1989700
2016-11-21,126.86000061035156,127.25,126.16000366210938,127.05000305175781,109.74058532714844,1622200
2016-11-22,127.58999633789062,127.58999633789062,126.05000305175781,126.41000366210938,109.18778228759766,1645700
2016-11-23,126.6500015258789,127.5,125.94999694824219,126.69000244140625,109.42963409423828,1077700
2016-11-25,127.05000305175781,127.12999725341797,126.06999969482422,126.6500015258789,109.39508819580078,534200
2016-11-28,126.25,126.94999694824219,125.69999694824219,126.76000213623047,109.49008178710938,1576200
2016-11-29,127.01000213623047,128.58999633789062,126.20999908447266,128.24000549316406,110.76846313476562,1722900
2016-11-30,128.94000244140625,129.57000732421875,127.54000091552734,128.0,110.56117248535156,2924200
2016-12-01,128.32000732421875,129.08999633789062,127.70999908447266,129.02999877929688,111.45084381103516,1810900
2016-12-02,128.5800018310547,128.9600067138672,127.77999877929688,127.81999969482422,110.40567779541016,1663900
2016-12-05,128.30999755859375,129.0800018310547,128.0,128.72000122070312,111.18307495117188,1399200
2016-12-06,128.97000122070312,130.2899932861328,128.41000366210938,130.08999633789062,112.36640167236328,2318100
2016-12-07,130.42999267578125,132.14999389648438,129.9199981689453,132.0800018310547,114.08531188964844,2454500
2016-12-08,132.42999267578125,132.99000549316406,131.5500030517578,132.1999969482422,114.18892669677734,1951500
2016-12-09,132.32000732421875,132.97000122070312,131.49000549316406,132.47999572753906,114.43077850341797,1244600
2016-12-12,132.58999633789062,132.99000549316406,131.9499969482422,132.86000061035156,114.75902557373047,1438100
2016-12-13,133.41000366210938,133.88999938964844,132.86000061035156,133.25999450683594,115.10452270507812,1628400
2016-12-14,133.1999969482422,133.3699951171875,130.4199981689453,131.8800048828125,113.91252899169922,1660100
2016-12-15,132.02999877929688,133.6199951171875,131.72999572753906,132.35000610351562,114.31851196289062,1586000
2016-12-16,132.75999450683594,132.9499969482422,131.72999572753906,132.7100067138672,114.62947082519531,2739900
2016-12-19,132.8699951171875,133.49000549316406,132.57000732421875,133.24000549316406,115.0872573852539,951000
2016-12-20,133.64999389648438,133.77000427246094,132.5800018310547,132.99000549316406,114.8713150024414,1255300
2016-12-21,133.22999572753906,133.50999450683594,132.83999633789062,133.32000732421875,115.1563491821289,984500
2016-12-22,133.5800018310547,133.69000244140625,132.55999755859375,133.30999755859375,115.14769744873047,1224000
2016-12-23,133.32000732421875,133.57000732421875,132.69000244140625,133.11000061035156,114.97496032714844,911200
2016-12-27,133.10000610351562,133.4600067138672,132.4600067138672,132.67999267578125,114.60355377197266,968400
2016-12-28,132.4499969482422,132.8699951171875,132.1300048828125,132.16000366210938,114.75118255615234,1005500
2016-12-29,132.27999877929688,132.63999938964844,131.83999633789062,132.24000549316406,114.82064819335938,953200
2016-12-30,132.66000366210938,132.99000549316406,131.7899932861328,132.1199951171875,114.71639251708984,1351400
2017-01-03,132.74000549316406,132.74000549316406,131.02000427246094,131.7100067138672,114.36043548583984,1401100
2017-01-04,132.11000061035156,132.3300018310547,131.00999450683594,131.52000427246094,114.19548034667969,1324400
2017-01-05,131.47999572753906,131.88999938964844,129.8300018310547,130.6300048828125,113.42269897460938,1731400
2017-01-06,130.8699951171875,131.97999572753906,130.6699981689453,131.3300018310547,114.03048706054688,1595500
2017-01-09,131.0800018310547,131.5399932861328,130.35000610351562,130.50999450683594,113.31848907470703,1536900
2017-01-10,130.4600067138672,131.27000427246094,130.32000732421875,130.4600067138672,113.27510070800781,1134900
2017-01-11,129.9600067138672,130.44000244140625,129.4600067138672,130.36000061035156,113.18822479248047,1545000
2017-01-12,129.88999938964844,130.2100067138672,128.97999572753906,129.7899932861328,112.693359375,1225700
2017-01-13,130.3000030517578,130.75,129.97000122070312,130.25,113.0927734375,1059700
2017-01-17,129.72000122070312,131.4499969482422,129.3300018310547,130.99000549316406,113.73528289794922,1999500
2017-01-18,131.27000427246094,132.05999755859375,130.83999633789062,131.97000122070312,114.58618927001953,1868100
2017-01-19,132.10000610351562,132.39999389648438,130.91000366210938,131.27000427246094,113.97838592529297,1626900
2017-01-20,131.66000366210938,132.47999572753906,130.74000549316406,131.41000366210938,114.09996032714844,1801700
2017-01-23,131.5399932861328,131.63999938964844,130.99000549316406,131.42999267578125,114.11727905273438,1010600
2017-01-24,131.77000427246094,132.82000732421875,131.5399932861328,131.97000122070312,114.58618927001953,1359800
2017-01-25,132.60000610351562,133.33999633789062,132.50999450683594,133.07000732421875,115.54129028320312,1294200
2017-01-26,133.0,133.39999389648438,132.3699951171875,133.05999755859375,115.5325927734375,1045800
2017-01-27,133.19000244140625,133.32000732421875,132.33999633789062,133.3000030517578,115.74100494384766,1105600
2017-01-30,133.25999450683594,133.25999450683594,131.1999969482422,131.7100067138672,114.36043548583984,1497300
2017-01-31,131.14999389648438,132.0,130.5399932861328,131.49000549316406,114.16941833496094,1521400
2017-02-01,128.8699951171875,129.69000244140625,127.1500015258789,128.47999572753906,111.555908203125,3620600
2017-02-02,128.14999389648438,130.97000122070312,128.0,130.77000427246094,113.54424285888672,2037900
2017-02-03,132.0,132.25999450683594,130.9499969482422,131.27999877929688,113.98709106445312,1486600
2017-02-06,131.10000610351562,132.25,130.9199981689453,131.42999267578125,114.11727905273438,1056400
2017-02-07,131.99000549316406,131.99000549316406,130.36000061035156,130.75,113.52689361572266,1526400
2017-02-08,130.5500030517578,131.19000244140625,130.1699981689453,130.8300018310547,113.59635162353516,983400
2017-02-09,130.8300018310547,132.2100067138672,130.67999267578125,131.8800048828125,114.5080337524414,919900
2017-02-10,132.1999969482422,133.2100067138672,131.74000549316406,132.75999450683594,115.27212524414062,867400
2017-02-13,132.9499969482422,133.9600067138672,132.25,133.80999755859375,116.18382263183594,1007500
2017-02-14,133.86000061035156,134.16000366210938,132.97000122070312,133.99000549316406,116.34009552001953,1006200
2017-02-15,134.0399932861328,134.5500030517578,133.52000427246094,134.4600067138672,116.74819946289062,936800
2017-02-16,134.3000030517578,135.74000549316406,134.10000610351562,135.72999572753906,117.85089874267578,1421100
2017-02-17,135.35000610351562,136.25,134.74000549316406,136.19000244140625,118.25029754638672,1431500
2017-02-21,136.0399932861328,136.8699951171875,135.1300048828125,136.72999572753906,118.71916961669922,1318700
2017-02-22,136.0,137.91000366210938,135.49000549316406,137.75999450683594,119.61348724365234,1244000
2017-02-23,138.0,139.3000030517578,137.64999389648438,139.00999450683594,120.6988525390625,984900
2017-02-24,138.47999572753906,139.35000610351562,137.74000549316406,138.41000366210938,120.1778793334961,978200
2017-02-27,138.1999969482422,138.64999389648438,137.17999267578125,137.61000061035156,119.48326873779297,897800
2017-02-28,136.8699951171875,138.50999450683594,136.69000244140625,138.1699981689453,119.96949005126953,1463200
2017-03-01,139.11000061035156,140.55999755859375,138.0500030517578,140.3800048828125,121.88837432861328,1602500
2017-03-02,139.6699981689453,140.32000732421875,138.38999938964844,138.39999389648438,120.16917419433594,1161800
2017-03-03,138.35000610351562,138.72999572753906,137.63999938964844,138.64999389648438,120.38626861572266,1240900
2017-03-06,137.9199981689453,138.3800048828125,137.55999755859375,137.69000244140625,119.5527114868164,1204600
2017-03-07,137.3000030517578,137.75999450683594,136.94000244140625,137.41000366210938,119.30960083007812,1133600
2017-03-08,137.89999389648438,138.3800048828125,136.7899932861328,136.9600067138672,118.91888427734375,1133300
2017-03-09,137.2100067138672,137.82000732421875,136.9600067138672,137.41000366210938,119.30960083007812,1051500
2017-03-10,137.8000030517578,137.88999938964844,137.1199951171875,137.80999755859375,119.65691375732422,1074900
2017-03-13,137.6999969482422,138.1999969482422,137.1300048828125,137.5399932861328,119.4224624633789,1285400
2017-03-14,137.2899932861328,137.80999755859375,136.97999572753906,137.3300018310547,119.24014282226562,1016400
2017-03-15,137.92999267578125,138.5500030517578,137.27999877929688,138.25999450683594,120.0476303100586,1422000
2017-03-16,138.35000610351562,138.60000610351562,137.27999877929688,137.72999572753906,119.58741760253906,1214200
2017-03-17,137.8000030517578,138.10000610351562,137.14999389648438,138.10000610351562,119.90874481201172,2874900
2017-03-20,137.86000061035156,137.86000061035156,137.08999633789062,137.13999938964844,119.07515716552734,950800
2017-03-21,137.47000122070312,137.88999938964844,135.63999938964844,136.0800018310547,118.15478515625,1656900
2017-03-22,136.0800018310547,137.07000732421875,135.7100067138672,136.64999389648438,118.64972686767578,1298200
2017-03-23,136.52000427246094,137.9600067138672,136.39999389648438,136.66000366210938,118.65839385986328,1546500
2017-03-24,136.66000366210938,136.92999267578125,135.5399932861328,136.05999755859375,118.13742065429688,942600
2017-03-27,135.0,136.69000244140625,134.8000030517578,136.66000366210938,118.65839385986328,1148200
2017-03-28,136.07000732421875,138.3300018310547,135.9600067138672,138.0,119.82186126708984,1466700
2017-03-29,136.8699951171875,136.97999572753906,136.24000549316406,136.5,119.11504364013672,1034300
2017-03-30,136.1699981689453,137.3000030517578,136.11000061035156,137.0500030517578,119.59498596191406,726100
2017-03-31,137.0500030517578,137.05999755859375,136.22000122070312,136.25,118.89688110351562,1709100
2017-04-03,136.3699951171875,136.6300048828125,135.66000366210938,136.27000427246094,118.91438293457031,1128500
2017-04-04,136.19000244140625,137.44000244140625,136.19000244140625,137.33999633789062,119.84803771972656,955900
2017-04-05,137.66000366210938,138.11000061035156,136.67999267578125,136.77999877929688,119.359375,1157400
2017-04-06,137.17999267578125,137.97999572753906,136.39999389648438,137.58999633789062,120.06619262695312,1437100
2017-04-07,136.94000244140625,138.02999877929688,136.94000244140625,137.47000122070312,119.96150970458984,1010600
2017-04-10,137.47000122070312,138.4199981689453,136.66000366210938,137.97999572753906,120.40654754638672,1004600
2017-04-11,137.39999389648438,138.07000732421875,137.11000061035156,137.8000030517578,120.24945831298828,917100
2017-04-12,137.10000610351562,137.24000549316406,136.4199981689453,137.02000427246094,119.56880950927734,1904400
2017-04-13,136.6999969482422,137.16000366210938,136.25,136.72000122070312,119.30704498291016,1124800
2017-04-17,137.05999755859375,138.33999633789062,136.75,138.19000244140625,120.58983612060547,1017100
2017-04-18,137.7899932861328,138.3800048828125,137.47999572753906,137.5,119.98765563964844,1206800
2017-04-19,138.3800048828125,138.3800048828125,136.55999755859375,136.97000122070312,119.52519226074219,1463500
2017-04-20,136.6999969482422,137.0399932861328,135.8000030517578,136.77999877929688,119.359375,1714100
2017-04-21,136.5500030517578,136.89999389648438,135.42999267578125,135.47999572753906,118.22492218017578,2472200
2017-04-24,137.36000061035156,137.64999389648438,136.02000427246094,136.77999877929688,119.359375,2436500
2017-04-25,137.3300018310547,137.7899932861328,136.85000610351562,137.1199951171875,119.65611267089844,1870400
2017-04-26,138.38999938964844,140.38999938964844,137.8000030517578,138.92999267578125,121.23554229736328,2167500
2017-04-27,139.10000610351562,139.47999572753906,138.33999633789062,138.4199981689453,120.79051208496094,1032800
2017-04-28,138.41000366210938,138.6300048828125,137.07000732421875,137.25,119.76953125,1489400
2017-05-01,137.27999877929688,137.7899932861328,136.6999969482422,136.88999938964844,119.4553451538086,1411500
2017-05-02,137.1999969482422,137.35000610351562,136.5800018310547,137.02999877929688,119.57755279541016,1535000
2017-05-03,136.97999572753906,138.02999877929688,136.83999633789062,137.55999755859375,120.0400390625,1241300
2017-05-04,137.97999572753906,138.32000732421875,137.4499969482422,138.3000030517578,120.68579864501953,1458000
2017-05-05,138.52000427246094,138.6699981689453,137.32000732421875,137.75,120.20581817626953,1474100
2017-05-08,137.8699951171875,137.9499969482422,137.07000732421875,137.22999572753906,119.7520523071289,772200
2017-05-09,137.0,137.3300018310547,136.0,136.32000732421875,118.95800018310547,1045200
2017-05-10,136.72999572753906,138.17999267578125,136.55999755859375,138.0,120.42401123046875,2057900
2017-05-11,137.41000366210938,137.6999969482422,136.77000427246094,137.2100067138672,119.734619140625,1395100
2017-05-12,136.8300018310547,137.30999755859375,136.5399932861328,136.74000549316406,119.32449340820312,1009800
2017-05-15,136.64999389648438,137.60000610351562,136.50999450683594,137.3699951171875,119.87422180175781,1053500
2017-05-16,136.27000427246094,137.77000427246094,136.27000427246094,137.02000427246094,119.56880950927734,871900
2017-05-17,137.02000427246094,138.30999755859375,136.63999938964844,137.7899932861328,120.24075317382812,2081500
2017-05-18,137.6300048828125,139.89999389648438,137.57000732421875,138.55999755859375,120.91268157958984,1798200
2017-05-19,138.8000030517578,138.8300018310547,138.00999450683594,138.47999572753906,120.84285736083984,1615100
2017-05-22,138.7100067138672,139.91000366210938,138.7100067138672,139.75999450683594,121.95985412597656,1176300
2017-05-23,139.75999450683594,140.7899932861328,139.6300048828125,140.61000061035156,122.70160675048828,1103000
2017-05-24,140.5800018310547,141.0399932861328,140.27999877929688,140.8699951171875,122.92849731445312,1003100
2017-05-25,141.49000549316406,142.8699951171875,141.22999572753906,142.75999450683594,124.57774353027344,1001600
2017-05-26,142.6699981689453,142.8699951171875,142.24000549316406,142.24000549316406,124.12397003173828,979700
2017-05-30,141.6199951171875,142.1699981689453,141.4600067138672,141.88999938964844,123.81856536865234,844500
2017-05-31,141.9600067138672,143.25999450683594,141.8300018310547,143.19000244140625,124.95298767089844,1332400
2017-06-01,143.61000061035156,144.85000610351562,143.2100067138672,144.85000610351562,126.40158081054688,1297200
2017-06-02,144.67999267578125,145.27999877929688,144.35000610351562,145.13999938964844,126.65461730957031,1270000
2017-06-05,145.14999389648438,145.8800048828125,144.83999633789062,145.0500030517578,126.57608795166016,1091800
2017-06-06,144.60000610351562,145.16000366210938,144.13999938964844,144.17999267578125,125.81686401367188,1223600
2017-06-07,144.77999877929688,144.91000366210938,144.1199951171875,144.2899932861328,125.91288757324219,1414200
2017-06-08,144.2899932861328,145.3800048828125,144.25,144.9600067138672,126.49757385253906,1480600
2017-06-09,144.94000244140625,146.66000366210938,144.67999267578125,146.55999755859375,127.89379119873047,1225800
2017-06-12,146.57000732421875,146.57000732421875,145.1999969482422,145.67999267578125,127.1258316040039,1937400
2017-06-13,145.89999389648438,146.32000732421875,145.50999450683594,145.72999572753906,127.16949462890625,1307900
2017-06-14,145.6199951171875,146.8300018310547,145.30999755859375,146.69000244140625,128.0072784423828,1372800
2017-06-15,146.3699951171875,147.52000427246094,146.0,147.39999389648438,128.6267852783203,1225600
2017-06-16,147.9499969482422,147.9499969482422,146.3800048828125,147.5800018310547,128.78387451171875,2107000
2017-06-19,147.8699951171875,148.32000732421875,146.99000549316406,147.11000061035156,128.37374877929688,1222900
2017-06-20,147.11000061035156,147.32000732421875,146.8300018310547,146.92999267578125,128.21664428710938,1392500
2017-06-21,147.1300048828125,147.4199981689453,146.4499969482422,146.6199951171875,127.94610595703125,1205800
2017-06-22,146.6199951171875,146.6199951171875,145.5500030517578,145.5500030517578,127.01244354248047,1245500
2017-06-23,145.52999877929688,146.19000244140625,144.5,144.85000610351562,126.40158081054688,1967500
2017-06-26,144.8300018310547,145.50999450683594,144.32000732421875,145.39999389648438,126.88150024414062,1249600
2017-06-27,145.25999450683594,145.6999969482422,144.72999572753906,144.77999877929688,126.3404541015625,1179700
2017-06-28,144.89999389648438,145.77000427246094,144.89999389648438,145.6300048828125,127.7085189819336,1160100
2017-06-29,146.00999450683594,146.02000427246094,144.32000732421875,144.97000122070312,127.12971496582031,1345800
2017-06-30,145.72000122070312,145.8800048828125,144.66000366210938,145.3800048828125,127.48925018310547,1374800
2017-07-03,145.8000030517578,147.39999389648438,145.50999450683594,146.35000610351562,128.33985900878906,672700
2017-07-05,146.63999938964844,146.82000732421875,145.3800048828125,145.97000122070312,128.0066680908203,1001300
2017-07-06,146.0500030517578,146.47999572753906,145.35000610351562,145.44000244140625,127.5418930053711,1212500
2017-07-07,145.9499969482422,146.7899932861328,145.6300048828125,146.52000427246094,128.4889678955078,1043600
2017-07-10,145.97999572753906,146.16000366210938,145.27000427246094,145.27999877929688,127.40159606933594,1073300
2017-07-11,145.47999572753906,145.6199951171875,144.16000366210938,144.4499969482422,126.67369842529297,1127200
2017-07-12,144.77999877929688,145.1199951171875,144.3000030517578,144.44000244140625,126.66497802734375,1165300
2017-07-13,144.61000061035156,145.33999633789062,144.3800048828125,144.85000610351562,127.02448272705078,987600
2017-07-14,144.47000122070312,145.58999633789062,143.86000061035156,145.17999267578125,127.31383514404297,755600
2017-07-17,145.17999267578125,145.66000366210938,144.72999572753906,145.5399932861328,127.6296157836914,1081400
2017-07-18,145.50999450683594,145.8000030517578,144.6999969482422,145.6999969482422,127.76991271972656,995800
2017-07-19,146.0399932861328,146.55999755859375,145.55999755859375,146.5500030517578,128.51528930664062,1028800
2017-07-20,146.82000732421875,147.0,145.89999389648438,146.6199951171875,128.57666015625,1381400
2017-07-21,146.27999877929688,147.4600067138672,146.27999877929688,147.0,128.90994262695312,1454700
2017-07-24,147.17999267578125,147.17999267578125,146.58999633789062,146.88999938964844,128.8134765625,1117000
2017-07-25,147.58999633789062,148.3800048828125,146.89999389648438,147.36000061035156,129.22560119628906,2189400
2017-07-26,147.55999755859375,147.97999572753906,143.69000244140625,143.89999389648438,126.19137573242188,2864600
2017-07-27,143.60000610351562,144.99000549316406,142.64999389648438,142.97999572753906,125.3846206665039,2491400
2017-07-28,143.3699951171875,145.4199981689453,143.3699951171875,145.35000610351562,127.46296691894531,2213100
2017-07-31,145.6999969482422,146.74000549316406,145.36000061035156,146.4600067138672,128.4363555908203,1378300
2017-08-01,146.85000610351562,148.08999633789062,146.39999389648438,148.07000732421875,129.84823608398438,1319700
2017-08-02,148.22000122070312,149.22999572753906,147.83999633789062,148.9199981689453,130.59365844726562,1824200
2017-08-03,148.99000549316406,150.08999633789062,148.6699981689453,149.8699951171875,131.42669677734375,1760100
2017-08-04,149.94000244140625,150.27999877929688,149.16000366210938,149.8000030517578,131.36534118652344,843700
2017-08-07,149.50999450683594,149.97000122070312,149.22000122070312,149.30999755859375,130.93568420410156,886500
2017-08-08,149.13999938964844,149.5,148.3699951171875,148.5399932861328,130.26039123535156,964500
2017-08-09,148.4600067138672,149.33999633789062,148.00999450683594,149.2899932861328,130.9180908203125,872900
2017-08-10,148.6300048828125,149.02999877929688,148.22999572753906,148.3300018310547,130.07623291015625,1101500
2017-08-11,148.72999572753906,148.82000732421875,146.3000030517578,146.44000244140625,128.4188232421875,2126600
2017-08-14,146.8300018310547,147.9600067138672,146.75,147.39999389648438,129.26065063476562,1300700
2017-08-15,147.80999755859375,148.75,147.72999572753906,147.97000122070312,129.76058959960938,847500
2017-08-16,148.41000366210938,148.94000244140625,147.8800048828125,148.02000427246094,129.8043670654297,904900
2017-08-17,147.8000030517578,148.02000427246094,145.88999938964844,145.9499969482422,127.9891586303711,910400
2017-08-18,145.25,146.33999633789062,145.25,145.44000244140625,127.5418930053711,1054100
2017-08-21,145.5800018310547,145.7899932861328,144.75999450683594,145.3300018310547,127.44542694091797,1289300
2017-08-22,145.4199981689453,145.55999755859375,144.85000610351562,145.30999755859375,127.4278793334961,1054600
2017-08-23,144.8000030517578,145.27000427246094,143.94000244140625,144.24000549316406,126.48954010009766,1024500
2017-08-24,144.36000061035156,144.5399932861328,142.60000610351562,142.75999450683594,125.19166564941406,1523800
2017-08-25,142.8000030517578,144.14999389648438,142.64999389648438,143.6300048828125,125.95464324951172,1312600
2017-08-28,143.2899932861328,143.2899932861328,140.58999633789062,141.77999877929688,124.33228302001953,1541100
2017-08-29,140.58999633789062,142.35000610351562,140.58999633789062,141.88999938964844,124.42877197265625,1242600
2017-08-30,142.52999877929688,142.52999877929688,141.1199951171875,141.16000366210938,123.7885971069336,1223700
2017-08-31,141.60000610351562,141.74000549316406,140.5399932861328,141.4199981689453,124.01660919189453,1858500
2017-09-01,141.47000122070312,142.27999877929688,140.30999755859375,140.49000549316406,123.20106506347656,1397100
2017-09-05,139.3000030517578,139.99000549316406,136.5399932861328,136.85000610351562,120.00900268554688,2436300
2017-09-06,137.10000610351562,139.14999389648438,136.27999877929688,137.7100067138672,120.76315307617188,2861600
2017-09-07,137.4499969482422,137.66000366210938,133.82000732421875,134.8800048828125,118.2813949584961,2786300
2017-09-08,134.42999267578125,142.75,134.0399932861328,140.85000610351562,123.5167465209961,4374300
2017-09-11,142.7100067138672,146.83999633789062,142.7100067138672,145.8800048828125,127.92774200439453,4895200
2017-09-12,145.88999938964844,147.02000427246094,145.24000549316406,147.00999450683594,128.91867065429688,2330200
2017-09-13,146.4199981689453,146.83999633789062,144.1999969482422,144.5500030517578,126.76142883300781,1809300
2017-09-14,144.58999633789062,144.58999633789062,141.60000610351562,142.7899932861328,125.21797180175781,1712000
2017-09-15,142.7899932861328,143.66000366210938,142.4600067138672,143.50999450683594,125.84937286376953,2307700
2017-09-18,143.72000122070312,144.05999755859375,142.6699981689453,143.57000732421875,125.90202331542969,974600
2017-09-19,143.52000427246094,144.57000732421875,142.89999389648438,143.47000122070312,125.81433868408203,1590300
2017-09-20,143.89999389648438,144.3000030517578,142.6999969482422,143.8800048828125,126.17388153076172,1080700
2017-09-21,143.80999755859375,144.6699981689453,142.94000244140625,142.9499969482422,125.35832977294922,944900
2017-09-22,142.75,143.08999633789062,141.63999938964844,142.58999633789062,125.04264068603516,1009600
2017-09-25,142.58999633789062,143.38999938964844,141.82000732421875,143.2100067138672,125.58631134033203,1119200
2017-09-26,142.86000061035156,142.86000061035156,140.8699951171875,141.61000061035156,124.1832046508789,1635000
2017-09-27,142.5399932861328,142.5399932861328,141.60000610351562,141.91000366210938,124.44629669189453,1414800
2017-09-28,141.47999572753906,142.6699981689453,141.4199981689453,142.19000244140625,125.31883239746094,1796100
2017-09-29,141.72999572753906,142.7100067138672,141.63999938964844,142.5500030517578,125.63611602783203,1413200
2017-10-02,142.5500030517578,145.55999755859375,142.3800048828125,145.49000549316406,128.22732543945312,2225600
2017-10-03,145.38999938964844,145.38999938964844,143.88999938964844,144.6999969482422,127.53102111816406,1536200
2017-10-04,144.39999389648438,145.0800018310547,144.2899932861328,144.75,127.5750732421875,924600
2017-10-05,144.83999633789062,146.2899932861328,144.32000732421875,145.7100067138672,128.42115783691406,1362300
2017-10-06,145.99000549316406,146.6199951171875,145.02999877929688,146.14999389648438,128.80894470214844,1139400
2017-10-09,146.08999633789062,146.58999633789062,145.0,146.0500030517578,128.72080993652344,976300
2017-10-10,146.0399932861328,147.3300018310547,145.6699981689453,147.27999877929688,129.80487060546875,723600
2017-10-11,146.94000244140625,147.47000122070312,146.4499969482422,147.3699951171875,129.88418579101562,871400
2017-10-12,147.6199951171875,148.0399932861328,146.22000122070312,146.5800018310547,129.1879425048828,1118000
2017-10-13,146.60000610351562,149.19000244140625,145.9600067138672,148.83999633789062,131.17977905273438,1855200
2017-10-16,148.66000366210938,150.72999572753906,148.5399932861328,150.32000732421875,132.48419189453125,1503100
2017-10-17,150.05999755859375,150.4499969482422,149.05999755859375,150.0800018310547,132.27261352539062,1250700
2017-10-18,149.72000122070312,151.17999267578125,148.91000366210938,151.11000061035156,133.1804656982422,941400
2017-10-19,150.9499969482422,154.0500030517578,150.1199951171875,153.97999572753906,135.70993041992188,1561800
2017-10-20,155.0800018310547,155.2899932861328,153.27000427246094,154.0,135.72750854492188,1737300
2017-10-23,154.17999267578125,155.24000549316406,153.32000732421875,155.19000244140625,136.7763671875,854800
2017-10-24,155.60000610351562,156.0,154.38999938964844,154.39999389648438,136.080078125,1513000
2017-10-25,154.5399932861328,155.27000427246094,153.38999938964844,154.16000366210938,135.86859130859375,1703700
2017-10-26,154.8699951171875,155.38999938964844,154.0399932861328,154.75,136.38858032226562,1218500
2017-10-27,154.25,154.25,151.5,152.75,134.62586975097656,2419300
2017-10-30,152.64999389648438,154.30999755859375,151.3800048828125,152.88999938964844,134.74925231933594,1338100
2017-10-31,152.6699981689453,153.4499969482422,150.77000427246094,150.82000732421875,132.9248504638672,2128600
2017-11-01,150.52999877929688,152.25,150.50999450683594,151.30999755859375,133.35670471191406,1511400
2017-11-02,151.60000610351562,152.1199951171875,147.77999877929688,149.25999450683594,131.54995727539062,2708700
2017-11-03,148.64999389648438,149.67999267578125,147.75999450683594,148.27000427246094,130.6774139404297,1822300
2017-11-06,147.75,149.41000366210938,147.27000427246094,149.1999969482422,131.49708557128906,1472300
2017-11-07,149.82000732421875,150.80999755859375,149.1300048828125,149.8000030517578,132.02587890625,1345200
2017-11-08,151.66000366210938,151.66000366210938,149.6199951171875,150.10000610351562,132.290283203125,1466300
2017-11-09,149.72999572753906,151.72000122070312,149.25,151.63999938964844,133.6475830078125,1206000
2017-11-10,151.14999389648438,151.88999938964844,150.0500030517578,151.35000610351562,133.39202880859375,1016000
2017-11-13,151.13999938964844,151.8300018310547,150.02000427246094,151.33999633789062,133.3831329345703,1065400
2017-11-14,150.67999267578125,151.0399932861328,149.41000366210938,150.69000244140625,132.81028747558594,1216300
2017-11-15,150.25,151.75,149.02999877929688,151.16000366210938,133.22450256347656,1597500
2017-11-16,151.47999572753906,151.47999572753906,148.8000030517578,148.86000061035156,131.19744873046875,1244800
2017-11-17,148.19000244140625,149.16000366210938,147.97999572753906,148.6300048828125,130.99473571777344,966700
2017-11-20,148.57000732421875,149.41000366210938,147.83999633789062,149.0,131.32080078125,982800
2017-11-21,149.5,150.0,148.97000122070312,149.17999267578125,131.4794464111328,960600
2017-11-22,148.75999450683594,149.11000061035156,147.97000122070312,148.25,130.6597900390625,982200
2017-11-24,149.10000610351562,149.10000610351562,148.0500030517578,148.92999267578125,131.2590789794922,465200
2017-11-27,148.92999267578125,149.6999969482422,148.16000366210938,149.25999450683594,131.54995727539062,798200
2017-11-28,149.75999450683594,152.1199951171875,149.0,151.57000732421875,133.5858612060547,1119600
2017-11-29,152.25,153.33999633789062,151.5800018310547,152.63999938964844,134.52894592285156,1408500
2017-11-30,153.0,153.47000122070312,150.61000061035156,152.11000061035156,134.0618133544922,2256800
2017-12-01,151.91000366210938,152.7899932861328,148.1999969482422,151.63999938964844,133.6475830078125,1556400
2017-12-04,153.3800048828125,153.3800048828125,150.80999755859375,150.82000732421875,132.9248504638672,1311600
2017-12-05,151.4600067138672,151.4600067138672,149.0,150.17999267578125,132.36077880859375,1476200
2017-12-06,149.97999572753906,151.30999755859375,149.5800018310547,150.8699951171875,132.9689178466797,1395800
2017-12-07,150.6300048828125,150.97999572753906,148.89999389648438,149.44000244140625,131.70860290527344,1383400
2017-12-08,149.41000366210938,150.11000061035156,148.25999450683594,150.0500030517578,132.2462158203125,1311800
2017-12-11,150.0399932861328,150.27999877929688,149.1300048828125,150.24000549316406,132.41366577148438,1306400
2017-12-12,150.0500030517578,150.77000427246094,149.60000610351562,150.5,132.64283752441406,1216900
2017-12-13,150.72000122070312,150.72000122070312,148.38999938964844,148.44000244140625,130.8272705078125,1236900
2017-12-14,148.44000244140625,148.64999389648438,145.22999572753906,146.1199951171875,128.7825164794922,2639900
2017-12-15,147.0500030517578,149.39999389648438,146.66000366210938,148.72000122070312,131.07400512695312,2533000
2017-12-18,149.22999572753906,150.10000610351562,147.07000732421875,147.86000061035156,130.3160400390625,1394800
2017-12-19,148.3800048828125,149.1199951171875,147.10000610351562,147.6199951171875,130.10452270507812,1502500
2017-12-20,147.8300018310547,148.08999633789062,145.72999572753906,145.97000122070312,128.65032958984375,1657000
2017-12-21,146.75999450683594,146.9499969482422,144.77000427246094,145.00999450683594,127.80421447753906,1621900
2017-12-22,145.82000732421875,145.82000732421875,144.3000030517578,145.1999969482422,127.97168731689453,1322800
2017-12-26,144.88999938964844,146.27000427246094,144.60000610351562,145.30999755859375,128.06863403320312,744200
2017-12-27,145.58999633789062,146.3800048828125,145.13999938964844,146.1699981689453,128.8266143798828,1134100
2017-12-28,145.64999389648438,146.6199951171875,145.5399932861328,146.16000366210938,129.44656372070312,1270900
2017-12-29,146.67999267578125,147.25,146.0,146.1300048828125,129.4200439453125,1311100
2018-01-02,146.4199981689453,147.07000732421875,141.39999389648438,142.3000030517578,126.02790832519531,1986500
2018-01-03,141.91000366210938,144.13999938964844,141.75999450683594,143.4199981689453,127.01985168457031,2675400
2018-01-04,143.61000061035156,145.3300018310547,143.33999633789062,144.0,127.53353881835938,1935500
2018-01-05,144.36000061035156,144.9600067138672,142.77999877929688,144.25999450683594,127.76382446289062,1629100
2018-01-08,143.55999755859375,143.74000549316406,142.00999450683594,143.52999877929688,127.11725616455078,1556100
2018-01-09,143.74000549316406,146.22000122070312,142.86000061035156,145.85000610351562,129.1719970703125,2208600
2018-01-10,145.52999877929688,145.8300018310547,144.9499969482422,145.2899932861328,128.67604064941406,1541600
2018-01-11,145.22999572753906,145.8800048828125,143.85000610351562,144.5,127.97636413574219,1428600
2018-01-12,144.6999969482422,145.82000732421875,143.6699981689453,145.63999938964844,128.98597717285156,1357400
2018-01-16,145.9600067138672,146.1699981689453,144.67999267578125,145.6699981689453,129.0125732421875,1867800
2018-01-17,146.52000427246094,147.82000732421875,145.77999877929688,147.5399932861328,130.66868591308594,1729100
2018-01-18,147.5500030517578,148.30999755859375,146.42999267578125,147.69000244140625,130.80160522460938,1327400
2018-01-19,148.00999450683594,148.3000030517578,146.9499969482422,148.1999969482422,131.25326538085938,1475000
2018-01-22,148.5399932861328,149.82000732421875,148.38999938964844,149.7899932861328,132.6614532470703,1436600
2018-01-23,149.8000030517578,154.19000244140625,149.75,153.2899932861328,135.76121520996094,3036100
2018-01-24,153.16000366210938,155.3800048828125,152.57000732421875,154.97999572753906,137.2579803466797,2113600
2018-01-25,154.91000366210938,155.2899932861328,153.2899932861328,154.80999755859375,137.107421875,1641700
2018-01-26,154.9600067138672,155.91000366210938,154.25,155.8000030517578,137.98422241210938,1311400
2018-01-29,155.5,155.80999755859375,153.92999267578125,154.1199951171875,136.49630737304688,1334700
2018-01-30,153.94000244140625,155.5500030517578,152.92999267578125,153.05999755859375,135.55752563476562,2203700
2018-01-31,154.35000610351562,157.5,153.85000610351562,156.14999389648438,138.29420471191406,3363800
2018-02-01,155.83999633789062,156.89999389648438,154.5800018310547,155.47999572753906,137.7008056640625,2088100
2018-02-02,155.0500030517578,156.44000244140625,153.10000610351562,153.25,135.72579956054688,1469100
2018-02-05,152.99000549316406,153.66000366210938,146.57000732421875,147.35000610351562,130.50048828125,2327600
2018-02-06,145.0,147.08999633789062,141.4499969482422,145.8800048828125,129.19857788085938,3348700
2018-02-07,145.60000610351562,149.63999938964844,144.88999938964844,147.52000427246094,130.65101623535156,3102300
2018-02-08,147.64999389648438,148.02000427246094,140.30999755859375,140.38999938964844,124.33634185791016,2266000
2018-02-09,141.66000366210938,145.58999633789062,140.08999633789062,144.52000427246094,127.99404907226562,3508400
2018-02-12,144.97999572753906,146.27999877929688,142.47999572753906,144.61000061035156,128.07379150390625,2205800
2018-02-13,143.75999450683594,145.52000427246094,143.36000061035156,145.1199951171875,128.5254669189453,1387800
2018-02-14,144.5,147.36000061035156,143.8000030517578,147.2899932861328,130.447265625,1989100
2018-02-15,147.72000122070312,148.5800018310547,146.27999877929688,147.07000732421875,130.2525177001953,1783100
2018-02-16,146.6999969482422,148.10000610351562,146.0500030517578,147.0,130.19049072265625,1514300
2018-02-20,146.88999938964844,147.66000366210938,144.5399932861328,145.44000244140625,128.80886840820312,1270500
2018-02-21,145.52999877929688,146.74000549316406,143.6699981689453,143.72000122070312,127.28556060791016,1581300
2018-02-22,144.0,145.2899932861328,142.72000122070312,143.07000732421875,126.70988464355469,1996700
2018-02-23,143.27999877929688,144.00999450683594,142.19000244140625,144.00999450683594,127.54239654541016,1386400
2018-02-26,144.19000244140625,146.64999389648438,144.02999877929688,146.13999938964844,129.4288330078125,1803200
2018-02-27,146.11000061035156,146.5800018310547,144.19000244140625,144.19000244140625,127.70185089111328,1739400
2018-02-28,144.67999267578125,145.6699981689453,141.8300018310547,141.9199981689453,125.69137573242188,1315300
2018-03-01,142.02999877929688,143.35000610351562,139.17999267578125,139.80999755859375,123.82266235351562,1377000
2018-03-02,139.0399932861328,140.02000427246094,137.49000549316406,139.86000061035156,123.8669662475586,1784600
2018-03-05,139.50999450683594,142.47999572753906,139.11000061035156,141.55999755859375,125.37255096435547,1357000
2018-03-06,141.75,142.22000122070312,140.39999389648438,141.92999267578125,125.70022583007812,1176300
2018-03-07,140.8000030517578,141.13999938964844,139.57000732421875,140.63999938964844,124.5577392578125,1462700
2018-03-08,140.75999450683594,142.3300018310547,140.22000122070312,141.91000366210938,125.68252563476562,1247700
2018-03-09,142.72999572753906,144.0,141.17999267578125,144.0,127.53353881835938,1569000
2018-03-12,144.19000244140625,145.0800018310547,142.1699981689453,143.08999633789062,126.72760009765625,1149000
2018-03-13,144.14999389648438,144.30999755859375,141.77000427246094,141.94000244140625,125.70912170410156,1307400
2018-03-14,142.6999969482422,142.6999969482422,140.19000244140625,140.75999450683594,124.66400146484375,1354000
2018-03-15,141.0399932861328,142.41000366210938,140.67999267578125,141.05999755859375,124.9297103881836,1378700
2018-03-16,141.1699981689453,142.5399932861328,140.22999572753906,140.97999572753906,124.85887145996094,2699500
2018-03-19,140.80999755859375,141.5,139.47000122070312,140.3000030517578,124.25668334960938,1414900
2018-03-20,140.85000610351562,142.02999877929688,139.6300048828125,141.32000732421875,125.15999603271484,1197200
2018-03-21,141.67999267578125,141.75,140.22000122070312,140.25999450683594,124.22118377685547,1068000
2018-03-22,139.6300048828125,140.6300048828125,137.3800048828125,137.63999938964844,121.90082550048828,1543100
2018-03-23,137.72000122070312,138.14999389648438,134.3800048828125,134.57000732421875,119.181884765625,1940000
2018-03-26,136.08999633789062,137.55999755859375,135.2100067138672,137.02000427246094,121.35169982910156,1435100
2018-03-27,137.41000366210938,138.64999389648438,136.0399932861328,136.6999969482422,121.06827545166016,1621800
2018-03-28,136.5399932861328,138.99000549316406,135.52000427246094,138.25999450683594,123.08922576904297,1599300
2018-03-29,138.52999877929688,138.75999450683594,136.74000549316406,136.77000427246094,121.7627182006836,1664600
2018-04-02,136.63999938964844,137.0,131.13999938964844,133.3000030517578,118.6734390258789,3329800
2018-04-03,133.4600067138672,135.27000427246094,133.10000610351562,135.0800018310547,120.25814056396484,1589000
2018-04-04,133.27999877929688,136.42999267578125,132.30999755859375,136.17999267578125,121.23741912841797,1565400
2018-04-05,136.61000061035156,137.14999389648438,135.41000366210938,135.77000427246094,120.87245178222656,1573300
2018-04-06,134.97999572753906,136.69000244140625,133.4199981689453,134.1300048828125,119.41236877441406,1721800
2018-04-09,134.5399932861328,136.35000610351562,133.52999877929688,134.16000366210938,119.4391098022461,1115300
2018-04-10,135.50999450683594,136.1699981689453,134.50999450683594,135.17999267578125,120.34716033935547,1566200
2018-04-11,134.13999938964844,135.0,133.5399932861328,134.05999755859375,119.35006713867188,1484700
2018-04-12,134.8000030517578,135.8000030517578,134.13999938964844,134.77999877929688,119.99105834960938,1126400
2018-04-13,135.7899932861328,135.91000366210938,133.38999938964844,134.0,119.29662322998047,1194200
2018-04-16,135.0,136.7899932861328,134.41000366210938,135.7899932861328,120.8902587890625,1272700
2018-04-17,136.49000549316406,137.67999267578125,136.0,136.35000610351562,121.38878631591797,1536800
2018-04-18,136.4499969482422,136.7899932861328,135.19000244140625,136.50999450683594,121.53124237060547,1944400
2018-04-19,136.75999450683594,137.9600067138672,136.17999267578125,137.6199951171875,122.51944732666016,1892800
2018-04-20,138.22000122070312,138.27999877929688,136.49000549316406,137.67999267578125,122.57288360595703,1957900
2018-04-23,137.99000549316406,138.3699951171875,136.82000732421875,138.2899932861328,123.11592102050781,1357800
2018-04-24,136.30999755859375,138.3000030517578,135.0,136.10000610351562,121.16621398925781,2451900
2018-04-25,137.52999877929688,139.00999450683594,136.67999267578125,137.25999450683594,122.19895935058594,2880600
2018-04-26,137.11000061035156,137.75999450683594,136.13999938964844,136.39999389648438,121.43331909179688,1809300
2018-04-27,136.27999877929688,137.66000366210938,135.5,137.30999755859375,122.24346923828125,1505000
2018-04-30,137.58999633789062,138.32000732421875,135.6699981689453,135.6699981689453,120.78341674804688,1255600
2018-05-01,135.67999267578125,136.2100067138672,134.39999389648438,135.92999267578125,121.0148696899414,1047800
2018-05-02,135.42999267578125,135.88999938964844,131.89999389648438,132.72000122070312,118.15711212158203,1977600
2018-05-03,131.8000030517578,132.2899932861328,128.82000732421875,130.19000244140625,115.90471649169922,2858000
2018-05-04,130.74000549316406,133.3800048828125,129.19000244140625,132.75,118.18379211425781,1919400
2018-05-07,132.80999755859375,133.07000732421875,131.8699951171875,132.7100067138672,118.14820098876953,1473500
2018-05-08,132.0,133.5,132.0,132.83999633789062,118.26394653320312,1555600
2018-05-09,133.3800048828125,134.86000061035156,132.85000610351562,134.69000244140625,119.91095733642578,1834500
2018-05-10,134.47000122070312,135.89999389648438,133.69000244140625,135.5399932861328,120.66769409179688,1246600
2018-05-11,135.89999389648438,136.57000732421875,135.25,136.1699981689453,121.22852325439453,1566500
2018-05-14,136.2899932861328,136.82000732421875,134.82000732421875,135.0500030517578,120.23145294189453,1295500
2018-05-15,134.55999755859375,136.1300048828125,134.0,134.47999572753906,119.7239761352539,1824600
2018-05-16,134.4499969482422,135.19000244140625,133.82000732421875,134.57000732421875,119.80413055419922,1077900
2018-05-17,134.16000366210938,135.0500030517578,133.92999267578125,134.4499969482422,119.697265625,1211800
2018-05-18,134.1999969482422,134.3000030517578,133.30999755859375,133.5399932861328,118.88710021972656,1976600
2018-05-21,134.0500030517578,134.61000061035156,133.30999755859375,133.88999938964844,119.1987075805664,1490200
2018-05-22,133.86000061035156,136.00999450683594,133.63999938964844,135.22000122070312,120.38280487060547,1509600
2018-05-23,134.72000122070312,135.3300018310547,132.89999389648438,133.80999755859375,119.12749481201172,1316200
2018-05-24,133.72999572753906,133.85000610351562,132.11000061035156,133.44000244140625,118.79811096191406,1149100
2018-05-25,132.97000122070312,134.07000732421875,132.8699951171875,133.47999572753906,118.83369445800781,1094200
2018-05-29,131.97999572753906,132.0,129.19000244140625,129.9199981689453,115.66434478759766,1844100
2018-05-30,130.57000732421875,132.77000427246094,130.4499969482422,132.30999755859375,117.79207611083984,1257000
2018-05-31,132.75999450683594,132.75999450683594,130.05999755859375,130.69000244140625,116.3498306274414,1972200
2018-06-01,131.75999450683594,132.10000610351562,130.47000122070312,130.77999877929688,116.42997741699219,1339400
2018-06-04,130.5500030517578,132.0,130.5500030517578,131.77999877929688,117.32025146484375,994400
2018-06-05,131.5399932861328,131.58999633789062,129.8000030517578,130.9499969482422,116.58132934570312,1310900
2018-06-06,131.10000610351562,131.99000549316406,129.13999938964844,131.35000610351562,116.93744659423828,1408800
2018-06-07,131.47000122070312,132.50999450683594,129.9499969482422,132.22999572753906,117.72085571289062,2225500
2018-06-08,132.67999267578125,133.74000549316406,132.27000427246094,133.52000427246094,118.86930847167969,1848200
2018-06-11,133.52000427246094,133.72999572753906,132.77000427246094,133.0,118.40638732910156,1651800
2018-06-12,133.25,134.0,131.77000427246094,132.32000732421875,117.80101013183594,1259800
2018-06-13,132.61000061035156,133.6199951171875,132.0500030517578,132.72000122070312,118.15711212158203,1803300
2018-06-14,132.75,132.75,129.6300048828125,130.10000610351562,115.82460021972656,2356500
2018-06-15,129.9600067138672,131.27000427246094,129.6300048828125,130.8800048828125,116.51899719238281,3670300
2018-06-18,129.3300018310547,129.5800018310547,127.94999694824219,129.44000244140625,115.23700714111328,1923100
2018-06-19,128.6699981689453,129.88999938964844,128.66000366210938,129.64999389648438,115.42396545410156,2130000
2018-06-20,129.99000549316406,130.0399932861328,126.58000183105469,126.70999908447266,112.80654907226562,2091200
2018-06-21,125.19000244140625,126.43000030517578,124.66999816894531,124.94000244140625,111.87531280517578,2327600
2018-06-22,125.36000061035156,126.69000244140625,125.01000213623047,125.37999725341797,112.26929473876953,2458700
2018-06-25,125.4000015258789,126.2300033569336,123.95999908447266,125.11000061035156,112.02751922607422,2345700
2018-06-26,125.23999786376953,125.58000183105469,124.16000366210938,124.56999969482422,111.54400634765625,1547700
2018-06-27,124.80999755859375,126.12999725341797,124.01000213623047,125.19999694824219,112.10813903808594,2193100
2018-06-28,124.95999908447266,127.22000122070312,124.95999908447266,126.66000366210938,113.41545104980469,2216500
2018-06-29,126.87999725341797,128.66000366210938,126.41999816894531,127.0199966430664,113.73780059814453,3039400
2018-07-02,126.62999725341797,127.38999938964844,126.30000305175781,126.80999755859375,113.54977416992188,1195100
2018-07-03,127.05999755859375,128.57000732421875,127.05999755859375,127.58000183105469,114.2392349243164,1171200
2018-07-05,128.14999389648438,128.5399932861328,127.06999969482422,128.25,114.8392105102539,1642500
2018-07-06,128.1699981689453,130.13999938964844,127.79000091552734,129.19000244140625,115.68091583251953,1393300
2018-07-09,128.75,132.13999938964844,128.75,132.08999633789062,118.27765655517578,1882400
2018-07-10,132.7899932861328,133.66000366210938,132.36000061035156,133.50999450683594,119.54914855957031,2781900
2018-07-11,133.1199951171875,133.58999633789062,131.72999572753906,131.85000610351562,118.06273651123047,2476800
2018-07-12,132.25,132.61000061035156,131.5500030517578,132.52000427246094,118.6626968383789,1707600
2018-07-13,132.17999267578125,132.5,131.50999450683594,132.13999938964844,118.32242584228516,1134200
2018-07-16,132.16000366210938,133.50999450683594,132.16000366210938,133.3699951171875,119.42379760742188,1388400
2018-07-17,133.75,133.9499969482422,132.80999755859375,133.3800048828125,119.43275451660156,1332200
2018-07-18,133.50999450683594,135.10000610351562,133.14999389648438,135.0,120.88336181640625,1439100
2018-07-19,134.0,135.0,132.8800048828125,133.11000061035156,119.19100189208984,2104100
2018-07-20,132.74000549316406,133.4199981689453,132.19000244140625,133.22999572753906,119.29840087890625,1371700
2018-07-23,133.16000366210938,133.97999572753906,132.6999969482422,133.94000244140625,119.93421936035156,1703400
2018-07-24,133.88999938964844,135.3000030517578,133.69000244140625,134.55999755859375,120.48937225341797,1506200
2018-07-25,132.0,135.75,132.0,135.6199951171875,121.43851470947266,2341200
2018-07-26,136.35000610351562,137.89999389648438,135.75999450683594,137.25999450683594,122.90705108642578,2133600
2018-07-27,137.39999389648438,138.83999633789062,137.3300018310547,137.88999938964844,123.47116088867188,1817600
2018-07-30,137.6699981689453,140.02999877929688,137.6300048828125,139.85000610351562,125.22623443603516,2249100
2018-07-31,140.0399932861328,140.24000549316406,138.6300048828125,139.72000122070312,125.10979461669922,2368700
2018-08-01,139.6699981689453,140.39999389648438,138.35000610351562,138.4499969482422,123.97260284423828,1325200
2018-08-02,137.77999877929688,138.2100067138672,136.6999969482422,137.63999938964844,123.24729919433594,1213500
2018-08-03,137.6199951171875,138.82000732421875,136.69000244140625,138.80999755859375,124.29495239257812,1115100
2018-08-06,138.8300018310547,139.1699981689453,138.24000549316406,138.6999969482422,124.1964340209961,893100
2018-08-07,138.82000732421875,139.36000061035156,137.89999389648438,138.64999389648438,124.15167236328125,1081600
2018-08-08,138.5399932861328,138.63999938964844,137.4600067138672,137.47999572753906,123.10404205322266,1052300
2018-08-09,137.4199981689453,137.74000549316406,137.02999877929688,137.0800018310547,122.74588775634766,1142600
2018-08-10,136.25,136.39999389648438,135.35000610351562,135.88999938964844,121.68031311035156,1527100
2018-08-13,135.75,135.94000244140625,134.7100067138672,134.97999572753906,120.86544036865234,1363700
2018-08-14,132.80999755859375,133.82000732421875,132.5,133.11000061035156,119.19100189208984,2080500
2018-08-15,132.6199951171875,133.3000030517578,131.80999755859375,132.67999267578125,118.80593872070312,2140800
2018-08-16,133.11000061035156,135.16000366210938,133.11000061035156,134.41000366210938,120.35502624511719,1371700
2018-08-17,134.02000427246094,134.6999969482422,133.55999755859375,134.0399932861328,120.02373504638672,1124700
2018-08-20,134.3800048828125,135.16000366210938,134.0500030517578,134.85000610351562,120.74905395507812,954200
2018-08-21,134.75,135.49000549316406,134.4499969482422,135.02999877929688,120.91023254394531,1327800
2018-08-22,134.57000732421875,135.16000366210938,132.85000610351562,133.1300048828125,119.20889282226562,1265300
2018-08-23,133.25999450683594,133.5500030517578,132.9199981689453,133.3300018310547,119.38796997070312,929300
2018-08-24,133.42999267578125,135.22999572753906,133.42999267578125,135.1199951171875,120.9908218383789,1174000
2018-08-27,135.49000549316406,136.9199981689453,135.30999755859375,136.50999450683594,122.23548889160156,973000
2018-08-28,136.5800018310547,137.25,136.22000122070312,136.36000061035156,122.10116577148438,1039200
2018-08-29,136.35000610351562,137.05999755859375,135.61000061035156,136.38999938964844,122.12798309326172,850700
2018-08-30,136.38999938964844,136.6300048828125,134.58999633789062,135.14999389648438,121.0176773071289,1007600
2018-08-31,134.6199951171875,135.39999389648438,133.97999572753906,135.24000549316406,121.0982666015625,1478500
2018-09-04,135.17999267578125,136.2100067138672,134.89999389648438,136.1999969482422,121.95789337158203,1066700
2018-09-05,136.25,137.80999755859375,135.88999938964844,137.27999877929688,122.92495727539062,1055500
2018-09-06,137.25,137.77000427246094,136.8000030517578,137.33999633789062,122.97865295410156,1140100
2018-09-07,136.8800048828125,137.66000366210938,136.17999267578125,136.61000061035156,122.32501220703125,1036100
2018-09-10,136.64999389648438,136.64999389648438,134.9199981689453,135.4600067138672,121.2952651977539,1164300
2018-09-11,134.44000244140625,136.11000061035156,134.13999938964844,135.55999755859375,121.38481140136719,1154800
2018-09-12,135.60000610351562,136.02000427246094,134.39999389648438,134.66000366210938,120.57891845703125,1270300
2018-09-13,135.66000366210938,136.5399932861328,135.22000122070312,136.27000427246094,122.02058410644531,1060800
2018-09-14,136.5,138.1999969482422,136.32000732421875,138.11000061035156,123.66815948486328,1195600
2018-09-17,138.4499969482422,138.8300018310547,137.92999267578125,138.33999633789062,123.87411499023438,1248600
2018-09-18,138.69000244140625,139.02999877929688,137.47999572753906,138.63999938964844,124.14271545410156,1072200
2018-09-19,138.99000549316406,141.22000122070312,138.99000549316406,140.1199951171875,125.46794891357422,1665000
2018-09-20,139.88999938964844,140.47000122070312,138.99000549316406,140.0,126.01705169677734,1443800
2018-09-21,140.27999877929688,140.47000122070312,139.08999633789062,139.86000061035156,125.89102172851562,2027500
2018-09-24,139.8699951171875,140.1199951171875,136.94000244140625,137.0800018310547,123.3886947631836,1391200
2018-09-25,137.08999633789062,137.44000244140625,135.1300048828125,135.4199981689453,121.89450073242188,1286700
2018-09-26,135.9199981689453,135.9600067138672,133.52000427246094,133.8000030517578,120.43629455566406,1682800
2018-09-27,133.7899932861328,134.35000610351562,133.2100067138672,133.3699951171875,120.04922485351562,1239600
2018-09-28,132.97000122070312,133.91000366210938,132.25999450683594,133.63999938964844,120.29227447509766,1193600
2018-10-01,134.22999572753906,134.49000549316406,132.80999755859375,133.1699981689453,119.86920166015625,1377000
2018-10-02,133.27999877929688,133.67999267578125,132.61000061035156,133.57000732421875,120.22926330566406,1161500
2018-10-03,134.00999450683594,134.80999755859375,133.1199951171875,133.42999267578125,120.1032485961914,848400
2018-10-04,133.38999938964844,134.58999633789062,133.07000732421875,134.47000122070312,121.03938293457031,990400
2018-10-05,134.47000122070312,135.57000732421875,134.1699981689453,134.4600067138672,121.0303726196289,796200
2018-10-08,134.33999633789062,136.94000244140625,133.8800048828125,136.16000366210938,122.5605697631836,1197100
2018-10-09,135.75,136.89999389648438,134.25999450683594,136.58999633789062,122.9476318359375,1414800
2018-10-10,134.9499969482422,136.0800018310547,132.3800048828125,132.44000244140625,119.21212768554688,2117700
2018-10-11,132.05999755859375,132.05999755859375,125.83999633789062,126.81999969482422,114.15345001220703,3161100
2018-10-12,127.04000091552734,127.87000274658203,123.2300033569336,126.25,113.64037322998047,2764800
2018-10-15,126.16999816894531,127.5199966430664,124.62000274658203,124.63999938964844,112.191162109375,1625900
2018-10-16,125.0999984741211,125.33999633789062,124.26000213623047,124.88999938964844,112.41619873046875,2430800
2018-10-17,124.83000183105469,128.0399932861328,124.61000061035156,127.12999725341797,114.43246459960938,1716000
2018-10-18,128.67999267578125,129.64999389648438,126.75,127.48999786376953,114.75653076171875,4130300
2018-10-19,126.5,129.47999572753906,126.5,128.27999877929688,115.46762084960938,2094800
2018-10-22,128.14999389648438,128.9199981689453,126.7699966430664,127.12999725341797,114.43246459960938,2138300
2018-10-23,126.11000061035156,127.86000061035156,125.2300033569336,126.75,114.09043884277344,2583000
2018-10-24,120.58000183105469,126.88999938964844,120.5,125.0,112.51519775390625,3877500
2018-10-25,125.94000244140625,126.23999786376953,122.45999908447266,123.68000030517578,111.3270492553711,3406600
2018-10-26,123.19000244140625,124.66000366210938,121.29000091552734,123.44000244140625,111.11102294921875,2558700
2018-10-29,124.3499984741211,125.51000213623047,122.08000183105469,123.0199966430664,110.73297882080078,1939800
2018-10-30,123.8499984741211,125.52999877929688,122.88999938964844,125.37000274658203,112.8482666015625,1967300
2018-10-31,125.69999694824219,126.5,124.76000213623047,124.91000366210938,112.43421936035156,2566600
2018-11-01,125.29000091552734,126.43000030517578,124.33999633789062,125.5199966430664,112.98326110839844,1745000
2018-11-02,126.62000274658203,127.08999633789062,124.75,126.2300033569336,113.62236022949219,1365800
2018-11-05,127.37999725341797,129.13999938964844,127.08999633789062,128.58999633789062,115.74664306640625,1611700
2018-11-06,128.39999389648438,130.47000122070312,127.80999755859375,130.38999938964844,117.36688232421875,1410400
2018-11-07,130.97999572753906,131.91000366210938,129.67999267578125,131.69000244140625,118.53703308105469,1406100
2018-11-08,131.4199981689453,132.38999938964844,130.91000366210938,131.75999450683594,118.60005187988281,1021200
2018-11-09,131.7899932861328,132.36000061035156,130.67999267578125,131.1699981689453,118.06896209716797,1388700
2018-11-12,130.72000122070312,130.82000732421875,127.12000274658203,127.19000244140625,114.48650360107422,2099800
2018-11-13,127.33999633789062,129.4199981689453,127.0,127.56999969482422,114.82850646972656,1275400
2018-11-14,127.91999816894531,128.74000549316406,125.79000091552734,126.72000122070312,114.06343078613281,1378600
2018-11-15,126.05999755859375,130.77999877929688,125.33999633789062,130.10000610351562,117.10586547851562,1918000
2018-11-16,129.72999572753906,132.94000244140625,128.91000366210938,132.5399932861328,119.30213928222656,2100500
2018-11-19,132.5800018310547,134.47000122070312,132.08999633789062,134.3300018310547,120.91336059570312,1924200
2018-11-20,134.24000549316406,134.6999969482422,131.97999572753906,132.9499969482422,119.67119598388672,2008300
2018-11-21,132.86000061035156,133.7899932861328,131.75999450683594,132.39999389648438,119.17613220214844,1338500
2018-11-23,131.35000610351562,132.75999450683594,130.88999938964844,131.30999755859375,118.19498443603516,507600
2018-11-26,131.99000549316406,133.9600067138672,131.99000549316406,133.42999267578125,120.1032485961914,1047100
2018-11-27,132.92999267578125,133.74000549316406,131.99000549316406,133.25999450683594,119.95022583007812,971900
2018-11-28,133.13999938964844,135.27000427246094,132.75999450683594,135.25,121.74146270751953,1470300
2018-11-29,134.52999877929688,135.24000549316406,133.63999938964844,134.2100067138672,120.80533599853516,1013900
2018-11-30,134.22999572753906,134.72000122070312,133.00999450683594,133.74000549316406,120.38229370117188,2956000
2018-12-03,134.17999267578125,135.1199951171875,132.50999450683594,133.50999450683594,120.17523956298828,1893500
2018-12-04,133.99000549316406,135.1699981689453,131.72000122070312,132.3300018310547,119.11311340332031,2730800
2018-12-06,130.91000366210938,131.66000366210938,128.22000122070312,131.47999572753906,118.34799194335938,2458100
2018-12-07,131.4199981689453,133.22999572753906,129.4499969482422,130.9600067138672,117.87995910644531,1552400
2018-12-10,130.9499969482422,131.02000427246094,127.70999908447266,130.24000549316406,117.23186492919922,1623200
2018-12-11,131.25,132.1199951171875,127.75,127.91999816894531,115.1435775756836,1982400
2018-12-12,129.6199951171875,130.14999389648438,127.69000244140625,128.64999389648438,115.80067443847656,2224400
2018-12-13,128.67999267578125,129.75999450683594,127.19000244140625,129.14999389648438,116.2507095336914,1698100
2018-12-14,128.05999755859375,128.75,127.44999694824219,128.1199951171875,115.32359313964844,1594200
2018-12-17,128.1199951171875,129.91000366210938,127.19999694824219,127.62999725341797,114.88253784179688,1847500
2018-12-18,128.27999877929688,129.02999877929688,125.25,125.80999755859375,113.24432373046875,1798600
2018-12-19,126.0,128.9499969482422,125.05000305175781,126.6500015258789,114.00041961669922,1885100
2018-12-20,125.1500015258789,126.45999908447266,123.29000091552734,124.2300033569336,112.47039794921875,2373900
2018-12-21,124.66999816894531,127.72000122070312,124.11000061035156,124.88999938964844,113.06791687011719,3973200
2018-12-24,124.08000183105469,124.26000213623047,120.12000274658203,120.19000244140625,108.81282806396484,1283600
2018-12-26,120.61000061035156,125.08000183105469,119.54000091552734,125.02999877929688,113.19467163085938,1971000
2018-12-27,123.51000213623047,128.17999267578125,123.04000091552734,128.17999267578125,116.04647827148438,1918500
2018-12-28,128.85000610351562,129.36000061035156,127.26000213623047,127.80999755859375,115.71149444580078,1312400
2018-12-31,128.0,129.50999450683594,127.68000030517578,129.17999267578125,116.95183563232422,1616000
2019-01-02,127.6500015258789,128.61000061035156,126.06999969482422,127.29000091552734,115.24073028564453,1391900
2019-01-03,126.44000244140625,127.25,124.44999694824219,124.66999816894531,112.86872100830078,1746200
2019-01-04,126.41999816894531,128.91000366210938,126.41999816894531,128.39999389648438,116.24565887451172,1977800
2019-01-07,127.8499984741211,128.77999877929688,126.79000091552734,127.36000061035156,115.30410766601562,1398900
2019-01-08,127.91000366210938,128.33999633789062,125.4800033569336,126.37999725341797,114.41688537597656,1627500
2019-01-09,127.4800033569336,128.38999938964844,126.93000030517578,127.95999908447266,115.84730529785156,2402000
2019-01-10,128.42999267578125,129.6300048828125,127.77999877929688,129.52999877929688,117.26868438720703,1307300
2019-01-11,129.0,129.94000244140625,128.24000549316406,129.52000427246094,117.25963592529297,1300400
2019-01-14,129.10000610351562,131.0,128.66000366210938,130.83999633789062,118.45467376708984,1877700
2019-01-15,131.69000244140625,133.1300048828125,130.3300018310547,132.4499969482422,119.91227722167969,2143900
2019-01-16,133.47999572753906,133.91000366210938,132.22999572753906,132.9600067138672,120.37401580810547,1803600
2019-01-17,133.02000427246094,133.6699981689453,132.1999969482422,132.86000061035156,120.28348541259766,2090800
2019-01-18,133.52999877929688,134.2100067138672,132.92999267578125,133.58999633789062,120.9443588256836,2240700
2019-01-22,133.1199951171875,133.49000549316406,130.64999389648438,131.14999389648438,118.73534393310547,2432100
2019-01-23,131.17999267578125,132.36000061035156,130.1699981689453,132.05999755859375,119.55918884277344,1212600
2019-01-24,131.67999267578125,132.72999572753906,130.86000061035156,132.41000366210938,119.8760757446289,1270100
2019-01-25,133.11000061035156,134.42999267578125,132.0,132.2899932861328,119.7674331665039,1579400
2019-01-28,131.7100067138672,132.5,130.72000122070312,131.99000549316406,119.49581909179688,1323200
2019-01-29,131.6300048828125,132.10000610351562,130.7100067138672,131.39999389648438,118.961669921875,1128000
2019-01-30,131.60000610351562,133.0399932861328,130.86000061035156,132.8000030517578,120.22916412353516,1317600
2019-01-31,132.33999633789062,133.27000427246094,131.49000549316406,133.0500030517578,120.45549011230469,2602500
2019-02-01,133.1999969482422,133.8000030517578,132.52000427246094,133.57000732421875,120.92627716064453,1331300
2019-02-04,133.1699981689453,133.94000244140625,132.52999877929688,133.92999267578125,121.25218963623047,1560500
2019-02-05,134.0,134.50999450683594,132.89999389648438,134.50999450683594,121.77729034423828,1903100
2019-02-06,131.6199951171875,132.0,129.57000732421875,129.8800048828125,117.58555603027344,3748800
2019-02-07,129.92999267578125,131.1699981689453,129.36000061035156,130.6199951171875,118.25550842285156,2226000
2019-02-08,130.1199951171875,130.4600067138672,128.5800018310547,130.35000610351562,118.0110855102539,1883200
2019-02-11,130.75,130.94000244140625,129.32000732421875,130.57000732421875,118.21025848388672,1444300
2019-02-12,131.27000427246094,132.57000732421875,130.57000732421875,132.24000549316406,119.72215270996094,1425200
2019-02-13,132.4499969482422,133.66000366210938,132.16000366210938,132.50999450683594,119.96659088134766,1490100
2019-02-14,131.69000244140625,131.69000244140625,129.88999938964844,130.72000122070312,118.34605407714844,1787000
2019-02-15,131.89999389648438,133.24000549316406,131.89999389648438,133.2100067138672,120.60037994384766,1420100
2019-02-19,132.99000549316406,134.07000732421875,132.41000366210938,133.75999450683594,121.09828186035156,1070600
2019-02-20,133.99000549316406,134.82000732421875,133.19000244140625,134.80999755859375,122.04888153076172,1166500
2019-02-21,134.8699951171875,135.7100067138672,134.22000122070312,134.7100067138672,121.95838165283203,1499800
2019-02-22,135.19000244140625,135.35000610351562,134.22000122070312,134.50999450683594,121.77729034423828,1414400
2019-02-25,135.05999755859375,135.94000244140625,134.58999633789062,135.3699951171875,122.55590057373047,1339600
2019-02-26,134.94000244140625,136.07000732421875,134.5500030517578,135.1699981689453,122.37482452392578,1290100
2019-02-27,134.30999755859375,135.02999877929688,133.02999877929688,133.02999877929688,120.43739318847656,1505200
2019-02-28,133.11000061035156,133.9199981689453,133.0,133.89999389648438,121.22502899169922,2090400
2019-03-01,134.7100067138672,135.39999389648438,134.02999877929688,134.1199951171875,121.42424011230469,1670900
2019-03-04,134.36000061035156,134.8300018310547,132.4600067138672,133.57000732421875,120.92627716064453,1301400
2019-03-05,133.75999450683594,134.07000732421875,132.77999877929688,133.5399932861328,120.89910125732422,1314600
2019-03-06,133.38999938964844,134.55999755859375,133.0,133.2899932861328,120.67279052734375,922700
2019-03-07,132.77999877929688,133.16000366210938,132.0,132.67999267578125,120.1205062866211,1245200
2019-03-08,132.00999450683594,132.85000610351562,131.6300048828125,132.36000061035156,119.83079528808594,1048000
2019-03-11,133.02999877929688,133.69000244140625,132.64999389648438,133.41000366210938,120.78140258789062,1367900
2019-03-12,133.83999633789062,134.7100067138672,133.6999969482422,134.10000610351562,121.40609741210938,1128100
2019-03-13,134.35000610351562,135.22000122070312,133.89999389648438,134.52000427246094,121.78633880615234,1501000
2019-03-14,134.94000244140625,135.9499969482422,134.38999938964844,135.39999389648438,122.58302307128906,1408000
2019-03-15,135.0399932861328,136.9199981689453,135.0399932861328,136.35000610351562,123.4431381225586,2307700
2019-03-18,136.69000244140625,137.8800048828125,136.3800048828125,137.3800048828125,124.37561798095703,1679400
2019-03-19,136.91000366210938,138.0399932861328,135.66000366210938,135.6999969482422,122.85462188720703,1679900
2019-03-20,135.97000122070312,136.58999633789062,134.69000244140625,134.72000122070312,121.9674072265625,1451000
2019-03-21,133.4499969482422,136.4199981689453,133.35000610351562,136.1699981689453,123.9518051147461,1154900
2019-03-22,135.35000610351562,138.05999755859375,135.0,136.6199951171875,124.36143493652344,1558500
2019-03-25,136.80999755859375,137.27999877929688,136.08999633789062,136.6699981689453,124.40695190429688,1159900
2019-03-26,137.17999267578125,137.75,136.69000244140625,137.3300018310547,125.00772094726562,1369900
2019-03-27,137.58999633789062,139.8300018310547,137.4600067138672,138.83999633789062,126.38220977783203,1818600
2019-03-28,138.89999389648438,139.5399932861328,137.7899932861328,139.0800018310547,126.60070037841797,1325900
2019-03-29,139.60000610351562,140.17999267578125,139.1699981689453,140.0800018310547,127.51103210449219,2007500
2019-04-01,140.61000061035156,141.58999633789062,140.33999633789062,141.4600067138672,128.7671661376953,1445700
2019-04-02,141.4600067138672,141.55999755859375,139.72000122070312,139.91000366210938,127.3562240600586,1372100
2019-04-03,139.7899932861328,139.99000549316406,137.17999267578125,137.83999633789062,125.47193908691406,1937000
2019-04-04,137.60000610351562,137.6199951171875,136.17999267578125,136.77000427246094,124.49799346923828,2271700
2019-04-05,137.0,137.8000030517578,136.63999938964844,137.58999633789062,125.244384765625,1391200
2019-04-08,137.32000732421875,137.5,136.47000122070312,137.16000366210938,124.85298156738281,1065900
2019-04-09,136.5,136.57000732421875,135.72000122070312,136.57000732421875,124.31591796875,1099200
2019-04-10,136.60000610351562,137.55999755859375,136.44000244140625,137.41000366210938,125.08052062988281,1003400
2019-04-11,137.7100067138672,138.3800048828125,137.39999389648438,137.99000549316406,125.6085205078125,1111000
2019-04-12,138.47999572753906,139.41000366210938,137.8800048828125,139.1699981689453,126.6826171875,1544000
2019-04-15,139.0800018310547,139.42999267578125,138.64999389648438,138.9600067138672,126.491455078125,1155800
2019-04-16,139.41000366210938,140.27999877929688,139.3699951171875,140.2100067138672,127.62933349609375,1172400
2019-04-17,138.64999389648438,139.60000610351562,137.35000610351562,137.7899932861328,125.42646026611328,1417100
2019-04-18,137.8000030517578,140.4600067138672,137.8000030517578,138.66000366210938,126.21842956542969,1302200
2019-04-22,138.02000427246094,138.13999938964844,137.16000366210938,138.0399932861328,125.65397644042969,855000
2019-04-23,138.25999450683594,139.02000427246094,137.8699951171875,138.60000610351562,126.16377258300781,993200
2019-04-24,139.0,141.41000366210938,138.4499969482422,140.5500030517578,127.93882751464844,1882700
2019-04-25,139.99000549316406,142.00999450683594,139.27999877929688,141.7100067138672,128.9947052001953,1314900
2019-04-26,141.8800048828125,143.05999755859375,141.7100067138672,142.97999572753906,130.15074157714844,1207800
2019-04-29,142.97000122070312,144.39999389648438,142.63999938964844,143.6300048828125,130.74241638183594,1162800
2019-04-30,144.05999755859375,145.24000549316406,143.1999969482422,145.1999969482422,132.17156982421875,2025900
2019-05-01,142.3699951171875,145.60000610351562,142.0,144.22999572753906,131.2886199951172,1930800
2019-05-02,144.49000549316406,145.33999633789062,143.30999755859375,144.3300018310547,131.37966918945312,1327700
2019-05-03,144.77000427246094,145.75999450683594,143.97000122070312,145.0500030517578,132.0350341796875,1196900
2019-05-06,143.75999450683594,145.33999633789062,143.50999450683594,144.8300018310547,131.8347625732422,936500
2019-05-07,145.75999450683594,145.75999450683594,142.1999969482422,142.7899932861328,129.97781372070312,1524600
2019-05-08,142.85000610351562,143.89999389648438,142.1699981689453,142.77999877929688,129.9687042236328,1041200
2019-05-09,141.75,143.27999877929688,141.41000366210938,142.64999389648438,129.85037231445312,1112500
2019-05-10,142.08999633789062,144.9600067138672,141.8000030517578,144.72999572753906,131.74368286132812,1162000
2019-05-13,143.0399932861328,144.36000061035156,142.38999938964844,143.35000610351562,130.487548828125,1314700
2019-05-14,143.1199951171875,145.39999389648438,143.1199951171875,143.8800048828125,130.97003173828125,1213100
2019-05-15,142.8300018310547,144.72000122070312,142.8300018310547,143.6699981689453,130.77883911132812,967900
2019-05-16,143.94000244140625,146.0500030517578,143.30999755859375,145.6199951171875,132.5538787841797,957400
2019-05-17,144.5,146.19000244140625,144.4199981689453,144.99000549316406,131.98043823242188,1440700
2019-05-20,144.99000549316406,146.30999755859375,144.50999450683594,145.75,132.67218017578125,1306400
2019-05-21,145.8699951171875,146.64999389648438,145.77000427246094,146.2100067138672,133.09097290039062,1249000
2019-05-22,146.2100067138672,148.38999938964844,145.75,148.02000427246094,134.73849487304688,1155600
2019-05-23,147.0399932861328,147.38999938964844,145.8000030517578,147.07000732421875,133.873779296875,1305700
2019-05-24,147.47000122070312,148.3800048828125,146.8300018310547,148.1699981689453,134.87506103515625,939500
2019-05-28,148.13999938964844,148.6999969482422,146.4199981689453,146.4600067138672,133.3185272216797,1106100
2019-05-29,145.63999938964844,146.05999755859375,144.4600067138672,145.9600067138672,132.86337280273438,1414400
2019-05-30,146.5,146.9499969482422,144.7899932861328,145.77999877929688,132.6995086669922,1187100
2019-05-31,145.11000061035156,146.25999450683594,144.75999450683594,146.07000732421875,132.96351623535156,1265700
2019-06-03,144.97000122070312,147.94000244140625,144.97000122070312,147.80999755859375,134.54737854003906,1393100
2019-06-04,148.57000732421875,148.88999938964844,147.1699981689453,147.35000610351562,134.128662109375,2151000
2019-06-05,147.39999389648438,149.63999938964844,147.13999938964844,149.4199981689453,136.01292419433594,1459200
2019-06-06,149.8800048828125,149.9499969482422,148.42999267578125,148.66000366210938,135.32110595703125,1459400
2019-06-07,148.72999572753906,150.32000732421875,148.4499969482422,149.44000244140625,136.03114318847656,1795900
2019-06-10,150.0,150.08999633789062,148.55999755859375,148.99000549316406,135.62149047851562,1397200
2019-06-11,149.42999267578125,149.63999938964844,148.33999633789062,148.61000061035156,135.27560424804688,1028700
2019-06-12,148.94000244140625,149.77999877929688,148.52000427246094,148.77000427246094,135.42123413085938,1158000
2019-06-13,148.9499969482422,148.99000549316406,147.9199981689453,148.83999633789062,135.4849853515625,1190700
2019-06-14,149.1699981689453,150.52999877929688,148.5500030517578,150.25999450683594,136.77755737304688,1161300
2019-06-17,150.75999450683594,152.0,148.14999389648438,148.38999938964844,135.0753173828125,1198100
2019-06-18,148.6199951171875,149.52000427246094,147.89999389648438,148.1199951171875,134.8295440673828,1608300
2019-06-19,148.50999450683594,149.67999267578125,148.3000030517578,149.4499969482422,136.04019165039062,1768500
2019-06-20,147.5500030517578,149.5800018310547,147.5500030517578,149.36000061035156,136.64404296875,1836000
2019-06-21,148.0,150.4600067138672,148.0,149.63999938964844,136.9001922607422,2185400
2019-06-24,148.52000427246094,151.13999938964844,148.52000427246094,150.0800018310547,137.30276489257812,1371600
2019-06-25,150.5,151.33999633789062,149.9499969482422,150.94000244140625,138.08953857421875,1637300
2019-06-26,150.88999938964844,150.88999938964844,146.94000244140625,147.0,134.4849395751953,1453700
2019-06-27,146.97999572753906,147.60000610351562,146.47000122070312,147.16000366210938,134.63134765625,1521100
2019-06-28,147.86000061035156,147.92999267578125,146.83999633789062,147.2899932861328,134.75022888183594,2769700
2019-07-01,148.41000366210938,148.47999572753906,147.0800018310547,147.83999633789062,135.25343322753906,2115900
2019-07-02,147.5,148.74000549316406,147.11000061035156,148.4199981689453,135.78407287597656,2103700
2019-07-03,149.0,150.63999938964844,148.8800048828125,150.25,137.458251953125,1287100
2019-07-05,150.1999969482422,150.3000030517578,148.89999389648438,149.6199951171875,136.88186645507812,1051000
2019-07-08,149.5,149.92999267578125,149.02000427246094,149.42999267578125,136.70806884765625,1173200
2019-07-09,148.25999450683594,149.8800048828125,147.97999572753906,149.25,136.5434112548828,1117800
2019-07-10,149.38999938964844,149.9600067138672,148.8300018310547,149.14999389648438,136.45188903808594,1161400
2019-07-11,149.22999572753906,149.39999389648438,148.1999969482422,148.8000030517578,136.13174438476562,1039500
2019-07-12,149.10000610351562,149.42999267578125,148.13999938964844,149.3699951171875,136.65316772460938,979900
2019-07-15,149.60000610351562,151.3699951171875,149.00999450683594,151.36000061035156,138.47373962402344,1240900
2019-07-16,151.61000061035156,152.2899932861328,150.64999389648438,151.44000244140625,138.5469512939453,1484200
2019-07-17,151.3000030517578,151.6999969482422,150.35000610351562,150.4499969482422,137.64125061035156,1271800
2019-07-18,150.5399932861328,150.8000030517578,149.39999389648438,150.6300048828125,137.80589294433594,820100
2019-07-19,150.8300018310547,150.8300018310547,148.22999572753906,148.27999877929688,135.65597534179688,1235800
2019-07-22,148.19000244140625,148.72999572753906,147.1199951171875,147.7899932861328,135.20765686035156,1096400
2019-07-23,147.64999389648438,147.97000122070312,145.3699951171875,146.74000549316406,134.24708557128906,2007300
2019-07-24,146.50999450683594,151.6300048828125,146.19000244140625,151.5800018310547,138.6749725341797,2302900
2019-07-25,152.16000366210938,152.25999450683594,150.60000610351562,151.00999450683594,138.15359497070312,1521500
2019-07-26,150.77999877929688,153.05999755859375,149.97000122070312,152.97000122070312,139.94671630859375,1639600
2019-07-29,152.9499969482422,154.0500030517578,152.55999755859375,153.27999877929688,140.23033142089844,1987100
2019-07-30,152.82000732421875,153.6999969482422,152.52000427246094,153.30999755859375,140.25775146484375,1522200
2019-07-31,153.75,154.25999450683594,152.0500030517578,152.83999633789062,139.8277587890625,2501800
2019-08-01,152.38999938964844,152.92999267578125,150.6300048828125,151.16000366210938,138.29080200195312,1814000
2019-08-02,151.7899932861328,153.0399932861328,150.27000427246094,152.27000427246094,139.30628967285156,1815200
2019-08-05,151.19000244140625,151.9199981689453,147.88999938964844,148.49000549316406,135.84812927246094,2077100
2019-08-06,148.05999755859375,152.42999267578125,147.47999572753906,152.08999633789062,139.14161682128906,2039400
2019-08-07,150.77000427246094,155.2100067138672,149.07000732421875,154.14999389648438,141.02622985839844,2415100
2019-08-08,154.5500030517578,157.97000122070312,154.5399932861328,157.77999877929688,144.34718322753906,2250100
2019-08-09,157.5500030517578,160.22999572753906,157.0,159.6199951171875,146.03054809570312,2115500
2019-08-12,157.49000549316406,159.8800048828125,155.80999755859375,157.0399932861328,143.670166015625,1600900
2019-08-13,156.86000061035156,159.7100067138672,156.17999267578125,158.8300018310547,145.30780029296875,1777000
2019-08-14,157.02000427246094,158.3300018310547,152.3800048828125,152.69000244140625,139.6905517578125,2624700
2019-08-15,152.75,154.47999572753906,152.17999267578125,153.92999267578125,140.82496643066406,1325400
2019-08-16,154.2100067138672,155.9499969482422,152.17999267578125,155.39999389648438,142.16981506347656,1268200
2019-08-19,156.64999389648438,156.67999267578125,155.50999450683594,155.74000549316406,142.48089599609375,1413800
2019-08-20,155.8800048828125,156.50999450683594,154.5,154.67999267578125,141.51113891601562,983700
2019-08-21,154.8000030517578,155.4199981689453,154.17999267578125,154.9499969482422,141.7581024169922,1033300
2019-08-22,155.4499969482422,156.0,154.17999267578125,155.22000122070312,142.00515747070312,1367700
2019-08-23,155.0,156.47999572753906,152.52000427246094,153.22000122070312,140.17543029785156,1334300
2019-08-26,154.0,155.2899932861328,153.27000427246094,155.2100067138672,141.99600219726562,890000
2019-08-27,155.88999938964844,156.47000122070312,154.75,155.52999877929688,142.28875732421875,1721900
2019-08-28,155.14999389648438,157.39999389648438,154.82000732421875,157.0,143.63357543945312,1605200
2019-08-29,157.9600067138672,158.22999572753906,156.02999877929688,157.3699951171875,143.97210693359375,1413800
2019-08-30,158.0,158.0,155.25999450683594,156.27999877929688,142.9748992919922,1931600
2019-09-03,155.52999877929688,158.74000549316406,155.52999877929688,158.55999755859375,145.06077575683594,1472600
2019-09-04,159.16000366210938,160.67999267578125,158.6300048828125,159.85000610351562,146.240966796875,1399100
2019-09-05,161.33999633789062,162.19000244140625,159.83999633789062,160.6300048828125,146.95455932617188,1016300
2019-09-06,160.5500030517578,161.9199981689453,160.30999755859375,161.02999877929688,147.32049560546875,856900
2019-09-09,162.1199951171875,162.1199951171875,159.49000549316406,160.25999450683594,146.61605834960938,1025300
2019-09-10,160.42999267578125,160.42999267578125,157.8800048828125,159.32000732421875,145.756103515625,1286100
2019-09-11,159.07000732421875,160.0800018310547,158.1999969482422,159.74000549316406,146.14036560058594,1455200
2019-09-12,160.74000549316406,161.1300048828125,158.1699981689453,160.10000610351562,146.46966552734375,2226000
2019-09-13,160.3300018310547,160.5,158.4600067138672,158.97000122070312,145.4358673095703,1864200
2019-09-16,158.67999267578125,159.0,157.67999267578125,158.5500030517578,145.05162048339844,1281800
2019-09-17,158.7100067138672,159.75999450683594,157.8699951171875,159.72000122070312,146.12203979492188,1587100
2019-09-18,159.6999969482422,160.72000122070312,158.4600067138672,159.49000549316406,145.91160583496094,1343100
2019-09-19,159.00999450683594,159.9499969482422,158.25,158.5,145.69097900390625,1426300
2019-09-20,157.92999267578125,158.75,156.94000244140625,157.67999267578125,144.937255859375,2138600
2019-09-23,157.25,158.88999938964844,157.05999755859375,157.7100067138672,144.96482849121094,1329500
2019-09-24,158.16000366210938,160.3000030517578,157.9499969482422,158.83999633789062,146.00352478027344,1678600
2019-09-25,158.97999572753906,159.24000549316406,157.94000244140625,158.7899932861328,145.95753479003906,1071700
2019-09-26,158.3300018310547,161.13999938964844,158.3300018310547,160.4600067138672,147.4925994873047,1074300
2019-09-27,160.88999938964844,161.0,159.52000427246094,160.50999450683594,147.53854370117188,842900
2019-09-30,160.8800048828125,162.0800018310547,160.32000732421875,161.44000244140625,148.3933868408203,1221200
2019-10-01,161.8300018310547,161.99000549316406,158.55999755859375,158.6300048828125,145.81048583984375,1029000
2019-10-02,157.85000610351562,158.4600067138672,155.97999572753906,156.80999755859375,144.13755798339844,1390800
2019-10-03,156.74000549316406,157.3000030517578,155.4199981689453,156.4499969482422,143.80667114257812,1132700
2019-10-04,156.63999938964844,162.44000244140625,156.58999633789062,162.05999755859375,148.9633026123047,2491200
2019-10-07,161.58999633789062,161.99000549316406,159.49000549316406,159.66000366210938,146.7572784423828,1592700
2019-10-08,158.6699981689453,159.0399932861328,155.47000122070312,155.47999572753906,142.91505432128906,1768600
2019-10-09,156.3699951171875,157.52999877929688,155.8300018310547,156.8000030517578,144.12838745117188,1080900
2019-10-10,156.66000366210938,157.4600067138672,155.02000427246094,155.38999938964844,142.83233642578125,2208400
2019-10-11,156.99000549316406,156.99000549316406,155.02999877929688,155.10000610351562,142.56576538085938,2543700
2019-10-14,155.0500030517578,156.05999755859375,154.3699951171875,155.44000244140625,142.8782958984375,1050200
2019-10-15,155.91000366210938,156.64999389648438,155.1199951171875,155.2100067138672,142.6668701171875,1138900
2019-10-16,155.17999267578125,155.6199951171875,153.6300048828125,154.64999389648438,142.15213012695312,1474800
2019-10-17,154.77999877929688,155.0,152.9600067138672,153.02000427246094,140.65386962890625,1252500
2019-10-18,153.41000366210938,153.66000366210938,152.58999633789062,152.69000244140625,140.35055541992188,1607700
2019-10-21,153.41000366210938,153.69000244140625,152.66000366210938,153.3000030517578,140.91127014160156,1265400
2019-10-22,152.11000061035156,152.11000061035156,148.0500030517578,148.5,136.4991455078125,2646900
2019-10-23,148.52000427246094,150.36000061035156,148.52000427246094,150.16000366210938,138.0249786376953,1445000
2019-10-24,150.1999969482422,151.39999389648438,149.52999877929688,151.1199951171875,138.90740966796875,1404900
2019-10-25,150.8000030517578,150.8000030517578,147.5399932861328,149.13999938964844,137.08743286132812,2201800
2019-10-28,149.42999267578125,149.9499969482422,148.2100067138672,148.24000549316406,136.26014709472656,2020900
2019-10-29,147.74000549316406,149.25,147.3800048828125,148.6300048828125,136.61862182617188,2590300
2019-10-30,149.3699951171875,154.0800018310547,148.85000610351562,153.3699951171875,140.9755859375,2710800
2019-10-31,152.77999877929688,153.3699951171875,150.72000122070312,152.4199981689453,140.10232543945312,1638000
2019-11-01,152.9600067138672,153.19000244140625,150.07000732421875,150.44000244140625,138.28233337402344,1634100
2019-11-04,151.52000427246094,151.52000427246094,147.33999633789062,147.72000122070312,135.78216552734375,1946100
2019-11-05,148.0800018310547,149.74000549316406,147.47999572753906,148.8300018310547,136.80252075195312,3638200
2019-11-06,149.0399932861328,152.22999572753906,148.75,152.17999267578125,139.8817138671875,2324200
2019-11-07,152.5399932861328,154.13999938964844,152.27999877929688,152.9199981689453,140.56195068359375,2360200
2019-11-08,152.63999938964844,153.16000366210938,151.2100067138672,151.50999450683594,139.265869140625,1161800
2019-11-11,150.63999938964844,151.72999572753906,150.3300018310547,151.32000732421875,139.0912322998047,940700
2019-11-12,151.05999755859375,152.33999633789062,150.66000366210938,151.39999389648438,139.16477966308594,1117400
2019-11-13,150.88999938964844,152.75,150.80999755859375,152.30999755859375,140.00125122070312,975200
2019-11-14,152.02000427246094,152.6199951171875,151.0800018310547,151.35000610351562,139.11883544921875,1469000
2019-11-15,151.74000549316406,151.88999938964844,150.4499969482422,151.2899932861328,139.0636444091797,1710700
2019-11-18,151.4199981689453,153.14999389648438,151.0500030517578,152.82000732421875,140.47003173828125,1243900
2019-11-19,152.44000244140625,153.63999938964844,151.8300018310547,152.8300018310547,140.47923278808594,1142100
2019-11-20,152.44000244140625,153.1300048828125,151.1300048828125,152.50999450683594,140.18505859375,1206600
2019-11-21,153.13999938964844,153.14999389648438,149.6300048828125,149.97000122070312,137.85037231445312,1631300
2019-11-22,150.0500030517578,151.75,150.0500030517578,151.1300048828125,138.91659545898438,1183900
2019-11-25,151.3300018310547,152.32000732421875,149.47000122070312,149.97000122070312,137.85037231445312,1437600
2019-11-26,150.3800048828125,151.9499969482422,149.9199981689453,151.77000427246094,139.50489807128906,1426300
2019-11-27,151.80999755859375,152.52999877929688,151.41000366210938,152.0800018310547,139.7898406982422,845700
2019-11-29,152.2899932861328,152.6699981689453,151.07000732421875,151.47999572753906,139.23828125,678400
2019-12-02,151.85000610351562,152.25,149.69000244140625,149.77999877929688,137.6757049560547,1091200
2019-12-03,148.8800048828125,150.74000549316406,147.9199981689453,149.3800048828125,137.30804443359375,1425600
2019-12-04,149.4199981689453,151.52000427246094,149.00999450683594,151.05999755859375,138.8522491455078,1438700
2019-12-05,150.92999267578125,151.16000366210938,149.4199981689453,150.2899932861328,138.14447021484375,1266800
2019-12-06,151.4499969482422,152.5,150.2899932861328,152.1999969482422,139.90011596679688,1200800
2019-12-09,152.25999450683594,153.52999877929688,151.66000366210938,153.0,140.63546752929688,1786100
2019-12-10,152.97999572753906,153.27999877929688,152.39999389648438,152.9600067138672,140.59869384765625,1270300
2019-12-11,152.30999755859375,153.08999633789062,151.6699981689453,151.97000122070312,139.68870544433594,1200500
2019-12-12,151.8300018310547,153.97000122070312,151.22999572753906,153.67999267578125,141.26051330566406,1131500
2019-12-13,153.22999572753906,154.9199981689453,153.07000732421875,154.63999938964844,142.1429443359375,1107900
2019-12-16,155.24000549316406,155.83999633789062,154.97999572753906,155.52999877929688,142.96104431152344,1531000
2019-12-17,155.38999938964844,156.47999572753906,155.3000030517578,156.1999969482422,143.57687377929688,1703800
2019-12-18,156.0,156.3699951171875,153.67999267578125,154.61000061035156,142.11534118652344,1922700
2019-12-19,153.69000244140625,154.5500030517578,153.0800018310547,154.5,142.7064971923828,2717400
2019-12-20,155.67999267578125,156.97999572753906,154.80999755859375,155.5399932861328,143.6671142578125,2553600
2019-12-23,155.55999755859375,155.77000427246094,153.3699951171875,154.1999969482422,142.42942810058594,1367400
2019-12-24,154.17999267578125,154.47999572753906,153.77000427246094,153.94000244140625,142.1892852783203,567700
2019-12-26,154.27999877929688,155.07000732421875,154.1300048828125,154.75,142.9374542236328,1044800
2019-12-27,154.97000122070312,155.92999267578125,154.8300018310547,155.82000732421875,143.92575073242188,903400
2019-12-30,156.0,156.0,154.83999633789062,155.30999755859375,143.45468139648438,677300
2019-12-31,155.1300048828125,155.8699951171875,154.89999389648438,155.66000366210938,143.77798461914062,1115900
2020-01-02,155.85000610351562,156.02000427246094,154.36000061035156,156.02000427246094,144.11048889160156,2037800
2020-01-03,154.75999450683594,156.0,154.1300048828125,155.77999877929688,143.88880920410156,1176000
2020-01-06,155.3300018310547,157.08999633789062,155.00999450683594,157.05999755859375,145.07110595703125,1281800
2020-01-07,154.1199951171875,155.36000061035156,153.63999938964844,153.9199981689453,142.17076110839844,1505900
2020-01-08,153.6999969482422,154.8000030517578,152.6699981689453,152.8699951171875,141.200927734375,2106300
2020-01-09,153.50999450683594,154.0500030517578,152.5,153.9499969482422,142.19847106933594,1796900
2020-01-10,153.55999755859375,154.4499969482422,150.11000061035156,150.99000549316406,139.46444702148438,2363000
2020-01-13,150.77999877929688,151.22000122070312,149.52999877929688,150.89999389648438,139.38128662109375,1672300
2020-01-14,150.3800048828125,151.80999755859375,150.27999877929688,150.75999450683594,139.25196838378906,1410600
2020-01-15,150.24000549316406,151.47000122070312,149.4499969482422,151.2899932861328,139.74151611328125,1367900
2020-01-16,151.6199951171875,153.1199951171875,151.3699951171875,152.66000366210938,141.0069580078125,1101800
2020-01-17,152.64999389648438,154.13999938964844,152.60000610351562,153.69000244140625,141.95835876464844,2009300
2020-01-21,153.0,153.6300048828125,152.0800018310547,152.74000549316406,141.08087158203125,1427000
2020-01-22,153.0500030517578,153.89999389648438,152.7100067138672,153.8300018310547,142.087646484375,1098000
2020-01-23,152.2100067138672,152.94000244140625,149.08999633789062,152.08999633789062,140.48045349121094,2514000
2020-01-24,151.94000244140625,153.13999938964844,151.60000610351562,152.00999450683594,140.40658569335938,1476400
2020-01-27,150.99000549316406,151.8800048828125,150.3800048828125,150.3800048828125,138.90101623535156,1163100
2020-01-28,150.8699951171875,152.4600067138672,150.75,150.9600067138672,139.4367218017578,1716500
2020-01-29,151.55999755859375,152.25999450683594,150.7899932861328,150.88999938964844,139.37210083007812,1266200
2020-01-30,150.11000061035156,154.27000427246094,150.05999755859375,154.13999938964844,142.37400817871094,1267100
2020-01-31,153.58999633789062,154.50999450683594,151.25,151.99000549316406,140.3881072998047,2336300
2020-02-03,152.55999755859375,154.85000610351562,152.2899932861328,153.22999572753906,141.53343200683594,1831900
2020-02-04,154.61000061035156,155.72000122070312,154.14999389648438,154.3000030517578,142.5218048095703,1880600
2020-02-05,160.27999877929688,165.39999389648438,157.35000610351562,165.3300018310547,152.70985412597656,3119400
2020-02-06,166.0,167.74000549316406,162.7899932861328,163.22000122070312,150.76092529296875,3035600
2020-02-07,162.61000061035156,164.52999877929688,162.24000549316406,162.72999572753906,150.3082733154297,1908200
2020-02-10,162.75999450683594,163.36000061035156,162.0,163.35000610351562,150.88095092773438,1511000
2020-02-11,163.19000244140625,164.36000061035156,162.32000732421875,164.13999938964844,151.6106719970703,1718600
2020-02-12,164.77000427246094,165.77000427246094,163.72000122070312,163.88999938964844,151.3797607421875,1174600
2020-02-13,163.74000549316406,165.22999572753906,163.24000549316406,164.8300018310547,152.24798583984375,1612700
2020-02-14,164.66000366210938,165.24000549316406,163.0500030517578,164.55999755859375,151.9985809326172,1246300
2020-02-18,164.4199981689453,164.75999450683594,163.0800018310547,163.5,151.01953125,1366100
2020-02-19,163.94000244140625,164.38999938964844,162.5800018310547,164.2100067138672,151.67532348632812,1451100
2020-02-20,163.74000549316406,164.0,162.67999267578125,163.14999389648438,150.6962432861328,2265600
2020-02-21,162.64999389648438,164.0500030517578,162.64999389648438,163.75,151.25039672851562,1267700
2020-02-24,160.86000061035156,162.66000366210938,159.72999572753906,160.49000549316406,148.2392578125,1919200
2020-02-25,160.25999450683594,160.72999572753906,156.5500030517578,157.2100067138672,145.20962524414062,2502200
2020-02-26,158.22999572753906,160.13999938964844,156.8800048828125,158.02999877929688,145.96705627441406,2354700
2020-02-27,156.24000549316406,158.08999633789062,150.0500030517578,150.11000061035156,138.65159606933594,3118900
2020-02-28,146.97999572753906,147.8000030517578,142.24000549316406,145.02999877929688,133.95938110351562,3792900
2020-03-02,145.1300048828125,152.13999938964844,145.00999450683594,151.80999755859375,140.2218475341797,3069400
2020-03-03,152.1199951171875,153.55999755859375,145.24000549316406,146.17999267578125,135.02159118652344,2838300
2020-03-04,147.89999389648438,152.27000427246094,146.63999938964844,151.94000244140625,140.3419647216797,2147900
2020-03-05,148.17999267578125,148.17999267578125,143.1300048828125,144.88999938964844,133.830078125,2569500
2020-03-06,139.8699951171875,145.4499969482422,139.25999450683594,144.82000732421875,133.76541137695312,3488900
2020-03-09,135.64999389648438,142.0,131.9600067138672,134.97000122070312,124.66731262207031,3246600
2020-03-10,139.07000732421875,139.32000732421875,133.8800048828125,139.10000610351562,128.48204040527344,2602200
2020-03-11,135.0500030517578,136.64999389648438,129.6699981689453,131.2899932861328,121.26819610595703,2664200
2020-03-12,124.0,126.52999877929688,116.55000305175781,116.73999786376953,107.828857421875,3339900
2020-03-13,122.70999908447266,123.41999816894531,113.05000305175781,121.86000061035156,112.55802154541016,5280200
2020-03-16,107.75,114.27999877929688,100.69000244140625,101.41999816894531,93.67829132080078,4112700
2020-03-17,103.62999725341797,110.33999633789062,97.77999877929688,110.08000183105469,101.67723846435547,4513400
2020-03-18,102.98999786376953,108.30999755859375,87.3499984741211,99.80999755859375,92.19116973876953,4346700
2020-03-19,97.45999908447266,100.88999938964844,93.83999633789062,98.52999877929688,91.69793701171875,3600900
2020-03-20,99.0,103.9800033569336,93.0999984741211,101.55999755859375,94.517822265625,4849700
2020-03-23,97.30999755859375,101.55000305175781,92.04000091552734,94.19999694824219,87.66817474365234,3960800
2020-03-24,98.7699966430664,102.93000030517578,96.37000274658203,102.55999755859375,95.44847869873047,3525000
2020-03-25,101.69000244140625,108.3499984741211,97.02999877929688,101.80000305175781,94.74118041992188,4168100
2020-03-26,102.81999969482422,110.3499984741211,100.5,109.22000122070312,101.64669036865234,4073900
2020-03-27,104.80999755859375,113.4800033569336,104.08000183105469,108.41000366210938,100.89285278320312,3714800
2020-03-30,108.63999938964844,114.70999908447266,105.62999725341797,114.04000091552734,106.13247680664062,2792700
2020-03-31,112.62000274658203,113.97000122070312,110.36000061035156,111.69000244140625,103.94542694091797,3075500
2020-04-01,105.94999694824219,107.98999786376953,102.61000061035156,104.16999816894531,96.94685363769531,2313200
2020-04-02,103.68000030517578,108.37999725341797,103.41999816894531,105.93000030517578,98.58482360839844,2256600
2020-04-03,104.77999877929688,106.63999938964844,101.31999969482422,102.81999969482422,95.69046020507812,1868100
2020-04-06,107.30000305175781,111.44999694824219,106.93000030517578,110.76000213623047,103.07990264892578,3005300
2020-04-07,117.3499984741211,119.0,111.77999877929688,112.02999877929688,104.2618408203125,2396100
2020-04-08,112.66999816894531,115.55000305175781,111.08000183105469,114.61000061035156,106.6629638671875,2374500
2020-04-09,116.72000122070312,123.38999938964844,116.11000061035156,122.2699966430664,113.79180145263672,2719200
2020-04-13,121.23999786376953,122.95999908447266,118.55999755859375,119.61000061035156,111.31624603271484,3400100
2020-04-14,122.06999969482422,124.80999755859375,120.26000213623047,122.5,114.005859375,2229600
2020-04-15,120.0,120.3499984741211,116.2699966430664,116.5,108.4218978881836,2919400
2020-04-16,116.19000244140625,117.5,111.05999755859375,111.94999694824219,104.18737030029297,2634300
2020-04-17,115.5,120.0,114.05000305175781,118.79000091552734,110.5531005859375,3542400
2020-04-20,116.94000244140625,117.11000061035156,113.4000015258789,114.63999938964844,106.69087219238281,3123800
2020-04-21,110.0999984741211,114.43000030517578,109.37000274658203,112.38999938964844,104.59688568115234,3098700
2020-04-22,114.31999969482422,114.44999694824219,106.12999725341797,106.22000122070312,98.85472106933594,4865000
2020-04-23,107.33000183105469,108.33999633789062,104.05000305175781,104.08000183105469,96.86308288574219,3403400
2020-04-24,104.83000183105469,105.22000122070312,102.11000061035156,104.0199966430664,96.8072509765625,3894800
2020-04-27,100.80000305175781,106.83999633789062,100.75,106.52999877929688,99.14320373535156,5051700
2020-04-28,108.26000213623047,111.62000274658203,107.70999908447266,110.41000366210938,102.75418090820312,3089100
2020-04-29,112.23999786376953,113.41999816894531,110.12000274658203,112.06999969482422,104.29906463623047,2560200
2020-04-30,110.41000366210938,111.4800033569336,107.88999938964844,108.01000213623047,100.52059173583984,3038100
2020-05-01,105.56999969482422,106.04000091552734,100.97000122070312,101.58999633789062,94.5457534790039,2420000
2020-05-04,100.80000305175781,101.0199966430664,98.5999984741211,99.33999633789062,92.4517593383789,3442700
2020-05-05,100.4000015258789,102.30000305175781,100.0999984741211,100.16000366210938,93.21491241455078,2762300
2020-05-06,100.83000183105469,101.0,95.05000305175781,95.25,88.64537811279297,3164800
2020-05-07,96.0,99.5,96.0,98.98999786376953,92.12602996826172,4543800
2020-05-08,100.80000305175781,102.23999786376953,99.37999725341797,101.94999694824219,94.88079071044922,4828000
2020-05-11,101.11000061035156,102.44999694824219,99.88999938964844,101.83000183105469,94.76911163330078,3910600
2020-05-12,102.13999938964844,103.0999984741211,101.51000213623047,101.58999633789062,94.5457534790039,3612700
2020-05-13,100.55999755859375,100.7699966430664,97.83000183105469,98.51000213623047,91.67931365966797,3258400
2020-05-14,96.91000366210938,99.41999816894531,93.0999984741211,98.8499984741211,91.99574279785156,3760100
2020-05-15,97.62000274658203,99.88999938964844,96.69999694824219,99.48999786376953,92.59136962890625,5508000
2020-05-18,103.91000366210938,106.3499984741211,103.30000305175781,105.33999633789062,98.03572845458984,3187900
2020-05-19,104.58000183105469,105.30000305175781,102.01000213623047,102.02999877929688,94.95523834228516,2626800
2020-05-20,103.27999877929688,106.37000274658203,102.97000122070312,104.61000061035156,97.35633850097656,2527800
2020-05-21,104.37999725341797,113.4800033569336,103.86000061035156,113.08000183105469,105.23902893066406,5550400
2020-05-22,113.12000274658203,117.37000274658203,112.19999694824219,117.0,108.88722229003906,4796200
2020-05-26,121.16000366210938,122.68000030517578,118.12000274658203,118.31999969482422,110.11569213867188,4080000
2020-05-27,122.41999816894531,123.58999633789062,119.83999633789062,122.97000122070312,114.44326782226562,3809300
2020-05-28,124.87000274658203,124.87000274658203,122.0999984741211,123.70999908447266,115.13195037841797,3012800
2020-05-29,122.72000122070312,124.04000091552734,121.05999755859375,121.94000244140625,113.48467254638672,2488400
2020-06-01,121.12000274658203,121.12000274658203,118.55000305175781,119.55999755859375,111.26971435546875,2395500
2020-06-02,117.8499984741211,123.18000030517578,117.16999816894531,121.69999694824219,113.26131439208984,4051800
2020-06-03,125.0,127.63999938964844,123.76000213623047,126.44999694824219,117.68195343017578,4247900
2020-06-04,125.8499984741211,134.7100067138672,125.01000213623047,134.52999877929688,125.20170593261719,4305900
2020-06-05,142.42999267578125,142.60000610351562,136.75,140.6699981689453,130.9159393310547,4914900
2020-06-08,142.19000244140625,142.75,138.85000610351562,140.6999969482422,130.94386291503906,3646600
2020-06-09,137.52999877929688,140.1300048828125,137.0,137.69000244140625,128.14259338378906,2629500
2020-06-10,136.3000030517578,136.82000732421875,130.9199981689453,130.97999572753906,121.89784240722656,2475300
2020-06-11,124.87000274658203,128.02000427246094,121.0999984741211,121.44000244140625,113.01935577392578,3270200
2020-06-12,126.77999877929688,128.0500030517578,122.63999938964844,125.69000244140625,116.97466278076172,2080900
2020-06-15,121.37000274658203,129.6199951171875,120.19000244140625,129.1999969482422,120.24127197265625,2709800
2020-06-16,134.07000732421875,134.07000732421875,128.0,130.4600067138672,121.4139175415039,1783200
2020-06-17,130.55999755859375,131.86000061035156,128.7100067138672,129.6999969482422,120.70660400390625,1524700
2020-06-18,127.80000305175781,130.6699981689453,127.0999984741211,129.64999389648438,121.39009857177734,1212000
2020-06-19,132.30999755859375,132.30999755859375,127.45999908447266,127.94999694824219,119.79840087890625,2467900
2020-06-22,126.94000244140625,128.6300048828125,125.86000061035156,127.37999725341797,119.26471710205078,1599000
2020-06-23,129.17999267578125,130.66000366210938,128.4499969482422,129.3800048828125,121.13731384277344,1853100
2020-06-24,127.5199966430664,127.54000091552734,124.63999938964844,126.16999816894531,118.13179779052734,1905500
2020-06-25,126.01000213623047,129.0,124.9000015258789,128.55999755859375,120.36955261230469,1300800
2020-06-26,126.81999969482422,128.1199951171875,123.16000366210938,123.95999908447266,116.06258392333984,3237500
2020-06-29,125.86000061035156,126.54000091552734,124.05000305175781,125.69999694824219,117.69175720214844,1382200
2020-06-30,125.51000213623047,127.30999755859375,124.77999877929688,126.62000274658203,118.55313873291016,1968500
2020-07-01,126.4800033569336,128.22999572753906,124.95999908447266,125.66000366210938,117.65428924560547,1271200
2020-07-02,128.5,129.83999633789062,125.33000183105469,125.56999969482422,117.57005310058594,1155200
2020-07-06,127.68000030517578,129.17999267578125,126.58000183105469,127.29000091552734,119.18045043945312,1463100
2020-07-07,127.55000305175781,128.67999267578125,125.56999969482422,127.16999816894531,119.0680923461914,2334600
2020-07-08,126.20999908447266,128.3800048828125,125.75,127.86000061035156,119.7141342163086,1914500
2020-07-09,127.62000274658203,128.02999877929688,122.43000030517578,124.33999633789062,116.41840362548828,1753000
2020-07-10,124.52999877929688,129.1999969482422,123.98999786376953,128.42999267578125,120.24781036376953,1556000
2020-07-13,128.91000366210938,130.5800018310547,127.06999969482422,128.30999755859375,120.1354751586914,1413500
2020-07-14,128.44000244140625,131.13999938964844,127.4000015258789,130.74000549316406,122.41068267822266,1317000
2020-07-15,133.11000061035156,133.85000610351562,131.3300018310547,132.8000030517578,124.33942413330078,1893300
2020-07-16,133.4199981689453,137.33999633789062,132.8300018310547,136.02999877929688,127.36365509033203,2170800
2020-07-17,136.02999877929688,136.4199981689453,134.22000122070312,135.9499969482422,127.28868865966797,1329400
2020-07-20,135.36000061035156,136.1199951171875,133.86000061035156,134.27999877929688,125.72509765625,1490800
2020-07-21,134.41000366210938,137.5800018310547,134.39999389648438,135.5500030517578,126.9141845703125,1199200
2020-07-22,134.5800018310547,136.3300018310547,133.9600067138672,135.77999877929688,127.12955474853516,1240500
2020-07-23,135.61000061035156,136.47999572753906,134.47000122070312,135.33999633789062,126.71757507324219,1288100
2020-07-24,136.25,136.75999450683594,133.57000732421875,134.91000366210938,126.31497955322266,1153300
2020-07-27,133.6999969482422,133.86000061035156,131.14999389648438,132.38999938964844,123.95550537109375,1860900
2020-07-28,132.0,132.80999755859375,131.3699951171875,131.9600067138672,123.55292510986328,1702100
2020-07-29,131.0,132.0399932861328,127.93000030517578,131.94000244140625,123.53422546386719,2575000
2020-07-30,129.72999572753906,132.3800048828125,128.52000427246094,130.0,121.71780395507812,2094000
2020-07-31,129.57000732421875,129.57000732421875,125.55000305175781,127.23999786376953,119.13365173339844,2207700
2020-08-03,127.58999633789062,127.6500015258789,125.41000366210938,126.44999694824219,118.39395904541016,1851600
2020-08-04,125.80999755859375,126.55999755859375,124.08999633789062,124.76000213623047,116.8116455078125,1775700
2020-08-05,125.81999969482422,127.25,125.5999984741211,125.66999816894531,117.66365814208984,1588500
2020-08-06,124.9800033569336,127.55999755859375,124.08999633789062,126.55999755859375,118.4969711303711,1247900
2020-08-07,125.66999816894531,130.16000366210938,125.58000183105469,129.9499969482422,121.67097473144531,1284300
2020-08-10,130.33999633789062,131.52000427246094,129.4600067138672,130.9600067138672,122.61666870117188,1309200
2020-08-11,133.02999877929688,134.8300018310547,131.5399932861328,132.00999450683594,123.5997543334961,1665000
2020-08-12,133.64999389648438,133.77999877929688,130.11000061035156,130.27999877929688,121.9799575805664,1913500
2020-08-13,129.35000610351562,131.74000549316406,128.39999389648438,131.1999969482422,122.84136199951172,1635200
2020-08-14,130.35000610351562,131.77999877929688,129.58999633789062,130.13999938964844,121.84886932373047,1412800
2020-08-17,129.5800018310547,129.8300018310547,125.62000274658203,125.83999633789062,117.82281494140625,1670600
2020-08-18,125.83999633789062,126.55000305175781,124.62999725341797,125.08000183105469,117.1112289428711,1489900
2020-08-19,125.37999725341797,126.16999816894531,123.44999694824219,123.93000030517578,116.0345230102539,1480700
2020-08-20,122.80999755859375,124.41000366210938,122.25,123.44000244140625,115.57572937011719,1793200
2020-08-21,123.33999633789062,123.68000030517578,121.70999908447266,121.91999816894531,114.15255737304688,1523600
2020-08-24,121.9000015258789,124.43000030517578,121.31999969482422,124.41999816894531,116.49327850341797,1670600
2020-08-25,125.52999877929688,126.23999786376953,124.62999725341797,125.91000366210938,117.88837432861328,1324200
2020-08-26,125.43000030517578,126.54000091552734,124.19000244140625,125.58999633789062,117.58876037597656,1476600
2020-08-27,126.16999816894531,130.33999633789062,125.86000061035156,127.76000213623047,119.62049865722656,1684900
2020-08-28,128.22000122070312,128.39999389648438,125.5999984741211,126.38999938964844,118.33779907226562,1397600
2020-08-31,126.13999938964844,126.36000061035156,123.6500015258789,125.0,117.0363540649414,1568200
2020-09-01,124.0199966430664,125.25,123.6500015258789,124.86000061035156,116.90526580810547,1110700
2020-09-02,124.62000274658203,126.45999908447266,123.4800033569336,125.83000183105469,117.81348419189453,1783500
2020-09-03,127.51000213623047,130.22999572753906,123.0999984741211,124.01000213623047,116.10942077636719,1436000
2020-09-04,126.29000091552734,127.72000122070312,124.31999969482422,125.55999755859375,117.56066131591797,1420400
2020-09-08,125.0,125.2699966430664,120.26000213623047,121.11000061035156,113.39417266845703,1757400
2020-09-09,121.77999877929688,124.75,121.12000274658203,122.22000122070312,114.43346405029297,1403100
2020-09-10,122.69000244140625,123.54000091552734,119.08000183105469,119.2300033569336,111.63395690917969,1795600
2020-09-11,119.55999755859375,121.48999786376953,118.3499984741211,120.66999816894531,112.98220825195312,1766200
2020-09-14,121.61000061035156,122.7699966430664,120.72000122070312,120.87999725341797,113.17882537841797,1750500
2020-09-15,120.72000122070312,121.8499984741211,117.51000213623047,117.66000366210938,110.16399383544922,2136500
2020-09-16,118.13999938964844,120.19999694824219,117.22000122070312,118.58999633789062,111.03471374511719,2014200
2020-09-17,116.94000244140625,117.25,114.69999694824219,117.02999877929688,110.29957580566406,2054300
2020-09-18,115.97000122070312,118.80000305175781,115.76000213623047,117.41999816894531,110.6671371459961,2604300
2020-09-21,115.0,116.70999908447266,113.58999633789062,115.98999786376953,109.31938171386719,2036000
2020-09-22,115.3499984741211,118.31999969482422,114.95999908447266,116.04000091552734,109.36651611328125,1732500
2020-09-23,116.55999755859375,117.88999938964844,113.63999938964844,113.8499984741211,107.30245971679688,1766000
2020-09-24,114.13999938964844,115.48999786376953,112.23999786376953,113.98999786376953,107.43439483642578,1804000
2020-09-25,112.6500015258789,114.19999694824219,111.93000030517578,113.8499984741211,107.30245971679688,1812300
2020-09-28,116.01000213623047,118.37999725341797,115.33999633789062,116.97000122070312,110.24303436279297,1665700
2020-09-29,116.31999969482422,116.41999816894531,113.16000366210938,114.33999633789062,107.76427459716797,2480800
2020-09-30,114.87999725341797,117.12999725341797,114.54000091552734,116.12000274658203,109.44190979003906,1805300
2020-10-01,116.5,117.16999816894531,114.55999755859375,115.87999725341797,109.2156982421875,1459300
2020-10-02,114.76000213623047,117.16999816894531,114.20999908447266,116.55999755859375,109.85660552978516,1255800
2020-10-05,117.91000366210938,119.5999984741211,117.44000244140625,119.0999984741211,112.25053405761719,1301800
2020-10-06,120.0,120.16000366210938,116.83999633789062,117.26000213623047,110.51634216308594,1541400
2020-10-07,117.4000015258789,119.37999725341797,117.27999877929688,119.11000061035156,112.25994873046875,1955300
2020-10-08,119.5999984741211,122.05999755859375,119.12999725341797,121.27999877929688,114.3051528930664,1236300
2020-10-09,121.87000274658203,121.94000244140625,119.97000122070312,120.44999694824219,113.52290344238281,1241300
2020-10-12,120.6500015258789,123.86000061035156,119.93000030517578,123.44999694824219,116.3503646850586,1542300
2020-10-13,122.16999816894531,122.54000091552734,118.11000061035156,118.56999969482422,111.7509994506836,1738200
2020-10-14,118.69000244140625,120.41000366210938,118.48999786376953,118.55999755859375,111.74156951904297,994500
2020-10-15,117.04000091552734,120.69000244140625,116.5,120.16000366210938,113.24958038330078,1414500
2020-10-16,120.16999816894531,121.0,119.01000213623047,119.26000213623047,112.40133666992188,1249400
2020-10-19,119.31999969482422,119.93000030517578,116.81999969482422,116.91999816894531,110.19590759277344,1628800
2020-10-20,118.47000122070312,120.12000274658203,117.48999786376953,119.30000305175781,112.43903350830078,2469300
2020-10-21,119.2699966430664,128.5800018310547,118.43000030517578,128.22000122070312,120.8460464477539,3800300
2020-10-22,127.52999877929688,128.5,125.94999694824219,127.62999725341797,120.28995513916016,2174000
2020-10-23,129.05999755859375,129.5500030517578,127.48999786376953,129.02000427246094,121.60004425048828,1259800
2020-10-26,127.04000091552734,127.66999816894531,124.87000274658203,125.98999786376953,118.74427795410156,1323600
2020-10-27,125.93000030517578,126.5199966430664,123.30999755859375,123.41000366210938,116.31268310546875,1519000
2020-10-28,129.11000061035156,129.60000610351562,125.55999755859375,127.41999816894531,120.09203338623047,4251900
2020-10-29,128.57000732421875,134.72999572753906,126.55999755859375,132.75,125.11551666259766,3946000
2020-10-30,131.67999267578125,133.5,128.52000427246094,129.91000366210938,122.4388427734375,3557200
2020-11-02,132.27000427246094,134.66000366210938,130.25999450683594,134.6199951171875,126.8779525756836,2708800
2020-11-03,135.6999969482422,138.5500030517578,135.07000732421875,135.27999877929688,127.50001525878906,3096200
2020-11-04,132.1300048828125,136.1999969482422,131.10000610351562,132.9499969482422,125.3039779663086,1799500
2020-11-05,133.3300018310547,138.5,133.00999450683594,136.72999572753906,128.8666534423828,1697200
2020-11-06,137.3800048828125,138.6300048828125,136.77000427246094,137.69000244140625,129.77142333984375,1724900
2020-11-09,149.66000366210938,150.61000061035156,142.2899932861328,146.97999572753906,138.52716064453125,4092900
2020-11-10,147.8300018310547,151.99000549316406,147.33999633789062,151.5,142.78720092773438,3016000
2020-11-11,151.35000610351562,151.4499969482422,147.32000732421875,149.02999877929688,140.45924377441406,1603500
2020-11-12,147.8699951171875,147.8699951171875,144.44000244140625,146.17999267578125,137.77313232421875,1872200
2020-11-13,148.38999938964844,149.3300018310547,146.72999572753906,149.25999450683594,140.67601013183594,1583700
2020-11-16,152.3800048828125,153.27000427246094,149.92999267578125,151.36000061035156,142.65525817871094,1433100
2020-11-17,150.6699981689453,150.94000244140625,148.22000122070312,150.02999877929688,141.40174865722656,1670700
2020-11-18,150.11000061035156,151.41000366210938,148.47000122070312,149.27999877929688,140.69488525390625,1595400
2020-11-19,147.92999267578125,148.77000427246094,145.92999267578125,147.3699951171875,138.8946990966797,2126300
2020-11-20,147.38999938964844,149.38999938964844,145.8800048828125,148.8800048828125,140.31787109375,2042200
2020-11-23,149.8800048828125,150.3000030517578,147.77000427246094,149.02999877929688,140.45924377441406,1444000
2020-11-24,154.11000061035156,154.97000122070312,151.1199951171875,154.75,145.8502960205078,2375000
2020-11-25,152.74000549316406,153.10000610351562,150.75999450683594,152.52999877929688,143.75796508789062,1690100
2020-11-27,152.1999969482422,153.2899932861328,150.9600067138672,151.4199981689453,142.7117919921875,906400
2020-11-30,149.61000061035156,150.77000427246094,147.0800018310547,147.8300018310547,139.32827758789062,5984100
2020-12-01,151.44000244140625,153.1699981689453,149.3300018310547,152.6300048828125,143.85223388671875,2197200
2020-12-02,151.6199951171875,153.3000030517578,150.7899932861328,153.17999267578125,144.3705596923828,2082900
2020-12-03,152.72999572753906,154.13999938964844,151.83999633789062,153.99000549316406,145.13401794433594,2002000
2020-12-04,154.7100067138672,155.44000244140625,153.8300018310547,155.4199981689453,146.4817657470703,1457100
2020-12-07,153.8800048828125,154.92999267578125,151.72000122070312,152.33999633789062,143.57891845703125,1260500
2020-12-08,151.83999633789062,153.41000366210938,151.13999938964844,152.39999389648438,143.6354217529297,1525400
2020-12-09,153.5399932861328,154.25,151.5500030517578,153.02999877929688,144.22921752929688,2088900
2020-12-10,152.10000610351562,154.77000427246094,151.77000427246094,153.67999267578125,144.84181213378906,1997100
2020-12-11,152.47000122070312,154.22000122070312,152.47000122070312,153.74000549316406,144.8983917236328,1504500
2020-12-14,155.52999877929688,155.52999877929688,150.74000549316406,150.86000061035156,142.18399047851562,1639100
2020-12-15,152.2100067138672,154.42999267578125,150.75999450683594,154.38999938964844,145.51100158691406,1825200
2020-12-16,154.5399932861328,154.66000366210938,152.11000061035156,154.16000366210938,145.29425048828125,1563300
2020-12-17,153.6999969482422,154.17999267578125,152.42999267578125,153.41000366210938,145.32264709472656,1671300
2020-12-18,153.63999938964844,154.33999633789062,151.1999969482422,152.36000061035156,144.3280029296875,3609400
2020-12-21,152.92999267578125,153.0,149.5,151.75,143.75015258789062,1638800
2020-12-22,149.16000366210938,151.22999572753906,149.16000366210938,150.1699981689453,142.25341796875,1523300
2020-12-23,151.17999267578125,151.9199981689453,150.38999938964844,151.05999755859375,143.0965118408203,965100
2020-12-24,151.32000732421875,151.32000732421875,149.60000610351562,150.8300018310547,142.878662109375,422400
2020-12-28,151.58999633789062,153.02999877929688,150.77000427246094,151.8800048828125,143.87330627441406,865900
2020-12-29,153.00999450683594,153.00999450683594,150.6699981689453,150.89999389648438,142.94497680664062,727400
2020-12-30,151.6300048828125,152.67999267578125,151.30999755859375,151.92999267578125,143.920654296875,675300
2020-12-31,152.36000061035156,154.1199951171875,150.6199951171875,153.9199981689453,145.80575561523438,1220300
2021-01-04,152.44000244140625,153.50999450683594,148.41000366210938,149.72999572753906,141.83663940429688,1799100
2021-01-05,149.99000549316406,151.19000244140625,148.38999938964844,149.85000610351562,141.95030212402344,946900
2021-01-06,151.6199951171875,157.3800048828125,151.5,156.97999572753906,148.7044219970703,1718800
2021-01-07,157.9499969482422,157.99000549316406,155.2100067138672,155.86000061035156,147.6434783935547,1410100
2021-01-08,156.41000366210938,157.30999755859375,153.3300018310547,155.39999389648438,147.20773315429688,1287700
2021-01-11,154.58999633789062,155.4499969482422,153.6199951171875,154.1300048828125,146.00469970703125,1471200
2021-01-12,154.32000732421875,156.72999572753906,154.05999755859375,156.61000061035156,148.35391235351562,1064900
2021-01-13,155.6699981689453,157.97999572753906,155.3800048828125,157.1199951171875,148.83705139160156,1113100
2021-01-14,157.42999267578125,157.6300048828125,155.63999938964844,155.82000732421875,147.60560607910156,934900
2021-01-15,154.7899932861328,156.0500030517578,152.80999755859375,155.19000244140625,147.00880432128906,1436300
2021-01-19,155.02999877929688,156.14999389648438,155.0,155.36000061035156,147.1698455810547,1434500
2021-01-20,155.13999938964844,156.35000610351562,154.1199951171875,155.82000732421875,147.60560607910156,1446100
2021-01-21,156.22000122070312,158.75,155.6199951171875,157.1699981689453,148.88441467285156,2042500
2021-01-22,155.52999877929688,156.22999572753906,152.42999267578125,152.52999877929688,144.4890594482422,1505700
2021-01-25,151.33999633789062,153.02999877929688,150.32000732421875,152.69000244140625,144.6405792236328,1358300
2021-01-26,153.1300048828125,153.22000122070312,149.92999267578125,150.1999969482422,142.28187561035156,1155200
2021-01-27,148.00999450683594,149.8699951171875,144.36000061035156,145.10000610351562,137.45071411132812,1581600
2021-01-28,146.47000122070312,149.14999389648438,146.2100067138672,147.1300048828125,139.3737030029297,1464400
2021-01-29,146.00999450683594,146.6699981689453,144.0,145.6699981689453,137.9906463623047,2200500
2021-02-01,147.00999450683594,148.3699951171875,146.17999267578125,148.0399932861328,140.23570251464844,1714300
2021-02-02,149.6699981689453,151.9600067138672,148.27000427246094,150.63999938964844,142.69863891601562,1574900
2021-02-03,152.0,155.9499969482422,151.0500030517578,155.32000732421875,147.13192749023438,2574200
2021-02-04,157.1699981689453,162.89999389648438,156.55999755859375,162.72999572753906,154.15133666992188,3183200
2021-02-05,163.52999877929688,165.13999938964844,162.3800048828125,162.5500030517578,153.98080444335938,2233800
2021-02-08,161.72000122070312,166.27999877929688,161.22000122070312,166.17999267578125,157.41944885253906,2056200
2021-02-09,165.57000732421875,166.2899932861328,164.1999969482422,164.52999877929688,155.85638427734375,1555500
2021-02-10,164.7100067138672,165.9600067138672,164.00999450683594,164.27999877929688,155.61961364746094,1520600
2021-02-11,163.6699981689453,166.52000427246094,163.38999938964844,165.85000610351562,157.10684204101562,1507600
2021-02-12,164.4600067138672,166.13999938964844,161.8000030517578,164.16000366210938,155.5059356689453,1559000
2021-02-16,165.5500030517578,165.77999877929688,162.8800048828125,164.55999755859375,155.8848419189453,2007700
2021-02-17,163.74000549316406,166.85000610351562,163.36000061035156,166.3800048828125,157.60887145996094,1382500
2021-02-18,165.2899932861328,165.89999389648438,163.33999633789062,164.77999877929688,156.09323120117188,1362100
2021-02-19,165.82000732421875,166.19000244140625,164.52999877929688,164.6999969482422,156.0174560546875,1276800
2021-02-22,164.08999633789062,169.13999938964844,163.80999755859375,168.55999755859375,159.6739501953125,2468200
2021-02-23,169.82000732421875,171.13999938964844,168.05999755859375,168.75,159.8539581298828,2095900
2021-02-24,168.89999389648438,171.66000366210938,168.22000122070312,170.66000366210938,161.66326904296875,1839600
2021-02-25,170.3000030517578,171.11000061035156,164.6199951171875,164.94000244140625,156.2447967529297,1844900
2021-02-26,165.1999969482422,165.8000030517578,162.5800018310547,162.5800018310547,154.0092010498047,1976800
2021-03-01,164.05999755859375,168.63999938964844,164.0,167.36000061035156,158.53724670410156,1403500
2021-03-02,166.7100067138672,169.7899932861328,166.1699981689453,167.61000061035156,158.77407836914062,1580100
2021-03-03,167.7100067138672,170.41000366210938,167.22000122070312,167.5,158.66983032226562,2159300
2021-03-04,167.4600067138672,168.0,163.97999572753906,166.0,157.24891662597656,2068400
2021-03-05,168.38999938964844,172.5399932861328,166.4199981689453,171.6699981689453,162.6199951171875,2177600
2021-03-08,172.0,176.39999389648438,170.8699951171875,173.22999572753906,164.0977783203125,1782800
2021-03-09,172.02999877929688,173.3000030517578,169.4600067138672,169.64999389648438,160.70648193359375,1784000
2021-03-10,170.25999450683594,174.0500030517578,169.9600067138672,173.47999572753906,164.3345947265625,1799200
2021-03-11,171.3699951171875,173.13999938964844,170.82000732421875,171.61000061035156,162.5631866455078,2957700
2021-03-12,174.0500030517578,175.35000610351562,173.3300018310547,175.0500030517578,165.8218536376953,1393600
2021-03-15,175.02999877929688,175.33999633789062,172.02999877929688,174.1999969482422,165.01663208007812,1350500
2021-03-16,173.58999633789062,173.58999633789062,170.17999267578125,172.4199981689453,163.33047485351562,969900
2021-03-17,173.89999389648438,174.2100067138672,171.22999572753906,173.4499969482422,164.3061981201172,1179000
2021-03-18,173.86000061035156,179.00999450683594,165.1999969482422,168.1300048828125,159.98609924316406,4640900
2021-03-19,167.41000366210938,168.2899932861328,159.1199951171875,159.22999572753906,151.51719665527344,6915700
2021-03-22,159.08999633789062,159.97000122070312,156.88999938964844,157.0500030517578,149.4427947998047,3351500
2021-03-23,156.38999938964844,159.3800048828125,156.0800018310547,157.3800048828125,149.7567901611328,3291800
2021-03-24,157.99000549316406,159.67999267578125,156.58999633789062,156.6199951171875,149.03363037109375,2326300
2021-03-25,157.10000610351562,159.4499969482422,155.07000732421875,158.91000366210938,151.21267700195312,3000300
2021-03-26,160.10000610351562,160.10000610351562,157.80999755859375,159.77999877929688,152.04054260253906,1891000
2021-03-29,162.5,162.5,157.89999389648438,160.33999633789062,152.5734100341797,2790900
2021-03-30,160.47000122070312,162.4499969482422,160.22999572753906,161.50999450683594,153.68675231933594,2701000
2021-03-31,160.8699951171875,162.5,157.8000030517578,157.97000122070312,150.31820678710938,2925500
2021-04-01,157.47000122070312,159.35000610351562,157.16000366210938,158.99000549316406,151.288818359375,1993600
2021-04-05,160.7100067138672,161.52000427246094,159.24000549316406,159.91000366210938,152.16424560546875,1332200
2021-04-06,159.7899932861328,161.3300018310547,159.35000610351562,161.0399932861328,153.239501953125,1966400
2021-04-07,161.8800048828125,161.91000366210938,160.10000610351562,160.9499969482422,153.1538848876953,1256100
2021-04-08,159.58999633789062,160.47000122070312,158.61000061035156,159.91000366210938,152.16424560546875,1600800
2021-04-09,160.75999450683594,161.1999969482422,159.5,160.69000244140625,152.906494140625,2077300
2021-04-12,161.33999633789062,162.10000610351562,160.47000122070312,160.94000244140625,153.14434814453125,1173700
2021-04-13,160.94000244140625,161.47000122070312,159.17999267578125,160.9199981689453,153.12533569335938,1459000
2021-04-14,160.67999267578125,165.16000366210938,160.0,164.11000061035156,156.16082763671875,1418100
2021-04-15,164.05999755859375,164.44000244140625,161.55999755859375,162.10000610351562,154.24815368652344,1723800
2021-04-16,162.4600067138672,164.1699981689453,162.4600067138672,162.77000427246094,154.88572692871094,1600800
2021-04-19,163.05999755859375,163.2100067138672,160.58999633789062,161.7100067138672,153.87705993652344,1165800
2021-04-20,161.1999969482422,162.17999267578125,160.3699951171875,161.7100067138672,153.87705993652344,1281100
2021-04-21,162.0,165.69000244140625,161.89999389648438,165.07000732421875,157.07432556152344,1263000
2021-04-22,164.25,168.72999572753906,163.41000366210938,166.9199981689453,158.83470153808594,2814400
2021-04-23,167.1999969482422,169.42999267578125,166.97000122070312,169.25999450683594,161.0613555908203,1658800
2021-04-26,169.10000610351562,170.4199981689453,165.97000122070312,166.02999877929688,157.98782348632812,1430000
2021-04-27,165.75999450683594,167.24000549316406,165.50999450683594,166.60000610351562,158.5301971435547,1190700
2021-04-28,167.92999267578125,169.86000061035156,162.2100067138672,164.05999755859375,156.1132354736328,2277700
2021-04-29,165.24000549316406,170.47999572753906,164.9600067138672,169.5,161.2897186279297,2880800
2021-04-30,169.02999877929688,173.30999755859375,168.60000610351562,171.58999633789062,163.27850341796875,3277700
2021-05-03,173.33999633789062,174.41000366210938,171.1300048828125,172.00999450683594,163.6781463623047,2272000
2021-05-04,171.5500030517578,173.67999267578125,171.3000030517578,172.7100067138672,164.34425354003906,2463000
2021-05-05,171.8300018310547,173.3800048828125,169.88999938964844,171.33999633789062,163.04061889648438,2150600
2021-05-06,172.41000366210938,173.6199951171875,171.3300018310547,173.24000549316406,164.8485870361328,2249500
2021-05-07,171.5,176.5399932861328,171.02999877929688,176.38999938964844,167.84597778320312,3034600
2021-05-10,176.85000610351562,177.19000244140625,173.8000030517578,173.8300018310547,165.40997314453125,1466500
2021-05-11,172.36000061035156,172.67999267578125,167.27000427246094,167.75999450683594,159.63401794433594,3457200
2021-05-12,168.97999572753906,169.5,164.75999450683594,164.9199981689453,156.93157958984375,2396900
2021-05-13,164.52999877929688,169.83999633789062,164.36000061035156,168.7899932861328,160.6141357421875,1797700
2021-05-14,168.77999877929688,170.67999267578125,168.3699951171875,170.17999267578125,161.93678283691406,1382000
2021-05-17,169.80999755859375,170.13999938964844,168.10000610351562,168.49000549316406,160.32864379882812,937000
2021-05-18,167.77000427246094,167.92999267578125,165.6300048828125,165.82000732421875,157.7879638671875,2812700
2021-05-19,164.67999267578125,166.14999389648438,163.17999267578125,166.10000610351562,158.054443359375,2675500
2021-05-20,166.22000122070312,167.2100067138672,165.25999450683594,166.16000366210938,158.11151123046875,3352200
2021-05-21,166.6199951171875,168.7899932861328,165.67999267578125,166.7100067138672,158.63487243652344,2578200
2021-05-24,167.64999389648438,168.47000122070312,165.94000244140625,166.66000366210938,158.58731079101562,2924600
2021-05-25,166.3800048828125,167.88999938964844,165.4600067138672,165.6699981689453,157.64524841308594,2643800
2021-05-26,167.19000244140625,167.2100067138672,164.75,166.14999389648438,158.10202026367188,2303000
2021-05-27,167.22999572753906,169.92999267578125,166.88999938964844,169.35000610351562,161.14700317382812,4827400
2021-05-28,170.38999938964844,170.86000061035156,168.6699981689453,169.99000549316406,161.7560272216797,2194500
2021-06-01,171.57000732421875,173.47999572753906,170.00999450683594,171.49000549316406,163.18336486816406,2965300
2021-06-02,172.67999267578125,173.41000366210938,170.9199981689453,171.38999938964844,163.08816528320312,1836600
2021-06-03,170.61000061035156,173.6699981689453,170.27999877929688,173.39999389648438,165.00083923339844,1895700
2021-06-04,173.32000732421875,173.41000366210938,171.8300018310547,173.00999450683594,164.62974548339844,1421000
2021-06-07,173.00999450683594,173.33999633789062,169.36000061035156,169.4499969482422,161.2421417236328,2486200
2021-06-08,168.63999938964844,170.1300048828125,168.19000244140625,169.82000732421875,161.59423828125,3064800
2021-06-09,169.3000030517578,169.8000030517578,167.14999389648438,167.3000030517578,159.1962890625,1617100
2021-06-10,168.63999938964844,168.85000610351562,165.3000030517578,165.4600067138672,157.4454345703125,1866800
2021-06-11,165.9499969482422,167.14999389648438,165.75999450683594,167.08999633789062,158.9964599609375,1515700
2021-06-14,166.75999450683594,167.61000061035156,165.3800048828125,166.4600067138672,158.39700317382812,1733200
2021-06-15,167.27999877929688,168.82000732421875,166.3800048828125,168.10000610351562,159.95755004882812,1549500
2021-06-16,167.77999877929688,169.27999877929688,167.00999450683594,167.5,159.3865966796875,2023000
2021-06-17,167.25,167.42999267578125,160.22000122070312,160.27000427246094,153.2386932373047,2487100
2021-06-18,157.6699981689453,159.41000366210938,155.77999877929688,156.00999450683594,149.1655731201172,4136700
2021-06-21,157.13999938964844,159.47999572753906,156.97999572753906,159.02999877929688,152.05311584472656,2071900
2021-06-22,158.9600067138672,159.94000244140625,157.69000244140625,159.32000732421875,152.33038330078125,1214000
2021-06-23,159.52000427246094,160.25,158.91000366210938,159.49000549316406,152.49290466308594,1077300
2021-06-24,160.0399932861328,161.6699981689453,159.02000427246094,161.1999969482422,154.12789916992188,1243400
2021-06-25,161.57000732421875,162.74000549316406,161.22000122070312,162.2899932861328,155.1700897216797,1770200
2021-06-28,162.3000030517578,162.3000030517578,158.33999633789062,158.9499969482422,151.9766082763672,1361700
2021-06-29,159.49000549316406,160.86000061035156,157.60000610351562,158.39999389648438,151.45074462890625,1156900
2021-06-30,158.60000610351562,159.25,157.74000549316406,158.94000244140625,151.96705627441406,1084300
2021-07-01,159.86000061035156,161.89999389648438,159.0,161.82000732421875,154.72073364257812,1055100
2021-07-02,161.47000122070312,161.9600067138672,160.47999572753906,161.3699951171875,154.2904510498047,1734000
2021-07-06,160.74000549316406,161.6999969482422,158.69000244140625,161.08999633789062,154.02272033691406,1587300
2021-07-07,160.0,162.39999389648438,159.88999938964844,161.97000122070312,154.86410522460938,916000
2021-07-08,159.67999267578125,160.19000244140625,157.19000244140625,157.9499969482422,151.0205078125,1351200
2021-07-09,160.85000610351562,162.89999389648438,159.49000549316406,162.72999572753906,155.59078979492188,1569200
2021-07-12,162.1300048828125,164.94000244140625,161.77000427246094,164.61000061035156,157.3883056640625,1539400
2021-07-13,163.80999755859375,164.6999969482422,162.9600067138672,163.02000427246094,155.86805725097656,1305000
2021-07-14,163.6199951171875,164.9499969482422,163.19000244140625,164.30999755859375,157.10147094726562,1009200
2021-07-15,162.5800018310547,166.2899932861328,162.30999755859375,166.16000366210938,158.8703155517578,1098600
2021-07-16,166.58999633789062,167.5,165.27999877929688,166.75,159.43438720703125,1129000
2021-07-19,163.97000122070312,164.99000549316406,159.47000122070312,160.7899932861328,153.7358856201172,1766200
2021-07-20,161.6999969482422,168.82000732421875,161.6999969482422,167.6699981689453,160.3140411376953,3033600
2021-07-21,169.02000427246094,171.44000244140625,168.6300048828125,169.4199981689453,161.98727416992188,1707700
2021-07-22,168.72999572753906,168.94000244140625,166.74000549316406,167.25,159.9124755859375,1199700
2021-07-23,168.75,169.2100067138672,166.41000366210938,166.89999389648438,159.5778350830078,1340900
2021-07-26,166.8000030517578,168.6699981689453,166.72999572753906,168.13999938964844,160.76344299316406,1331400
2021-07-27,167.3000030517578,169.5800018310547,166.10000610351562,169.32000732421875,161.89166259765625,1704300
2021-07-28,173.0,173.25,164.13999938964844,166.02000427246094,158.7364501953125,1991900
2021-07-29,167.83999633789062,168.0800018310547,165.66000366210938,167.42999267578125,160.0845947265625,1676000
2021-07-30,168.85000610351562,170.0500030517578,168.0399932861328,168.74000549316406,161.33712768554688,2158300
2021-08-02,169.8800048828125,172.66000366210938,169.1699981689453,170.35000610351562,162.8765106201172,2584000
2021-08-03,170.91000366210938,173.2100067138672,168.89999389648438,172.6199951171875,165.04685974121094,2076800
2021-08-04,170.5800018310547,173.3000030517578,170.44000244140625,172.08999633789062,164.54013061523438,1835400
2021-08-05,173.2100067138672,174.47999572753906,169.30999755859375,172.52000427246094,164.95127868652344,2524800
2021-08-06,174.1300048828125,175.5800018310547,173.66000366210938,174.97000122070312,167.29379272460938,1802200
2021-08-09,175.0,176.36000061035156,173.47000122070312,175.77000427246094,168.05868530273438,1630800
2021-08-10,175.60000610351562,178.2899932861328,175.25999450683594,178.10000610351562,170.28648376464844,1810700
2021-08-11,178.61000061035156,181.6999969482422,177.7899932861328,181.0800018310547,173.1357421875,2283600
2021-08-12,181.25,182.77000427246094,180.72999572753906,181.67999267578125,173.7093963623047,1576800
2021-08-13,181.47999572753906,183.0,181.24000549316406,182.72999572753906,174.7133331298828,1456900
2021-08-16,182.3699951171875,184.52999877929688,181.1999969482422,184.22999572753906,176.14752197265625,1988200
2021-08-17,183.3800048828125,186.16000366210938,183.10000610351562,184.7100067138672,176.60650634765625,1914700
2021-08-18,183.8000030517578,186.58999633789062,182.92999267578125,184.47000122070312,176.37701416015625,2178100
2021-08-19,183.30999755859375,186.0399932861328,182.92999267578125,185.44000244140625,177.30445861816406,2462100
2021-08-20,185.0,186.75,184.1699981689453,186.2100067138672,178.0406951904297,1792700
2021-08-23,186.92999267578125,187.89999389648438,185.36000061035156,185.49000549316406,177.35226440429688,1687400
2021-08-24,185.8000030517578,186.6999969482422,185.16000366210938,185.33999633789062,177.20883178710938,1708900
2021-08-25,185.89999389648438,187.66000366210938,185.16000366210938,186.67999267578125,178.49005126953125,2028100
2021-08-26,187.05999755859375,187.44000244140625,184.2899932861328,184.30999755859375,176.22401428222656,1672300
2021-08-27,184.66000366210938,186.47000122070312,184.17999267578125,186.32000732421875,178.1458740234375,1561500
2021-08-30,186.5800018310547,186.5800018310547,183.80999755859375,183.85000610351562,175.78424072265625,837400
2021-08-31,183.55999755859375,185.25,183.27999877929688,183.9199981689453,175.8511505126953,2077500
2021-09-01,183.83999633789062,184.27999877929688,182.0,183.02000427246094,174.99061584472656,2154700
2021-09-02,183.2899932861328,183.2899932861328,181.8000030517578,183.02000427246094,174.99061584472656,1644900
2021-09-03,182.5,184.10000610351562,181.30999755859375,183.4600067138672,175.4113311767578,1755400
2021-09-07,182.97000122070312,183.0399932861328,180.13999938964844,181.77000427246094,173.79550170898438,1673800
2021-09-08,181.10000610351562,182.8000030517578,180.6300048828125,182.42999267578125,174.42649841308594,1450000
2021-09-09,182.42999267578125,184.07000732421875,180.89999389648438,181.0800018310547,173.1357421875,1572500
2021-09-10,182.3000030517578,182.89999389648438,179.94000244140625,180.24000549316406,172.3325958251953,1121200
2021-09-13,181.9499969482422,183.39999389648438,181.13999938964844,183.33999633789062,175.2965850830078,1386900
2021-09-14,183.72000122070312,184.83999633789062,180.83999633789062,181.27999877929688,173.32696533203125,1614200
2021-09-15,181.22000122070312,183.7899932861328,180.97000122070312,182.75999450683594,174.7420196533203,1450100
2021-09-16,182.38999938964844,183.0500030517578,180.0,181.13999938964844,173.95455932617188,1340600
2021-09-17,183.75,184.55999755859375,180.0,180.5500030517578,173.38795471191406,5419100
2021-09-20,177.75999450683594,178.57000732421875,175.3000030517578,177.88999938964844,170.83348083496094,2129800
2021-09-21,179.0500030517578,179.5,175.27999877929688,175.8000030517578,168.82638549804688,1504000
2021-09-22,177.66000366210938,178.2899932861328,176.3000030517578,176.92999267578125,169.9115447998047,1576100
2021-09-23,177.75,179.6199951171875,177.30999755859375,177.49000549316406,170.44935607910156,1107600
2021-09-24,177.27000427246094,178.1999969482422,176.52999877929688,176.75,169.73870849609375,1089700
2021-09-27,177.85000610351562,179.57000732421875,176.85000610351562,178.42999267578125,171.35205078125,1018300
2021-09-28,177.8300018310547,179.25999450683594,174.82000732421875,175.47000122070312,168.50949096679688,1666400
2021-09-29,175.55999755859375,177.2899932861328,174.99000549316406,176.38999938964844,169.39297485351562,964700
2021-09-30,177.3800048828125,177.7100067138672,173.47000122070312,173.47999572753906,166.59840393066406,1478200
2021-10-01,174.0500030517578,176.5399932861328,172.99000549316406,175.41000366210938,168.45187377929688,1038500
2021-10-04,174.8800048828125,177.1199951171875,173.22000122070312,173.61000061035156,166.72325134277344,1648100
2021-10-05,174.67999267578125,175.97000122070312,172.75,175.14999389648438,168.20216369628906,1960400
2021-10-06,173.74000549316406,177.00999450683594,171.9600067138672,176.72000122070312,169.7098846435547,1399200
2021-10-07,177.89999389648438,180.2899932861328,177.5,178.32000732421875,171.2464141845703,1189300
2021-10-08,180.6199951171875,183.05999755859375,180.0399932861328,182.77999877929688,175.5294952392578,2123100
2021-10-11,183.08999633789062,185.6300048828125,182.52000427246094,182.75999450683594,175.51028442382812,1294000
2021-10-12,183.4499969482422,183.85000610351562,181.35000610351562,181.6300048828125,174.42514038085938,1031000
2021-10-13,181.02000427246094,182.36000061035156,178.0800018310547,182.24000549316406,175.01087951660156,1289900
2021-10-14,183.72000122070312,184.80999755859375,182.83999633789062,183.9600067138672,176.66268920898438,1377000
2021-10-15,185.6699981689453,186.11000061035156,181.1999969482422,181.30999755859375,174.11778259277344,1600000
2021-10-18,180.24000549316406,180.7100067138672,176.8699951171875,177.6999969482422,170.65101623535156,1295700
2021-10-19,179.6699981689453,182.39999389648438,179.4199981689453,182.19000244140625,174.96292114257812,1685300
2021-10-20,182.19000244140625,186.17999267578125,181.94000244140625,185.47999572753906,178.12237548828125,1522700
2021-10-21,184.89999389648438,186.63999938964844,184.7100067138672,186.22000122070312,178.8330535888672,1142100
2021-10-22,187.14999389648438,188.58999633789062,185.82000732421875,188.11000061035156,180.6480712890625,1387600
2021-10-25,188.24000549316406,188.4499969482422,185.6699981689453,188.07000732421875,180.6096649169922,1533900
2021-10-26,188.6300048828125,188.6300048828125,186.77999877929688,187.22999572753906,179.80296325683594,1326200
2021-10-27,194.24000549316406,196.2899932861328,189.61000061035156,190.27000427246094,182.72238159179688,2155200
2021-10-28,191.25,196.8800048828125,191.25,196.08999633789062,188.31153869628906,2509300
2021-10-29,196.0,197.24000549316406,195.00999450683594,195.3800048828125,187.6296844482422,2636800
2021-11-01,196.89999389648438,197.9199981689453,190.77000427246094,192.30999755859375,184.68145751953125,1763100
2021-11-02,192.75,192.7899932861328,189.8699951171875,190.52999877929688,182.9720458984375,2220900
2021-11-03,189.99000549316406,193.9199981689453,189.49000549316406,192.1999969482422,184.57583618164062,1701100
2021-11-04,191.52999877929688,192.86000061035156,189.80999755859375,190.0,182.46307373046875,1753500
2021-11-05,191.61000061035156,193.7100067138672,190.2100067138672,193.19000244140625,185.5265350341797,1970800
2021-11-08,193.86000061035156,194.60000610351562,191.10000610351562,191.89999389648438,184.2877197265625,1600100
2021-11-09,191.4199981689453,193.55999755859375,191.19000244140625,193.52000427246094,185.84349060058594,1392500
2021-11-10,193.6199951171875,195.74000549316406,193.02999877929688,193.0500030517578,185.39210510253906,1633700
2021-11-11,192.7100067138672,193.5800018310547,191.64999389648438,193.10000610351562,185.44012451171875,1005900
2021-11-12,192.97000122070312,193.50999450683594,191.5800018310547,192.83999633789062,185.1904296875,1313100
2021-11-15,193.35000610351562,194.14999389648438,192.1999969482422,193.16000366210938,185.49778747558594,1065400
2021-11-16,193.52000427246094,194.5,192.7100067138672,193.14999389648438,185.4881134033203,1160900
2021-11-17,192.3699951171875,193.13999938964844,191.25,191.77999877929688,184.1724853515625,1325700
2021-11-18,191.94000244140625,193.7100067138672,191.44000244140625,191.92999267578125,184.31654357910156,1745800
2021-11-19,191.9499969482422,192.0800018310547,188.22999572753906,188.25,180.7825164794922,2076300
2021-11-22,189.0399932861328,192.75,187.60000610351562,190.75999450683594,183.19296264648438,2074400
2021-11-23,192.0500030517578,194.7899932861328,192.0,192.9499969482422,185.2960662841797,2254800
2021-11-24,192.3300018310547,192.3300018310547,190.07000732421875,190.4199981689453,182.866455078125,1474600
2021-11-26,185.72000122070312,187.02999877929688,183.5800018310547,184.5500030517578,177.22926330566406,2271400
2021-11-29,186.24000549316406,186.67999267578125,184.10000610351562,185.0399932861328,177.69984436035156,2364800
2021-11-30,183.0500030517578,183.8800048828125,179.17999267578125,179.47000122070312,172.35079956054688,3638700
2021-12-01,182.4499969482422,183.2100067138672,175.1300048828125,175.13999938964844,168.19253540039062,3138300
2021-12-02,177.02999877929688,182.9499969482422,177.02999877929688,182.36000061035156,175.12615966796875,2531900
2021-12-03,181.77999877929688,182.97000122070312,179.50999450683594,181.4600067138672,174.2618408203125,2476500
2021-12-06,184.14999389648438,189.33999633789062,183.49000549316406,187.52999877929688,180.09107971191406,1691300
2021-12-07,187.92999267578125,189.30999755859375,187.32000732421875,188.0399932861328,180.58082580566406,1895200
2021-12-08,188.14999389648438,189.8800048828125,187.72999572753906,189.16000366210938,181.6564178466797,1231000
2021-12-09,188.22000122070312,190.5800018310547,187.1999969482422,190.1999969482422,182.65518188476562,1565300
2021-12-10,191.39999389648438,191.94000244140625,190.2899932861328,191.47000122070312,183.87481689453125,1697100
2021-12-13,190.8800048828125,191.17999267578125,188.5,190.22999572753906,182.6839599609375,1583300
2021-12-14,190.97000122070312,194.42999267578125,190.92999267578125,192.5399932861328,184.90232849121094,1952000
2021-12-15,192.4600067138672,194.67999267578125,190.42999267578125,193.9600067138672,186.2659912109375,1575100
2021-12-16,195.0,197.67999267578125,194.11000061035156,195.86000061035156,188.86965942382812,1951100
2021-12-17,194.36000061035156,194.36000061035156,189.3800048828125,189.77000427246094,182.99703979492188,4053400
2021-12-20,187.9600067138672,188.60000610351562,184.1999969482422,185.77000427246094,179.13978576660156,1726200
2021-12-21,187.75,189.22000122070312,186.2100067138672,187.24000549316406,180.55731201171875,1086500
2021-12-22,186.67999267578125,189.00999450683594,185.60000610351562,188.3800048828125,181.6566162109375,1164100
2021-12-23,189.1199951171875,191.67999267578125,189.1199951171875,190.63999938964844,183.83595275878906,969400
2021-12-27,190.4600067138672,193.94000244140625,190.0800018310547,193.47999572753906,186.57460021972656,624000
2021-12-28,193.22999572753906,195.38999938964844,192.82000732421875,193.42999267578125,186.5263671875,603100
2021-12-29,194.17999267578125,195.39999389648438,193.52999877929688,194.36000061035156,187.4231719970703,558600
2021-12-30,195.39999389648438,195.94000244140625,192.9499969482422,193.11000061035156,186.21780395507812,627100
2021-12-31,193.08999633789062,194.47000122070312,193.08999633789062,193.30999755859375,186.41064453125,672300
2022-01-03,193.49000549316406,194.19000244140625,190.8300018310547,191.44000244140625,184.607421875,1971900
2022-01-04,193.69000244140625,195.91000366210938,192.10000610351562,195.61000061035156,188.62857055664062,1847900
2022-01-05,196.1199951171875,197.07000732421875,193.9199981689453,194.02000427246094,187.09532165527344,1660900
2022-01-06,197.38999938964844,198.39999389648438,194.57000732421875,197.99000549316406,190.9236297607422,1994200
2022-01-07,197.66000366210938,201.32000732421875,196.1300048828125,201.19000244140625,194.00942993164062,1892600
2022-01-10,200.69000244140625,201.30999755859375,196.5,198.82000732421875,191.72402954101562,2033300
2022-01-11,199.5,200.39999389648438,195.14999389648438,199.47999572753906,192.3604736328125,1418600
2022-01-12,199.47999572753906,200.36000061035156,197.02999877929688,197.82000732421875,190.7596893310547,1487200
2022-01-13,198.75,199.8300018310547,196.8300018310547,197.52999877929688,190.4800262451172,1279700
2022-01-14,196.52000427246094,197.49000549316406,193.75,196.25999450683594,189.25537109375,1663000
2022-01-18,195.9499969482422,196.14999389648438,192.5399932861328,194.97999572753906,188.0210418701172,1324900
2022-01-19,196.0,196.0,191.63999938964844,191.8800048828125,185.0316925048828,1451700
2022-01-20,193.14999389648438,198.80999755859375,192.91000366210938,193.11000061035156,186.21780395507812,1976500
2022-01-21,194.5,198.3800048828125,191.77000427246094,192.00999450683594,185.1570587158203,3169000
2022-01-24,191.0399932861328,196.3000030517578,187.80999755859375,195.89999389648438,188.90821838378906,2171200
2022-01-25,194.2899932861328,195.77999877929688,189.3300018310547,193.66000366210938,186.74818420410156,2242000
2022-01-26,193.75,196.88999938964844,191.86000061035156,194.10000610351562,187.17245483398438,1878900
2022-01-27,195.8800048828125,199.64999389648438,191.39999389648438,192.77000427246094,185.88992309570312,2485200
2022-01-28,192.88999938964844,196.91000366210938,191.4600067138672,196.88999938964844,189.86288452148438,2096900
2022-01-31,194.99000549316406,197.42999267578125,192.9499969482422,197.27999877929688,190.23895263671875,2090300
2022-02-01,196.38999938964844,200.57000732421875,195.97000122070312,199.8699951171875,192.7365264892578,2274500
2022-02-02,205.0,208.52999877929688,202.33999633789062,207.52999877929688,200.1231231689453,4158000
2022-02-03,206.58999633789062,208.39999389648438,204.97999572753906,207.35000610351562,199.94956970214844,2691100
2022-02-04,206.77000427246094,209.44000244140625,205.00999450683594,206.58999633789062,199.2166748046875,2218500
2022-02-07,207.72999572753906,208.38999938964844,203.99000549316406,205.0,197.6834259033203,2175300
2022-02-08,206.2100067138672,208.85000610351562,204.6199951171875,207.89999389648438,200.47991943359375,2247100
2022-02-09,209.16000366210938,210.5800018310547,208.22999572753906,208.9600067138672,201.50210571289062,1783700
2022-02-10,208.02999877929688,211.77999877929688,207.41000366210938,208.60000610351562,201.1549530029297,2613800
2022-02-11,207.8699951171875,208.67999267578125,203.39999389648438,204.05999755859375,196.77699279785156,2842100
2022-02-14,204.5,205.52999877929688,199.5399932861328,202.07000732421875,194.85801696777344,3062300
2022-02-15,203.83999633789062,206.52999877929688,202.5,203.64999389648438,196.38160705566406,1933100
2022-02-16,202.6999969482422,205.92999267578125,202.38999938964844,204.91000366210938,197.59664916992188,1695100
2022-02-17,203.30999755859375,205.33999633789062,201.07000732421875,203.6300048828125,196.36233520507812,1863200
2022-02-18,202.89999389648438,205.55999755859375,202.64999389648438,204.7100067138672,197.40377807617188,1883900
2022-02-22,204.5,206.7899932861328,202.10000610351562,203.08999633789062,195.84161376953125,2820700
2022-02-23,204.38999938964844,205.27000427246094,201.3000030517578,201.41000366210938,194.22157287597656,2225800
2022-02-24,196.72999572753906,199.8800048828125,193.27000427246094,199.02999877929688,191.92649841308594,2431600
2022-02-25,200.17999267578125,207.49000549316406,199.52999877929688,207.02000427246094,199.63134765625,2083500
2022-02-28,200.39999389648438,203.9600067138672,200.16000366210938,203.63999938964844,196.37197875976562,3069200
2022-03-01,202.0399932861328,203.38999938964844,197.5500030517578,199.5399932861328,192.41830444335938,3018600
2022-03-02,200.99000549316406,205.66000366210938,200.72999572753906,204.3000030517578,197.00843811035156,2084900
2022-03-03,204.52000427246094,206.88999938964844,202.63999938964844,206.0,198.6477508544922,2200900
2022-03-04,202.02999877929688,206.24000549316406,200.9199981689453,205.52000427246094,198.1848907470703,1962600
2022-03-07,203.08999633789062,203.47000122070312,198.77999877929688,198.9199981689453,191.82040405273438,2093400
2022-03-08,200.19000244140625,203.50999450683594,196.1999969482422,197.64999389648438,190.5957489013672,2071300
2022-03-09,202.80999755859375,205.47000122070312,202.44000244140625,203.94000244140625,196.66127014160156,1479100
2022-03-10,201.5399932861328,203.88999938964844,200.6300048828125,201.4199981689453,194.231201171875,1902000
2022-03-11,202.19000244140625,204.8800048828125,201.72999572753906,201.91000366210938,194.70372009277344,1424000
2022-03-14,205.0,207.7100067138672,203.41000366210938,204.9600067138672,197.64488220214844,1317300
2022-03-15,207.52000427246094,209.19000244140625,204.82000732421875,207.4499969482422,200.04598999023438,2468000
2022-03-16,208.6300048828125,211.1699981689453,207.19000244140625,210.97000122070312,203.4403533935547,2064700
2022-03-17,209.02999877929688,211.10000610351562,208.3000030517578,211.10000610351562,204.34059143066406,1645300
2022-03-18,211.25999450683594,212.17999267578125,208.0800018310547,211.50999450683594,204.7374725341797,2354900
2022-03-21,212.82000732421875,214.2100067138672,211.27999877929688,212.97000122070312,206.15069580078125,2251300
2022-03-22,215.0,216.72999572753906,213.4600067138672,213.63999938964844,206.79925537109375,2482800
2022-03-23,213.35000610351562,213.74000549316406,210.44000244140625,210.63999938964844,203.8953094482422,1856900
2022-03-24,210.80999755859375,213.32000732421875,210.0500030517578,213.19000244140625,206.36366271972656,1287100
2022-03-25,213.30999755859375,218.08999633789062,212.97999572753906,217.77999877929688,210.8066864013672,1312200
2022-03-28,217.5800018310547,217.8000030517578,214.69000244140625,217.16000366210938,210.20655822753906,1328800
2022-03-29,218.69000244140625,218.99000549316406,214.36000061035156,215.83999633789062,208.92880249023438,1871200
2022-03-30,216.4199981689453,217.5800018310547,215.64999389648438,217.5,210.53565979003906,1063800
2022-03-31,216.75,218.64999389648438,213.8000030517578,213.89999389648438,207.05093383789062,1625400
2022-04-01,216.00999450683594,217.22999572753906,214.4499969482422,216.5500030517578,209.6160888671875,1278900
2022-04-04,215.7100067138672,215.83999633789062,212.0399932861328,213.57000732421875,206.73150634765625,1491700
2022-04-05,213.9499969482422,216.83999633789062,212.08999633789062,212.3800048828125,205.57960510253906,1851700
2022-04-06,212.16000366210938,214.8699951171875,210.91000366210938,212.47999572753906,205.67637634277344,1389100
2022-04-07,213.30999755859375,213.41000366210938,209.9199981689453,212.5800018310547,205.77322387695312,1513200
2022-04-08,214.1699981689453,216.91000366210938,213.1699981689453,216.14999389648438,209.2288818359375,1450000
2022-04-11,217.4499969482422,218.47000122070312,214.8800048828125,215.25999450683594,208.3673858642578,1140000
2022-04-12,217.41000366210938,217.58999633789062,213.75999450683594,214.4199981689453,207.5542755126953,1084200
2022-04-13,213.99000549316406,215.92999267578125,211.02999877929688,212.83999633789062,206.02487182617188,1216300
2022-04-14,212.44000244140625,213.30999755859375,210.3300018310547,210.52000427246094,203.7791748046875,1517000
2022-04-18,209.58999633789062,212.16000366210938,209.4199981689453,211.91000366210938,205.12464904785156,878100
2022-04-19,211.07000732421875,212.8000030517578,209.07000732421875,209.9199981689453,203.19837951660156,1499900
2022-04-20,212.14999389648438,212.66000366210938,209.72999572753906,212.5800018310547,205.77322387695312,1719200
2022-04-21,214.74000549316406,216.77000427246094,211.25999450683594,211.52999877929688,204.75680541992188,1116500
2022-04-22,210.72000122070312,211.9499969482422,205.97000122070312,206.10000610351562,199.5006866455078,1579100
2022-04-25,205.75999450683594,207.9499969482422,202.35000610351562,207.32000732421875,200.681640625,1521800
2022-04-26,205.75,209.08999633789062,203.39999389648438,203.39999389648438,196.88714599609375,1620600
2022-04-27,209.47000122070312,213.77000427246094,208.0,210.6199951171875,203.87594604492188,2903500
2022-04-28,212.47999572753906,213.3800048828125,208.6999969482422,211.1699981689453,204.4083709716797,1986700
2022-04-29,209.80999755859375,211.2899932861328,205.8699951171875,206.4499969482422,199.83946228027344,2360000
2022-05-02,208.07000732421875,208.25,201.60000610351562,205.1699981689453,198.60043334960938,1743500
2022-05-03,206.77999877929688,210.0800018310547,206.02000427246094,207.5800018310547,200.9333038330078,1691400
2022-05-04,207.5800018310547,214.0800018310547,207.5800018310547,213.9600067138672,207.10903930664062,1711300
2022-05-05,212.1199951171875,213.2100067138672,206.5500030517578,208.0,201.33985900878906,1771900
2022-05-06,207.83999633789062,209.9199981689453,206.27000427246094,209.16000366210938,202.46270751953125,1454300
2022-05-09,207.85000610351562,208.64999389648438,204.38999938964844,205.11000061035156,198.54238891601562,2496800
2022-05-10,206.3000030517578,209.2100067138672,202.92999267578125,204.8699951171875,198.31005859375,1843400
2022-05-11,205.2899932861328,208.39999389648438,204.47999572753906,204.6300048828125,198.07777404785156,1793900
2022-05-12,205.27999877929688,205.67999267578125,202.13999938964844,205.44000244140625,198.86183166503906,1782100
2022-05-13,206.17999267578125,207.42999267578125,204.7100067138672,206.5399932861328,199.9265899658203,1378500
2022-05-16,206.5399932861328,210.07000732421875,205.47999572753906,208.0,201.33985900878906,1449000
2022-05-17,210.38999938964844,212.50999450683594,207.94000244140625,212.41000366210938,205.608642578125,1905400
2022-05-18,211.02000427246094,211.64999389648438,206.63999938964844,207.30999755859375,200.6719207763672,2036200
2022-05-19,205.41000366210938,206.3699951171875,199.36000061035156,203.8800048828125,197.35177612304688,2535200
2022-05-20,204.27999877929688,206.4600067138672,199.63999938964844,204.0,197.46795654296875,1939000
2022-05-23,206.4499969482422,208.6300048828125,204.83999633789062,207.30999755859375,200.6719207763672,1901800
2022-05-24,206.6300048828125,208.69000244140625,202.88999938964844,208.14999389648438,201.48501586914062,1219400
2022-05-25,207.55999755859375,209.9600067138672,207.30999755859375,207.97999572753906,201.32044982910156,1591700
2022-05-26,209.57000732421875,210.0,207.0500030517578,207.6999969482422,201.0494384765625,2216300
2022-05-27,208.27000427246094,210.89999389648438,207.1699981689453,210.88999938964844,204.13731384277344,1704900
2022-05-31,210.7100067138672,212.7899932861328,207.25,211.2899932861328,204.5244903564453,2722000
2022-06-01,211.47000122070312,211.6300048828125,205.63999938964844,208.63999938964844,201.95933532714844,1453300
2022-06-02,208.8699951171875,209.97999572753906,204.80999755859375,209.91000366210938,203.18870544433594,1533400
2022-06-03,208.13999938964844,210.91000366210938,207.83999633789062,208.52999877929688,201.85287475585938,1339800
2022-06-06,210.02000427246094,213.24000549316406,208.75999450683594,212.1300048828125,205.33761596679688,1556500
2022-06-07,210.50999450683594,213.7899932861328,209.8000030517578,213.6199951171875,206.77987670898438,1687800
2022-06-08,211.63999938964844,212.67999267578125,209.14999389648438,210.3300018310547,203.59524536132812,1259000
2022-06-09,210.3300018310547,210.97000122070312,206.10000610351562,206.25,199.64588928222656,1524100
2022-06-10,202.00999450683594,204.25,200.25,201.66000366210938,195.20285034179688,1719100
2022-06-13,198.6999969482422,201.4600067138672,196.42999267578125,197.61000061035156,191.2825469970703,1811400
2022-06-14,198.63999938964844,200.42999267578125,196.49000549316406,197.94000244140625,191.6019744873047,2202500
2022-06-15,200.6199951171875,202.94000244140625,196.74000549316406,199.27999877929688,192.89907836914062,2428800
2022-06-16,194.52000427246094,194.6199951171875,188.9600067138672,189.19000244140625,183.8980712890625,3189100
2022-06-17,190.0,190.75999450683594,187.36000061035156,189.33999633789062,184.04388427734375,5500700
2022-06-21,193.4199981689453,193.4199981689453,187.52000427246094,189.47000122070312,184.17022705078125,2863700
2022-06-22,187.4199981689453,191.25,187.0,189.52999877929688,184.2285919189453,2519300
2022-06-23,189.8699951171875,191.02000427246094,185.10000610351562,186.97000122070312,181.74017333984375,1312400
2022-06-24,188.0399932861328,194.63999938964844,187.0399932861328,194.52999877929688,189.08871459960938,2370900
2022-06-27,194.08999633789062,195.9499969482422,193.35000610351562,194.75,189.30255126953125,1292300
2022-06-28,196.5500030517578,197.88999938964844,194.24000549316406,194.41000366210938,188.97207641601562,940400
2022-06-29,195.75999450683594,196.13999938964844,193.4499969482422,193.77000427246094,188.34996032714844,963200
2022-06-30,192.00999450683594,197.0,191.2899932861328,196.5800018310547,191.0813751220703,1470900
2022-07-01,196.8000030517578,199.22999572753906,194.25999450683594,197.9199981689453,192.38389587402344,1470700
2022-07-05,195.80999755859375,195.82000732421875,189.63999938964844,193.13999938964844,187.7375946044922,1392800
2022-07-06,193.3800048828125,196.0399932861328,191.57000732421875,193.72000122070312,188.30136108398438,2024100
2022-07-07,195.60000610351562,197.4499969482422,194.16000366210938,194.6199951171875,189.17617797851562,1302800
2022-07-08,195.22000122070312,195.92999267578125,193.07000732421875,193.07000732421875,187.6695556640625,1148000
2022-07-11,193.00999450683594,194.6300048828125,192.5,193.55999755859375,188.14584350585938,1342200
2022-07-12,192.22999572753906,195.30999755859375,191.5800018310547,191.89999389648438,186.53228759765625,1457700
2022-07-13,190.67999267578125,192.24000549316406,189.8800048828125,190.0399932861328,184.7242889404297,1651000
2022-07-14,185.38999938964844,186.77999877929688,182.30999755859375,183.32000732421875,178.19227600097656,2024600
2022-07-15,185.5500030517578,186.49000549316406,183.4199981689453,184.19000244140625,179.03793334960938,2722200
2022-07-18,185.47000122070312,186.47000122070312,180.5,181.17999267578125,176.11212158203125,2430300
2022-07-19,183.27000427246094,186.4499969482422,182.64999389648438,185.72000122070312,180.52513122558594,2341400
2022-07-20,185.8800048828125,186.27999877929688,184.32000732421875,184.6999969482422,179.53366088867188,1970400
2022-07-21,183.3699951171875,184.22000122070312,181.14999389648438,184.00999450683594,178.86294555664062,2187100
2022-07-22,184.2899932861328,185.9499969482422,182.86000061035156,184.1300048828125,178.9796142578125,1451400
2022-07-25,185.00999450683594,188.5,184.10000610351562,187.2100067138672,181.97348022460938,1791000
2022-07-26,186.99000549316406,188.72999572753906,186.99000549316406,188.27999877929688,183.01353454589844,1790600
2022-07-27,190.16000366210938,193.1999969482422,185.05999755859375,187.0,181.7693328857422,2804100
2022-07-28,187.36000061035156,187.6999969482422,182.32000732421875,185.3800048828125,180.19464111328125,2458800
2022-07-29,185.94000244140625,189.2100067138672,185.94000244140625,188.63999938964844,183.3634490966797,2379500
2022-08-01,186.38999938964844,187.9199981689453,183.49000549316406,184.97999572753906,179.8058319091797,2266800
2022-08-02,185.39999389648438,188.08999633789062,184.02000427246094,184.33999633789062,179.18373107910156,2267500
2022-08-03,184.97000122070312,186.27000427246094,182.49000549316406,185.6999969482422,180.5056915283203,1671700
2022-08-04,185.16000366210938,187.35000610351562,184.57000732421875,185.08999633789062,179.9127655029297,1387000
2022-08-05,185.3699951171875,186.97000122070312,184.83999633789062,185.32000732421875,180.13633728027344,1282600
2022-08-08,186.1199951171875,187.6699981689453,185.5399932861328,186.55999755859375,181.3416290283203,1439600
2022-08-09,187.63999938964844,190.3300018310547,187.58999633789062,189.7100067138672,184.40353393554688,1556800
2022-08-10,191.0399932861328,192.0,190.16000366210938,191.60000610351562,186.2406768798828,1176500
2022-08-11,192.60000610351562,194.32000732421875,192.47000122070312,193.80999755859375,188.3888702392578,1427200
2022-08-12,194.52999877929688,197.58999633789062,194.2100067138672,197.5500030517578,192.0242462158203,942000
2022-08-15,195.5,197.97999572753906,195.4499969482422,196.7100067138672,191.20773315429688,1397700
2022-08-16,196.77999877929688,200.16000366210938,196.77999877929688,199.0500030517578,193.48228454589844,1193200
2022-08-17,197.69000244140625,201.16000366210938,197.25999450683594,200.94000244140625,195.31939697265625,951400
2022-08-18,200.9600067138672,202.4199981689453,200.7100067138672,202.41000366210938,196.748291015625,1064200
2022-08-19,202.52999877929688,202.72999572753906,200.41000366210938,200.5800018310547,194.969482421875,2016000
2022-08-22,198.0,198.41000366210938,196.5,197.02000427246094,191.50904846191406,1150900
2022-08-23,197.0,197.97999572753906,196.25999450683594,196.72999572753906,191.2271728515625,1048000
2022-08-24,195.60000610351562,196.72999572753906,194.35000610351562,196.41000366210938,190.9161376953125,776500
2022-08-25,196.9199981689453,197.89999389648438,195.67999267578125,197.50999450683594,191.98533630371094,708000
2022-08-26,198.25,198.25,193.35000610351562,193.50999450683594,188.0972442626953,1130200
2022-08-29,192.0800018310547,193.64999389648438,190.19000244140625,192.16000366210938,186.7849884033203,995900
2022-08-30,192.2899932861328,192.52000427246094,189.64999389648438,189.99000549316406,184.67572021484375,1119700
2022-08-31,190.17999267578125,192.11000061035156,189.0399932861328,189.0500030517578,183.7620086669922,1759700
2022-09-01,189.1300048828125,192.25,188.50999450683594,192.13999938964844,186.7655792236328,1205500
2022-09-02,193.75999450683594,195.86000061035156,190.0,190.8800048828125,185.5408172607422,1039500
2022-09-06,191.75,192.3300018310547,189.89999389648438,190.42999267578125,185.10337829589844,1098700
2022-09-07,190.64999389648438,194.1699981689453,190.36000061035156,193.67999267578125,188.26248168945312,1135500
2022-09-08,193.05999755859375,195.3800048828125,192.3300018310547,195.11000061035156,189.65249633789062,1560400
2022-09-09,195.5500030517578,196.27000427246094,194.44000244140625,195.0,189.54556274414062,1380700
2022-09-12,195.77000427246094,198.02000427246094,195.13999938964844,196.97999572753906,191.4701690673828,1133000
2022-09-13,194.7100067138672,195.9499969482422,192.9600067138672,193.1999969482422,187.79591369628906,1394800
2022-09-14,193.8800048828125,194.83999633789062,191.35000610351562,193.25999450683594,187.854248046875,1667500
2022-09-15,192.16000366210938,193.7899932861328,190.5800018310547,192.16000366210938,187.59066772460938,1476600
2022-09-16,190.10000610351562,191.3000030517578,188.60000610351562,189.25,184.74984741210938,3844900
2022-09-19,188.00999450683594,191.94000244140625,187.08999633789062,191.8800048828125,187.31732177734375,1205800
2022-09-20,190.44000244140625,190.44000244140625,185.61000061035156,187.5800018310547,183.11956787109375,1802900
2022-09-21,188.4600067138672,188.8800048828125,182.39999389648438,182.47000122070312,178.13107299804688,1325700
2022-09-22,182.64999389648438,183.30999755859375,180.77999877929688,181.49000549316406,177.1743621826172,1775800
2022-09-23,180.24000549316406,181.7100067138672,178.11000061035156,180.2899932861328,176.00289916992188,1880000
2022-09-26,179.2100067138672,179.60000610351562,173.77999877929688,174.74000549316406,170.5848846435547,1880800
2022-09-27,175.6300048828125,178.92999267578125,174.52000427246094,178.13999938964844,173.90403747558594,2213800
2022-09-28,178.83999633789062,181.9600067138672,177.47999572753906,180.32000732421875,176.03221130371094,1743500
2022-09-29,179.41000366210938,184.6300048828125,178.0,183.77999877929688,179.409912109375,2247700
2022-09-30,184.25,186.47999572753906,181.63999938964844,181.8800048828125,177.55511474609375,1916000
2022-10-03,183.4199981689453,187.75,181.22999572753906,187.10000610351562,182.65098571777344,1358900
2022-10-04,188.1300048828125,192.9600067138672,188.0500030517578,192.75999450683594,188.1763916015625,1592800
2022-10-05,191.1199951171875,192.4199981689453,190.25999450683594,190.6300048828125,186.0970458984375,987100
2022-10-06,190.10000610351562,190.2100067138672,188.0399932861328,188.82000732421875,184.330078125,1006300
2022-10-07,187.92999267578125,188.24000549316406,184.0500030517578,184.67999267578125,180.28851318359375,1271500
2022-10-10,186.24000549316406,187.5,184.44000244140625,184.9199981689453,180.5228271484375,1292000
2022-10-11,184.9199981689453,188.36000061035156,184.47000122070312,185.6999969482422,181.28427124023438,1175300
2022-10-12,185.6199951171875,188.3300018310547,184.2899932861328,185.0,180.6009063720703,1406000
2022-10-13,182.5500030517578,194.47000122070312,181.32000732421875,193.72999572753906,189.1233367919922,1557600
2022-10-14,194.58999633789062,195.69000244140625,188.05999755859375,188.77000427246094,184.28126525878906,2065600
2022-10-17,190.0,193.3300018310547,190.0,192.69000244140625,188.10806274414062,1610100
2022-10-18,197.0800018310547,197.32000732421875,192.5800018310547,194.64999389648438,190.02142333984375,1148400
2022-10-19,194.0,197.8300018310547,193.86000061035156,195.97999572753906,191.31983947753906,1415800
2022-10-20,194.02000427246094,196.08999633789062,191.57000732421875,192.2100067138672,187.63946533203125,1670200
2022-10-21,192.7899932861328,197.97000122070312,191.58999633789062,197.7899932861328,193.0867919921875,1529000
2022-10-24,199.3800048828125,205.00999450683594,199.3800048828125,203.3800048828125,198.54385375976562,2022900
2022-10-25,200.47000122070312,201.6300048828125,198.66000366210938,201.42999267578125,196.64022827148438,1967900
2022-10-26,213.6999969482422,214.02000427246094,203.14999389648438,204.14999389648438,199.2955322265625,2151500
2022-10-27,206.24000549316406,210.2100067138672,205.61000061035156,207.52999877929688,202.59519958496094,2061300
2022-10-28,209.25,214.88999938964844,208.82000732421875,214.5,209.39942932128906,1850300
2022-10-31,212.58999633789062,215.5,211.94000244140625,214.88999938964844,209.78016662597656,2559600
2022-11-01,215.4499969482422,216.0,213.30999755859375,213.47999572753906,208.4036865234375,2298300
2022-11-02,212.38999938964844,215.1699981689453,210.1699981689453,210.5399932861328,205.5335693359375,2227100
2022-11-03,209.07000732421875,211.6999969482422,207.8699951171875,209.63999938964844,204.65501403808594,1561800
2022-11-04,211.0,212.17999267578125,207.02999877929688,209.16000366210938,204.18641662597656,1864200
2022-11-07,210.35000610351562,213.89999389648438,209.1699981689453,212.08999633789062,207.0467529296875,2389400
2022-11-08,211.02000427246094,213.57000732421875,209.02000427246094,212.41000366210938,207.35914611816406,1384400
2022-11-09,212.0,213.5,209.75999450683594,210.1199951171875,205.12359619140625,1544100
2022-11-10,215.0399932861328,215.05999755859375,209.85000610351562,211.91000366210938,206.87103271484375,2436600
2022-11-11,213.9199981689453,214.27000427246094,205.42999267578125,206.25999450683594,201.35536193847656,2620200
2022-11-14,206.8300018310547,209.27000427246094,205.0399932861328,205.10000610351562,200.22296142578125,1555600
2022-11-15,206.9499969482422,206.9600067138672,203.2899932861328,206.6300048828125,201.71658325195312,1439800
2022-11-16,206.75999450683594,207.7899932861328,205.25,207.27999877929688,202.35113525390625,1144100
2022-11-17,206.08999633789062,209.99000549316406,206.00999450683594,209.0399932861328,204.06927490234375,854100
2022-11-18,211.49000549316406,212.19000244140625,208.22999572753906,210.13999938964844,205.1431121826172,1444200
2022-11-21,210.52000427246094,211.4499969482422,209.38999938964844,210.3800048828125,205.37741088867188,963000
2022-11-22,211.39999389648438,213.3800048828125,210.86000061035156,213.02000427246094,207.9546356201172,1302900
2022-11-23,213.0,214.52000427246094,213.0,214.14999389648438,209.05776977539062,1396300
2022-11-25,215.0,216.58999633789062,214.66000366210938,216.22999572753906,211.0883026123047,639400
2022-11-28,215.0800018310547,216.6699981689453,214.8699951171875,215.39999389648438,210.2780303955078,2027600
2022-11-29,215.60000610351562,217.13999938964844,214.74000549316406,216.67999267578125,211.527587890625,1270800
2022-11-30,215.52999877929688,220.0,215.3000030517578,219.58999633789062,214.36839294433594,3612300
2022-12-01,222.0,222.0,216.91000366210938,218.32000732421875,213.1286163330078,1746000
2022-12-02,217.19000244140625,219.41000366210938,216.38999938964844,219.16000366210938,213.94863891601562,1109700
2022-12-05,217.5500030517578,219.0800018310547,214.25,215.42999267578125,210.30731201171875,2214600
2022-12-06,215.67999267578125,218.24000549316406,215.00999450683594,217.6300048828125,212.45501708984375,1496700
2022-12-07,216.8000030517578,220.1300048828125,216.1999969482422,217.60000610351562,212.42575073242188,1762400
2022-12-08,218.3300018310547,219.3800048828125,217.61000061035156,219.17999267578125,213.96815490722656,1651600
2022-12-09,219.24000549316406,219.72000122070312,217.22000122070312,217.3300018310547,212.1621551513672,1356900
2022-12-12,217.1999969482422,218.14999389648438,215.6199951171875,217.52999877929688,212.35739135742188,1327100
2022-12-13,220.0,220.02000427246094,215.10000610351562,217.0399932861328,211.8790283203125,2063500
2022-12-14,217.3699951171875,221.10000610351562,215.27999877929688,216.82000732421875,211.66429138183594,1656500
2022-12-15,213.9199981689453,214.94000244140625,211.3300018310547,212.77000427246094,208.50877380371094,3117300
2022-12-16,211.33999633789062,213.25,209.02999877929688,211.67999267578125,207.44056701660156,3937100
2022-12-19,211.75,214.89999389648438,210.85000610351562,211.9600067138672,207.7149658203125,1156700
2022-12-20,213.2100067138672,216.24000549316406,212.19000244140625,214.6999969482422,210.4001007080078,1333400
2022-12-21,216.1199951171875,218.82000732421875,215.3000030517578,218.75999450683594,214.3787841796875,1275500
2022-12-22,216.72999572753906,219.32000732421875,215.0,217.38999938964844,213.03623962402344,1199000
2022-12-23,217.6999969482422,219.7100067138672,217.0800018310547,219.64999389648438,215.25096130371094,848000
2022-12-27,219.8000030517578,221.77000427246094,219.42999267578125,220.89999389648438,216.47593688964844,1468700
2022-12-28,221.27999877929688,222.3300018310547,219.77999877929688,219.82000732421875,215.41757202148438,1370500
2022-12-29,220.77000427246094,223.0500030517578,219.6999969482422,222.0800018310547,217.63230895996094,1268500
2022-12-30,221.17999267578125,221.97999572753906,218.88999938964844,220.60000610351562,216.18194580078125,1227300
2023-01-03,220.0,221.24000549316406,217.58999633789062,220.77000427246094,216.34854125976562,1804400
2023-01-04,221.91000366210938,225.25999450683594,221.35000610351562,224.39999389648438,219.90582275390625,1856800
2023-01-05,224.25,225.8000030517578,221.22000122070312,223.55999755859375,219.08265686035156,1542500
2023-01-06,225.02999877929688,230.27000427246094,224.3000030517578,228.86000061035156,224.27651977539062,1815400
2023-01-09,226.60000610351562,227.86000061035156,223.36000061035156,223.50999450683594,219.03367614746094,1778500
2023-01-10,223.91000366210938,225.47999572753906,223.07000732421875,224.77000427246094,220.26841735839844,1189200
2023-01-11,224.82000732421875,225.7100067138672,223.58999633789062,224.61000061035156,220.1116180419922,1480600
2023-01-12,224.52999877929688,226.85000610351562,223.0,225.60000610351562,221.08181762695312,1026200
2023-01-13,224.47999572753906,227.8699951171875,223.5800018310547,227.19000244140625,222.6399688720703,1081200
2023-01-17,227.77000427246094,227.77000427246094,223.88999938964844,224.6300048828125,220.1312255859375,2366900
2023-01-18,224.24000549316406,224.94000244140625,220.5399932861328,220.57000732421875,216.1525421142578,1439000
2023-01-19,220.77999877929688,221.2100067138672,217.6999969482422,219.25,214.8589630126953,1530200
2023-01-20,219.86000061035156,220.64999389648438,217.5500030517578,220.42999267578125,216.01535034179688,1464700
2023-01-23,220.74000549316406,223.80999755859375,220.35000610351562,223.58999633789062,219.112060546875,1754700
2023-01-24,223.3300018310547,229.5500030517578,202.6699981689453,228.35000610351562,223.7767333984375,1533000
2023-01-25,227.49000549316406,230.82000732421875,227.0,229.77000427246094,225.16830444335938,1640200
2023-01-26,229.77000427246094,231.2100067138672,228.67999267578125,231.11000061035156,226.48146057128906,1054400
2023-01-27,230.86000061035156,231.3699951171875,227.02000427246094,227.3300018310547,222.7771759033203,1493600
2023-01-30,227.3300018310547,228.2100067138672,224.8699951171875,226.07000732421875,221.5424041748047,1711400
2023-01-31,226.77999877929688,227.5500030517578,224.50999450683594,227.49000549316406,222.93394470214844,2385500
2023-02-01,217.61000061035156,220.97999572753906,212.2899932861328,213.44000244140625,209.1653594970703,3971300
2023-02-02,211.8800048828125,212.50999450683594,201.72999572753906,210.1699981689453,205.96083068847656,4027600
2023-02-03,211.02000427246094,211.82000732421875,208.25,209.83999633789062,205.637451171875,2874200
2023-02-06,210.0399932861328,214.4199981689453,209.0,213.85000610351562,209.56712341308594,2194400
2023-02-07,212.27000427246094,216.05999755859375,211.55999755859375,215.14999389648438,210.84107971191406,1760500
2023-02-08,213.77999877929688,218.0500030517578,213.00999450683594,215.35000610351562,211.03709411621094,2287200
2023-02-09,216.24000549316406,217.5,213.2899932861328,213.41000366210938,209.13595581054688,1775400
2023-02-10,213.72999572753906,215.14999389648438,213.1999969482422,214.69000244140625,210.3903045654297,1749300
2023-02-13,214.55999755859375,216.5800018310547,214.13999938964844,215.5,211.18408203125,1500100
2023-02-14,215.42999267578125,216.02000427246094,213.0,213.32000732421875,209.04774475097656,1596200
2023-02-15,212.25999450683594,213.36000061035156,211.75,212.9499969482422,208.68516540527344,1598800
2023-02-16,211.8800048828125,212.82000732421875,210.05999755859375,210.25999450683594,206.04901123046875,1415800
2023-02-17,210.25,211.6300048828125,209.10000610351562,210.61000061035156,206.39202880859375,1689500
2023-02-21,209.88999938964844,210.3000030517578,207.24000549316406,208.77000427246094,204.5888671875,1595600
2023-02-22,209.5800018310547,211.30999755859375,208.61000061035156,209.86000061035156,205.65704345703125,1191100
2023-02-23,210.13999938964844,211.64999389648438,207.05999755859375,208.60000610351562,204.42227172851562,1278800
2023-02-24,207.25999450683594,211.0399932861328,207.25999450683594,210.91000366210938,206.68600463867188,1996100
2023-02-27,211.8300018310547,213.57000732421875,211.36000061035156,211.67999267578125,207.44056701660156,2550000
2023-02-28,211.5500030517578,213.85000610351562,210.9600067138672,211.02000427246094,206.79380798339844,2017600
2023-03-01,210.00999450683594,211.61000061035156,209.25999450683594,209.5,205.30426025390625,1862100
2023-03-02,208.66000366210938,209.39999389648438,206.91000366210938,208.39999389648438,204.2262725830078,1509700
2023-03-03,208.52999877929688,209.11000061035156,206.44000244140625,207.10000610351562,202.95233154296875,1917400
2023-03-06,207.85000610351562,208.6300048828125,207.5,208.05999755859375,203.89309692382812,2481700
2023-03-07,208.38999938964844,208.38999938964844,205.55999755859375,206.8000030517578,202.6583251953125,1367800
2023-03-08,206.8000030517578,207.77999877929688,201.85000610351562,203.3699951171875,199.29701232910156,1286400
2023-03-09,203.8800048828125,204.05999755859375,197.64999389648438,198.8699951171875,194.8871307373047,1520700
2023-03-10,198.5,200.86000061035156,197.5399932861328,198.39999389648438,194.42652893066406,2483800
2023-03-13,195.0,195.82000732421875,190.22000122070312,191.97999572753906,188.1351318359375,2254100
2023-03-14,195.61000061035156,196.52999877929688,192.02000427246094,194.00999450683594,190.12448120117188,2953600
2023-03-15,189.4199981689453,191.08999633789062,185.27000427246094,187.39999389648438,183.64683532714844,2654400
2023-03-16,185.08999633789062,192.13999938964844,184.2899932861328,191.86000061035156,188.85398864746094,2403400
2023-03-17,192.47000122070312,195.3300018310547,186.64999389648438,186.8000030517578,183.87326049804688,4798600
2023-03-20,188.11000061035156,190.6300048828125,187.58999633789062,189.58999633789062,186.61953735351562,2301500
2023-03-21,193.19000244140625,195.2100067138672,191.8000030517578,194.2899932861328,191.2458953857422,2260200
2023-03-22,195.1999969482422,195.85000610351562,190.0,190.0399932861328,187.06246948242188,1406700
2023-03-23,190.32000732421875,190.50999450683594,184.97000122070312,186.00999450683594,183.0956268310547,1763100
2023-03-24,184.0,186.74000549316406,183.39999389648438,186.5500030517578,183.62716674804688,1855100
2023-03-27,189.10000610351562,190.75,187.4199981689453,188.9199981689453,185.96002197265625,1975500
2023-03-28,188.1199951171875,190.52000427246094,187.52000427246094,189.55999755859375,186.5900115966797,1316800
2023-03-29,191.72999572753906,193.5,191.2100067138672,193.25999450683594,190.23204040527344,1633700
2023-03-30,193.5500030517578,194.08999633789062,191.14999389648438,193.4199981689453,190.3895263671875,996600
2023-03-31,195.0399932861328,195.6999969482422,193.24000549316406,194.17999267578125,191.1376190185547,1989200
2023-04-03,194.4499969482422,197.4499969482422,194.4499969482422,196.67999267578125,193.5984344482422,1802900
2023-04-04,197.32000732421875,198.27000427246094,193.63999938964844,195.4600067138672,192.3975830078125,1110700
2023-04-05,194.32000732421875,197.22999572753906,194.32000732421875,195.99000549316406,192.91928100585938,1227300
2023-04-06,197.16000366210938,198.33999633789062,195.72999572753906,196.8000030517578,193.71656799316406,1248300
2023-04-10,197.0800018310547,197.9499969482422,195.13999938964844,196.02999877929688,192.95863342285156,946200
2023-04-11,196.6699981689453,198.74000549316406,195.60000610351562,198.0800018310547,194.97653198242188,1631500
2023-04-12,198.3000030517578,200.4199981689453,197.74000549316406,199.22999572753906,196.10850524902344,1508000
2023-04-13,196.86000061035156,200.60000610351562,196.77999877929688,200.1199951171875,196.98455810546875,1218700
2023-04-14,200.55999755859375,201.11000061035156,194.67999267578125,195.77999877929688,192.71255493164062,1415100
2023-04-17,195.77999877929688,198.24000549316406,194.7899932861328,198.2100067138672,195.1044921875,2183000
2023-04-18,199.13999938964844,202.00999450683594,198.4199981689453,201.69000244140625,198.5299530029297,1867700
2023-04-19,203.99000549316406,205.72000122070312,203.25999450683594,204.5,201.29592895507812,1620100
2023-04-20,203.9499969482422,205.25,202.8699951171875,203.9600067138672,200.76441955566406,1271800
2023-04-21,202.64999389648438,202.89999389648438,198.60000610351562,201.19000244140625,198.0377960205078,1812900
2023-04-24,201.27000427246094,202.7899932861328,200.2899932861328,200.57000732421875,197.4275360107422,995100
2023-04-25,199.7100067138672,201.3699951171875,199.49000549316406,201.17999267578125,198.02793884277344,1513700
2023-04-26,202.00999450683594,204.3300018310547,196.61000061035156,198.3699951171875,195.261962890625,2219500
2023-04-27,197.63999938964844,199.5399932861328,197.00999450683594,199.02999877929688,195.91163635253906,2089600
2023-04-28,198.6199951171875,202.6199951171875,198.57000732421875,201.55999755859375,198.40199279785156,2035400
2023-05-01,201.25,204.0800018310547,200.6199951171875,202.13999938964844,198.97291564941406,1264300
2023-05-02,201.24000549316406,201.6199951171875,197.05999755859375,200.5,197.3585968017578,1708300
2023-05-03,201.0500030517578,201.1999969482422,197.61000061035156,197.77999877929688,194.6812286376953,1283600
2023-05-04,197.27000427246094,197.6199951171875,194.3300018310547,195.47000122070312,192.4074249267578,1346000
2023-05-05,198.0,200.35000610351562,196.9199981689453,198.92999267578125,195.8131866455078,1395800
2023-05-08,200.02000427246094,200.55999755859375,198.44000244140625,199.66000366210938,196.53176879882812,1332400
2023-05-09,199.60000610351562,202.39999389648438,198.91000366210938,201.47999572753906,198.3232421875,1131200
2023-05-10,201.7899932861328,202.6300048828125,199.08999633789062,200.47000122070312,197.32907104492188,1001700
2023-05-11,199.8699951171875,201.75,199.02000427246094,201.38999938964844,198.23464965820312,1746500
2023-05-12,202.75,203.4600067138672,199.0,200.27000427246094,197.1322021484375,932700
2023-05-15,200.64999389648438,201.0,198.42999267578125,200.0500030517578,196.9156494140625,995300
2023-05-16,200.13999938964844,200.5,198.52000427246094,199.60000610351562,196.4727020263672,1220200
2023-05-17,200.60000610351562,201.5399932861328,198.61000061035156,198.92999267578125,195.8131866455078,1386500
2023-05-18,199.47000122070312,200.75999450683594,197.7100067138672,200.63999938964844,197.4964141845703,1504600
2023-05-19,202.0800018310547,202.60000610351562,200.2100067138672,201.17999267578125,198.02793884277344,1670400
2023-05-22,200.19000244140625,201.05999755859375,197.2100067138672,198.1999969482422,195.09463500976562,1952900
2023-05-23,198.10000610351562,199.1999969482422,196.38999938964844,196.44000244140625,193.36221313476562,1568500
2023-05-24,196.0800018310547,196.5,193.89999389648438,194.07000732421875,191.02935791015625,1784900
2023-05-25,192.8000030517578,193.0,189.67999267578125,190.58999633789062,187.6038818359375,2243400
2023-05-26,190.6300048828125,191.10000610351562,188.50999450683594,190.08999633789062,187.11170959472656,2618200
2023-05-30,190.27000427246094,191.00999450683594,188.99000549316406,190.10000610351562,187.12156677246094,1288400
2023-05-31,189.6699981689453,190.10000610351562,185.61000061035156,185.8000030517578,182.888916015625,5838700
2023-06-01,187.1300048828125,188.3699951171875,185.07000732421875,187.6999969482422,184.7591552734375,1560500
2023-06-02,188.41000366210938,193.25999450683594,188.2899932861328,192.36000061035156,189.3461456298828,1683500
2023-06-05,193.16000366210938,193.33999633789062,191.2100067138672,191.32000732421875,188.3224334716797,1214500
2023-06-06,190.63999938964844,191.9499969482422,190.08999633789062,191.6199951171875,188.6177215576172,1943700
2023-06-07,191.27999877929688,193.30999755859375,189.49000549316406,192.58999633789062,189.57254028320312,1570600
2023-06-08,192.64999389648438,192.8800048828125,190.63999938964844,191.60000610351562,188.59805297851562,1917100
2023-06-09,190.1300048828125,192.24000549316406,188.75,191.14999389648438,188.1551055908203,2500500
2023-06-12,190.8000030517578,191.52999877929688,189.47999572753906,190.5500030517578,187.56448364257812,1949400
2023-06-13,191.97000122070312,194.36000061035156,191.22000122070312,191.88999938964844,188.88351440429688,2551200
2023-06-14,191.6999969482422,192.42999267578125,188.58999633789062,188.83999633789062,185.88128662109375,2652800
2023-06-15,188.02000427246094,193.0,188.0,191.25999450683594,189.12464904785156,2631700
2023-06-16,192.39999389648438,195.85000610351562,191.9499969482422,194.94000244140625,192.76358032226562,3378500
2023-06-20,194.00999450683594,195.3300018310547,192.4499969482422,193.27000427246094,191.1122283935547,2321000
2023-06-21,192.8300018310547,195.17999267578125,191.6199951171875,193.9199981689453,191.75497436523438,1656300
2023-06-22,194.99000549316406,195.22999572753906,192.50999450683594,195.13999938964844,192.96133422851562,1493600
2023-06-23,194.30999755859375,195.13999938964844,193.00999450683594,193.24000549316406,191.08258056640625,2067200
2023-06-26,192.7100067138672,193.99000549316406,189.39999389648438,190.77999877929688,188.6500244140625,1649200
2023-06-27,190.8699951171875,192.0800018310547,189.74000549316406,189.75,187.63153076171875,1666700
2023-06-28,189.25,189.25,184.50999450683594,184.9199981689453,182.85545349121094,2680000
2023-06-29,184.2899932861328,189.32000732421875,183.7100067138672,189.10000610351562,186.98878479003906,2016200
2023-06-30,190.1300048828125,192.94000244140625,189.47999572753906,192.55999755859375,190.41015625,2117900
2023-07-03,191.8699951171875,193.13999938964844,190.67999267578125,192.3000030517578,190.15306091308594,499400
2023-07-05,190.8699951171875,191.30999755859375,188.27000427246094,191.1199951171875,188.98622131347656,1095400
2023-07-06,190.22000122070312,192.52999877929688,189.27000427246094,192.2100067138672,190.06405639648438,1353400
2023-07-07,190.0399932861328,194.0,190.0399932861328,191.52999877929688,189.3916473388672,1734000
2023-07-10,191.52999877929688,192.8800048828125,187.88999938964844,188.08999633789062,185.9900360107422,1253900
2023-07-11,187.89999389648438,192.1999969482422,187.77000427246094,192.11000061035156,189.96517944335938,1380400
2023-07-12,192.94000244140625,193.69000244140625,189.3300018310547,190.27999877929688,188.15560913085938,2024200
2023-07-13,188.44000244140625,190.6999969482422,188.0,190.0,187.87872314453125,1657200
2023-07-14,189.52999877929688,189.57000732421875,186.52000427246094,188.3300018310547,186.22738647460938,2514300
2023-07-17,188.3300018310547,193.22000122070312,188.27000427246094,191.6699981689453,189.53009033203125,1740100
2023-07-18,191.39999389648438,194.02000427246094,191.3000030517578,193.0,190.84523010253906,1998500
2023-07-19,193.7899932861328,194.49000549316406,192.6699981689453,193.19000244140625,191.03311157226562,1909900
2023-07-20,195.19000244140625,199.6199951171875,194.3699951171875,199.38999938964844,197.1638946533203,2655300
2023-07-21,200.1999969482422,200.6999969482422,198.32000732421875,199.80999755859375,197.57920837402344,1804900
2023-07-24,199.67999267578125,202.38999938964844,199.19000244140625,200.5399932861328,198.30105590820312,1579100
2023-07-25,200.0500030517578,200.38999938964844,195.36000061035156,195.52000427246094,193.3371124267578,1906300
2023-07-26,206.11000061035156,208.99000549316406,203.5800018310547,205.88999938964844,203.59132385253906,2890900
2023-07-27,207.0,211.97999572753906,206.02000427246094,211.1999969482422,208.842041015625,4022400
2023-07-28,211.9499969482422,211.9499969482422,205.60000610351562,205.97999572753906,203.68031311035156,2260200
2023-07-31,205.4199981689453,206.4600067138672,203.24000549316406,204.41000366210938,202.12783813476562,2164200
2023-08-01,205.19000244140625,206.47999572753906,203.07000732421875,203.22000122070312,200.95114135742188,1241600
2023-08-02,203.02999877929688,207.3000030517578,202.9499969482422,205.5500030517578,203.25511169433594,1564100
2023-08-03,205.22000122070312,205.35000610351562,202.66000366210938,202.89999389648438,200.63470458984375,1486000
2023-08-04,202.50999450683594,204.1199951171875,200.7100067138672,200.9199981689453,198.6768035888672,1489100
2023-08-07,202.27000427246094,205.07000732421875,201.8699951171875,203.02000427246094,200.7533721923828,1318000
2023-08-08,201.69000244140625,202.1699981689453,200.1199951171875,201.0800018310547,198.83502197265625,1571400
2023-08-09,200.67999267578125,202.9499969482422,200.1300048828125,201.0,198.75592041015625,1654900
2023-08-10,203.16000366210938,205.22999572753906,201.00999450683594,201.61000061035156,199.35910034179688,1717100
2023-08-11,201.10000610351562,202.82000732421875,200.6699981689453,201.77000427246094,199.517333984375,1328200
2023-08-14,202.50999450683594,202.55999755859375,200.52999877929688,201.6699981689453,199.41842651367188,1891200
2023-08-15,200.1699981689453,200.9199981689453,198.6999969482422,199.3699951171875,197.1441192626953,1321600
2023-08-16,199.27999877929688,202.88999938964844,199.2100067138672,202.02999877929688,199.77442932128906,1444200
2023-08-17,203.0,203.72999572753906,199.5,200.0399932861328,197.80662536621094,1550800
2023-08-18,199.41000366210938,200.92999267578125,198.92999267578125,199.89999389648438,197.668212890625,1303800
2023-08-21,200.24000549316406,200.9499969482422,198.10000610351562,200.0500030517578,197.8165283203125,1965200
2023-08-22,199.19000244140625,200.42999267578125,198.49000549316406,199.10000610351562,196.87713623046875,1254600
2023-08-23,199.5800018310547,201.33999633789062,199.5800018310547,201.27999877929688,199.03280639648438,1391000
2023-08-24,200.6999969482422,203.3800048828125,200.52000427246094,201.1699981689453,198.9240264892578,922300
2023-08-25,201.5800018310547,203.19000244140625,200.44000244140625,201.6300048828125,199.37889099121094,1228400
2023-08-28,201.8800048828125,202.67999267578125,199.92999267578125,200.77000427246094,198.52850341796875,1147800
2023-08-29,201.5,202.0,199.32000732421875,201.92999267578125,199.675537109375,1138600
2023-08-30,201.92999267578125,203.10000610351562,200.94000244140625,201.75999450683594,199.50743103027344,1392000
2023-08-31,202.5399932861328,202.60000610351562,200.17999267578125,200.8699951171875,198.6273651123047,1763200
2023-09-01,202.55999755859375,204.35000610351562,202.22000122070312,203.2899932861328,201.02035522460938,1247600
2023-09-05,202.47999572753906,203.1300048828125,199.72999572753906,200.05999755859375,197.826416015625,1787100
2023-09-06,199.42999267578125,202.52000427246094,198.6699981689453,201.94000244140625,199.6854248046875,1736300
2023-09-07,202.66000366210938,205.82000732421875,202.5500030517578,204.02000427246094,201.74221801757812,1662500
2023-09-08,204.02000427246094,206.5,203.99000549316406,204.6699981689453,202.3849639892578,1779100
2023-09-11,205.5,207.39999389648438,205.02000427246094,206.35000610351562,204.04620361328125,1257200
2023-09-12,206.82000732421875,209.77000427246094,206.25999450683594,208.2899932861328,205.9645233154297,1581000
2023-09-13,209.60000610351562,209.99000549316406,208.10000610351562,209.8699951171875,207.52688598632812,1637700
2023-09-14,210.24000549316406,212.3800048828125,209.3000030517578,211.97999572753906,210.47581481933594,1883300
2023-09-15,211.35000610351562,212.44000244140625,210.44000244140625,212.1999969482422,210.6942596435547,3842000
2023-09-18,212.1999969482422,214.3800048828125,210.99000549316406,214.11000061035156,212.59071350097656,1565200
2023-09-19,214.75,215.1199951171875,212.50999450683594,214.27000427246094,212.74957275390625,1936600
2023-09-20,215.0,216.10000610351562,213.5800018310547,213.75999450683594,212.24317932128906,2128200
2023-09-21,213.52000427246094,214.86000061035156,212.33999633789062,212.49000549316406,210.98219299316406,1465100
2023-09-22,212.35000610351562,214.57000732421875,212.35000610351562,213.0800018310547,211.56800842285156,1233000
2023-09-25,211.74000549316406,212.75999450683594,211.07000732421875,212.22999572753906,210.72402954101562,1029400
2023-09-26,211.77000427246094,213.24000549316406,211.02000427246094,211.97000122070312,210.46588134765625,1361200
2023-09-27,212.1699981689453,212.6999969482422,209.50999450683594,211.6300048828125,210.12831115722656,1551400
2023-09-28,212.52999877929688,213.25999450683594,211.86000061035156,212.27000427246094,210.76376342773438,1058700
2023-09-29,212.0,212.0399932861328,206.92999267578125,208.17999267578125,206.70277404785156,1716300
2023-10-02,206.99000549316406,207.36000061035156,205.5,206.39999389648438,204.93539428710938,1479600
2023-10-03,206.19000244140625,206.2899932861328,204.1699981689453,204.91000366210938,203.45599365234375,1483500
2023-10-04,204.97999572753906,207.85000610351562,204.14999389648438,207.6699981689453,206.19639587402344,1788200
2023-10-05,208.8300018310547,211.5,207.30999755859375,210.75999450683594,209.2644805908203,1619900
2023-10-06,210.4499969482422,211.22000122070312,209.0399932861328,209.5500030517578,208.0630645751953,1466700
2023-10-09,209.67999267578125,210.64999389648438,208.91000366210938,210.49000549316406,208.99639892578125,1233600
2023-10-10,210.86000061035156,211.32000732421875,208.0399932861328,209.6699981689453,208.1822052001953,1526200
2023-10-11,209.5399932861328,210.39999389648438,208.2100067138672,210.17999267578125,208.68858337402344,1759600
2023-10-12,210.99000549316406,211.83999633789062,208.41000366210938,209.33999633789062,207.85455322265625,1450700
2023-10-13,209.72000122070312,212.74000549316406,209.72000122070312,210.94000244140625,209.44320678710938,1600800
2023-10-16,212.0,215.4600067138672,212.0,214.02000427246094,212.5013427734375,1286400
2023-10-17,214.50999450683594,216.91000366210938,214.14999389648438,216.1300048828125,214.59637451171875,1120500
2023-10-18,216.25,218.6999969482422,214.6999969482422,215.16000366210938,213.6332550048828,1672600
2023-10-19,215.1300048828125,215.86000061035156,209.94000244140625,210.5500030517578,209.05596923828125,1818700
2023-10-20,209.39999389648438,211.4199981689453,207.27999877929688,207.99000549316406,206.51412963867188,1372000
2023-10-23,206.75,207.80999755859375,205.63999938964844,206.52000427246094,205.05455017089844,1366100
2023-10-24,207.47000122070312,211.74000549316406,207.47000122070312,211.44000244140625,209.9396514892578,2495600
2023-10-25,214.99000549316406,218.5,211.25999450683594,215.64999389648438,214.11976623535156,2927600
2023-10-26,216.8699951171875,217.5399932861328,212.3699951171875,213.08999633789062,211.57794189453125,2522000
2023-10-27,211.36000061035156,212.24000549316406,207.4600067138672,208.5500030517578,207.0701446533203,1881000
2023-10-30,210.25,214.3699951171875,210.25,213.6999969482422,212.18360900878906,2457700
2023-10-31,215.0500030517578,215.6699981689453,212.82000732421875,214.6199951171875,213.09707641601562,3328200
2023-11-01,215.8800048828125,221.64999389648438,215.30999755859375,220.30999755859375,218.7467041015625,2233000
2023-11-02,219.47999572753906,221.39999389648438,215.5399932861328,218.60000610351562,217.04884338378906,3388600
2023-11-03,219.63999938964844,219.99000549316406,216.44000244140625,218.7899932861328,217.23748779296875,2010000
2023-11-06,219.91000366210938,219.9499969482422,217.66000366210938,219.5500030517578,217.9921112060547,1409500
2023-11-07,219.1300048828125,220.1699981689453,218.58999633789062,218.94000244140625,217.3864288330078,1200500
2023-11-08,219.69000244140625,220.94000244140625,217.39999389648438,219.00999450683594,217.45591735839844,1279500
2023-11-09,219.63999938964844,220.4499969482422,218.4499969482422,218.8300018310547,217.27720642089844,1529600
2023-11-10,220.1699981689453,222.61000061035156,218.83999633789062,222.44000244140625,220.86158752441406,2492200
2023-11-13,222.9600067138672,224.2899932861328,221.30999755859375,222.0,220.42471313476562,1351500
2023-11-14,220.25,221.11000061035156,216.75,219.5500030517578,217.9921112060547,2597800
2023-11-15,219.5500030517578,220.52999877929688,216.25999450683594,218.22000122070312,216.67153930664062,2425000
2023-11-16,219.72999572753906,223.0800018310547,219.02999877929688,222.0,220.42471313476562,1680200
2023-11-17,222.0,223.91000366210938,221.52000427246094,222.6300048828125,221.0502471923828,1503600
2023-11-20,222.0,224.25,221.27000427246094,223.16000366210938,221.5764923095703,1406600
2023-11-21,224.5800018310547,226.41000366210938,223.25999450683594,225.2899932861328,223.6913604736328,1366200
2023-11-22,224.5500030517578,227.4600067138672,224.1199951171875,226.6699981689453,225.06158447265625,1302900
2023-11-24,227.39999389648438,228.9600067138672,226.4499969482422,227.0399932861328,225.428955078125,782500
2023-11-27,227.50999450683594,228.61000061035156,227.0399932861328,228.35000610351562,226.7296600341797,1373600
2023-11-28,227.94000244140625,228.0500030517578,224.69000244140625,224.99000549316406,223.3935089111328,1374300
2023-11-29,223.94000244140625,225.91000366210938,223.32000732421875,225.0800018310547,223.4828643798828,2326600
2023-11-30,225.0,230.3000030517578,224.50999450683594,229.42999267578125,227.80198669433594,5225900
2023-12-01,228.33999633789062,229.7100067138672,227.72999572753906,228.66000366210938,227.03746032714844,1576000
2023-12-04,228.4499969482422,230.39999389648438,227.50999450683594,228.1199951171875,226.50128173828125,2164600
2023-12-05,227.67999267578125,228.72999572753906,226.4600067138672,226.8800048828125,225.2700958251953,1636900
2023-12-06,227.0500030517578,227.8000030517578,222.8300018310547,224.2899932861328,222.69845581054688,1842900
2023-12-07,225.0,225.2899932861328,222.9199981689453,223.1300048828125,221.54669189453125,2204600
2023-12-08,222.89999389648438,223.4499969482422,221.63999938964844,222.91000366210938,221.32826232910156,2550900
2023-12-11,223.91000366210938,225.16000366210938,222.25,224.47000122070312,222.87718200683594,2119100
2023-12-12,225.52000427246094,227.97999572753906,224.77000427246094,227.07000732421875,225.458740234375,1795100
2023-12-13,226.91000366210938,228.24000549316406,225.77000427246094,226.11000061035156,224.5055389404297,2338600
2023-12-14,224.6300048828125,224.6300048828125,218.1699981689453,220.50999450683594,219.7812042236328,4839700
2023-12-15,219.2100067138672,221.8699951171875,217.5399932861328,220.07000732421875,219.34266662597656,5574700
2023-12-18,220.27000427246094,221.60000610351562,219.19000244140625,220.30999755859375,219.5818634033203,1492200
2023-12-19,220.27000427246094,221.8699951171875,219.4600067138672,221.80999755859375,221.076904296875,1854000
2023-12-20,220.27000427246094,221.4199981689453,218.72000122070312,218.80999755859375,218.08682250976562,1672200
2023-12-21,218.0800018310547,220.1699981689453,216.91000366210938,220.02000427246094,219.29283142089844,1572700
2023-12-22,220.8300018310547,221.72999572753906,220.2100067138672,220.77000427246094,220.0403594970703,1004500
2023-12-26,220.22999572753906,222.4499969482422,220.22999572753906,222.07000732421875,221.3360595703125,1134200
2023-12-27,221.00999450683594,223.08999633789062,221.00999450683594,222.69000244140625,221.95401000976562,1009400
2023-12-28,224.39999389648438,225.6199951171875,224.0800018310547,224.42999267578125,223.68824768066406,1327400
2023-12-29,224.39999389648438,226.6199951171875,224.27999877929688,226.0,225.25306701660156,1671600
2024-01-02,226.3699951171875,228.47999572753906,226.2899932861328,227.35000610351562,226.59861755371094,2399300
2024-01-03,229.0800018310547,229.49000549316406,226.35000610351562,226.41000366210938,225.66171264648438,1811100
2024-01-04,228.75,230.19000244140625,227.27999877929688,227.3000030517578,226.54876708984375,1583900
2024-01-05,228.72000122070312,229.1199951171875,226.6300048828125,227.6999969482422,226.94744873046875,1439200
2024-01-08,227.64999389648438,227.99000549316406,223.69000244140625,226.1999969482422,225.45240783691406,1535500
2024-01-09,226.1999969482422,226.1999969482422,222.86000061035156,225.30999755859375,224.56533813476562,1293300
2024-01-10,224.74000549316406,226.0800018310547,223.5500030517578,225.25,224.5055389404297,1716800
2024-01-11,226.0,228.08999633789062,224.74000549316406,227.7100067138672,226.95742797851562,1555100
2024-01-12,228.6999969482422,229.42999267578125,226.55999755859375,227.5500030517578,226.79794311523438,1446800
2024-01-16,227.82000732421875,228.63999938964844,226.05999755859375,227.72999572753906,226.9773406982422,1655000
2024-01-17,228.0,232.27999877929688,227.67999267578125,228.25,227.49563598632812,2164500
2024-01-18,228.19000244140625,230.24000549316406,226.74000549316406,230.02999877929688,229.26974487304688,1280500
2024-01-19,232.9199981689453,238.0399932861328,232.36000061035156,237.32000732421875,236.53565979003906,3549600
2024-01-22,237.6699981689453,240.3300018310547,237.6699981689453,239.0,238.21009826660156,2550200
2024-01-23,240.0,242.1300048828125,239.72999572753906,240.35000610351562,239.55564880371094,2228600
2024-01-24,241.74000549316406,244.33999633789062,241.25999450683594,241.5800018310547,240.7815704345703,2475000
2024-01-25,241.6999969482422,243.19000244140625,239.1699981689453,241.2100067138672,240.4127960205078,2020100
2024-01-26,241.0500030517578,241.5399932861328,240.1199951171875,241.24000549316406,240.4427032470703,1764000
2024-01-29,240.75,242.9199981689453,240.2100067138672,242.77000427246094,241.9676513671875,1738500
2024-01-30,243.58999633789062,243.99000549316406,242.1300048828125,243.1699981689453,242.36631774902344,2641100
2024-01-31,247.1999969482422,248.5500030517578,244.22000122070312,245.0,244.19027709960938,3530900
2024-02-01,244.72999572753906,245.8699951171875,242.36000061035156,244.9499969482422,244.1404266357422,2030000
2024-02-02,245.82000732421875,248.19000244140625,245.82000732421875,246.69000244140625,245.87469482421875,2094600
2024-02-05,246.32000732421875,249.6199951171875,245.82000732421875,249.25,248.4262237548828,2139000
2024-02-06,249.08999633789062,249.6199951171875,247.1300048828125,247.6699981689453,246.8514404296875,1425900
2024-02-07,247.64999389648438,248.35000610351562,245.86000061035156,246.88999938964844,246.0740203857422,1982500
2024-02-08,246.0500030517578,246.8300018310547,242.41000366210938,244.33999633789062,243.53245544433594,1630700
2024-02-09,243.32000732421875,247.27999877929688,243.32000732421875,247.2100067138672,246.39297485351562,1471200
2024-02-12,247.35000610351562,249.1999969482422,246.5,248.00999450683594,247.19032287597656,1234700
2024-02-13,248.91000366210938,250.30999755859375,244.9600067138672,246.82000732421875,246.00425720214844,1505000
2024-02-14,247.0,248.7899932861328,246.47000122070312,248.1199951171875,247.29995727539062,2054300
2024-02-15,248.3800048828125,251.75999450683594,248.27000427246094,251.05999755859375,250.23023986816406,1447900
2024-02-16,251.1699981689453,252.6999969482422,250.0,250.89999389648438,250.07077026367188,1329500
2024-02-20,250.3800048828125,252.55999755859375,250.1199951171875,250.50999450683594,249.6820526123047,1248200
2024-02-21,252.25999450683594,253.16000366210938,250.17999267578125,251.9600067138672,251.1272735595703,992000
2024-02-22,252.66000366210938,255.7100067138672,250.7100067138672,255.44000244140625,254.59576416015625,1233400
2024-02-23,256.4700012207031,257.6400146484375,254.7100067138672,256.010009765625,255.1638946533203,1153100
2024-02-26,256.1199951171875,257.8399963378906,254.67999267578125,254.83999633789062,253.99774169921875,1251800
2024-02-27,254.02000427246094,255.02000427246094,253.0800018310547,254.8699951171875,254.02764892578125,959100
2024-02-28,255.0,255.0,253.42999267578125,253.5800018310547,252.74191284179688,1429900
2024-02-29,253.94000244140625,253.94000244140625,250.4499969482422,251.6699981689453,250.83822631835938,2396900
2024-03-01,251.25,251.97999572753906,249.89999389648438,250.6199951171875,249.79168701171875,1634600
2024-03-04,249.4600067138672,250.6300048828125,248.07000732421875,248.25999450683594,247.43948364257812,2003700
2024-03-05,248.25,249.91000366210938,247.86000061035156,249.36000061035156,248.53585815429688,1440100
2024-03-06,249.61000061035156,251.17999267578125,247.5800018310547,250.5500030517578,249.721923828125,1774400
2024-03-07,250.1699981689453,251.5399932861328,248.4600067138672,248.82000732421875,247.99765014648438,1720600
2024-03-08,248.5800018310547,249.6999969482422,247.17999267578125,248.80999755859375,247.9876708984375,1339200
2024-03-11,248.5,255.8800048828125,248.3000030517578,255.0,254.1572265625,2152800
2024-03-12,254.8800048828125,258.1499938964844,254.24000549316406,257.75,256.89813232421875,1938300
2024-03-13,258.489990234375,260.5799865722656,257.6300048828125,260.2099914550781,259.3500061035156,1672100
2024-03-14,257.4700012207031,259.55999755859375,255.22000122070312,257.6300048828125,257.6300048828125,1505400
2024-03-15,255.3300018310547,258.75,255.3300018310547,256.2900085449219,256.2900085449219,3390900
2024-03-18,256.5199890136719,258.2900085449219,256.010009765625,257.6400146484375,257.6400146484375,1267400
2024-03-19,259.0,259.69000244140625,258.07000732421875,258.4800109863281,258.4800109863281,1611200
2024-03-20,258.0799865722656,260.0899963378906,257.6300048828125,258.510009765625,258.510009765625,1774800
2024-03-21,257.5899963378906,258.0,255.83999633789062,256.30999755859375,256.30999755859375,2748100
2024-03-22,256.6000061035156,257.32000732421875,255.39999389648438,255.50999450683594,255.50999450683594,1198200
2024-03-25,256.0799865722656,256.8999938964844,255.0399932861328,255.61000061035156,255.61000061035156,1332300
2024-03-26,254.77999877929688,257.55999755859375,254.41000366210938,256.0799865722656,256.0799865722656,2359200
2024-03-27,256.9800109863281,258.5899963378906,256.6000061035156,258.5,258.5,1493600
2024-03-28,259.17999267578125,259.9200134277344,257.9599914550781,259.1300048828125,259.1300048828125,1878900
2024-04-01,258.9700012207031,259.0,256.6000061035156,257.3999938964844,257.3999938964844,753400
2024-04-02,257.8599853515625,258.2799987792969,256.05999755859375,256.3399963378906,256.3399963378906,928900
2024-04-03,256.05999755859375,257.0,254.60000610351562,254.7899932861328,254.7899932861328,1102200
2024-04-04,255.30999755859375,257.07000732421875,252.02000427246094,252.22999572753906,252.22999572753906,1331000
2024-04-05,254.0,254.7100067138672,252.4499969482422,252.89999389648438,252.89999389648438,1266200
2024-04-08,252.55999755859375,253.8800048828125,251.82000732421875,253.16000366210938,253.16000366210938,1271200
2024-04-09,253.32000732421875,253.69000244140625,246.85000610351562,248.02999877929688,248.02999877929688,1425000
2024-04-10,248.39999389648438,250.57000732421875,247.07000732421875,248.0,248.0,1341600
2024-04-11,247.0,247.05999755859375,244.05999755859375,244.52999877929688,244.52999877929688,2163800
2024-04-12,244.5800018310547,246.00999450683594,243.82000732421875,245.80999755859375,245.80999755859375,1506600
2024-04-15,249.35000610351562,249.38999938964844,244.2100067138672,244.44000244140625,244.44000244140625,1478700
2024-04-16,245.91000366210938,246.63999938964844,244.6199951171875,245.2100067138672,245.2100067138672,1257300
2024-04-17,243.5800018310547,244.99000549316406,241.3800048828125,243.52999877929688,243.52999877929688,1797200
2024-04-18,245.1999969482422,246.0800018310547,244.41000366210938,245.38999938964844,245.38999938964844,1565900
2024-04-19,247.0399932861328,250.6300048828125,244.97000122070312,250.2100067138672,250.2100067138672,2573600
2024-04-22,251.02000427246094,253.57000732421875,250.0,251.5,251.5,1639100
2024-04-23,251.82000732421875,252.9499969482422,249.13999938964844,249.8800048828125,249.8800048828125,1917300
2024-04-24,240.57000732421875,243.61000061035156,238.85000610351562,243.00999450683594,243.00999450683594,3228800
2024-04-25,242.75,246.36000061035156,242.25,245.9600067138672,245.9600067138672,1920500
2024-04-26,243.99000549316406,246.91000366210938,243.13999938964844,245.4499969482422,245.4499969482422,1565900
2024-04-29,245.57000732421875,249.35000610351562,245.50999450683594,249.22000122070312,249.22000122070312,2218400
2024-04-30,249.66000366210938,250.3000030517578,248.25,248.63999938964844,248.63999938964844,1862800
2024-05-01,249.1300048828125,251.74000549316406,249.1300048828125,249.92999267578125,249.92999267578125,1158400
2024-05-02,250.52000427246094,251.33999633789062,248.5399932861328,250.25,250.25,1588700
2024-05-03,248.92999267578125,250.4499969482422,244.83999633789062,248.5399932861328,248.5399932861328,1444700
2024-05-06,250.17999267578125,252.08999633789062,249.89999389648438,252.0500030517578,252.0500030517578,761900
2024-05-07,252.9499969482422,253.17999267578125,251.74000549316406,251.9499969482422,251.9499969482422,1223600
2024-05-08,253.5,253.61000061035156,251.3300018310547,251.6300048828125,251.6300048828125,1398900
2024-05-09,251.25999450683594,254.3300018310547,250.89999389648438,254.0399932861328,254.0399932861328,1128900
2024-05-10,255.0,255.49000549316406,253.6199951171875,254.83999633789062,254.83999633789062,660200
2024-05-13,255.02999877929688,255.44000244140625,253.19000244140625,254.5399932861328,254.5399932861328,1001900
2024-05-14,254.44000244140625,255.19000244140625,252.58999633789062,253.16000366210938,253.16000366210938,1163800
2024-05-15,252.39999389648438,253.72000122070312,251.99000549316406,252.97000122070312,252.97000122070312,1116100
2024-05-16,269.6600036621094,270.1600036621094,260.5,264.8800048828125,264.8800048828125,4866800
2024-05-17,267.3999938964844,275.4100036621094,266.2099914550781,274.2799987792969,274.2799987792969,4303300
2024-05-20,274.739990234375,275.3699951171875,264.0299987792969,264.1400146484375,264.1400146484375,2071200
2024-05-21,264.9599914550781,267.2900085449219,264.6199951171875,265.0,265.0,1413100
2024-05-22,265.1000061035156,268.95001220703125,265.0199890136719,267.44000244140625,267.44000244140625,1687300
2024-05-23,268.75,268.75,262.5199890136719,263.0799865722656,263.0799865722656,1404000
2024-05-24,263.7799987792969,265.45001220703125,263.5299987792969,264.760009765625,264.760009765625,862600
